time,tug_id,B,C,D,E,F,G,H,M
0,0,50.0,50.0,50.0,50.0,50.0,50.0,50.0,50.0
0,1,50.0,50.0,50.0,50.0,50.0,50.0,50.0,50.0
0,2,50.0,50.0,50.0,50.0,50.0,50.0,50.0,50.0
0,3,50.0,50.0,50.0,50.0,50.0,50.0,50.0,50.0
0,4,50.0,50.0,50.0,50.0,50.0,50.0,50.0,50.0
0,5,50.0,50.0,50.0,50.0,50.0,50.0,50.0,50.0
0,6,50.0,50.0,50.0,50.0,50.0,50.0,50.0,50.0
0,7,50.0,50.0,50.0,50.0,50.0,50.0,50.0,50.0
0,8,50.0,50.0,50.0,50.0,50.0,50.0,50.0,50.0
0,9,50.0,50.0,50.0,50.0,50.0,50.0,50.0,50.0
0,10,50.0,50.0,50.0,50.0,50.0,50.0,50.0,50.0
0,11,50.0,50.0,50.0,50.0,50.0,50.0,50.0,50.0
0,12,50.0,50.0,50.0,50.0,50.0,50.0,50.0,50.0
0,13,50.0,50.0,50.0,50.0,50.0,50.0,50.0,50.0
0,14,50.0,50.0,50.0,50.0,50.0,50.0,50.0,50.0
0,15,50.0,50.0,50.0,50.0,50.0,50.0,50.0,50.0
0,16,50.0,50.0,50.0,50.0,50.0,50.0,50.0,50.0
0,17,50.0,50.0,50.0,50.0,50.0,50.0,50.0,50.0
0,18,50.0,50.0,50.0,50.0,50.0,50.0,50.0,50.0
0,19,50.0,50.0,50.0,50.0,50.0,50.0,50.0,50.0
0,20,50.0,50.0,50.0,50.0,50.0,50.0,50.0,50.0
0,21,50.0,50.0,50.0,50.0,50.0,50.0,50.0,50.0
0,22,50.0,50.0,50.0,50.0,50.0,50.0,50.0,50.0
0,23,50.0,50.0,50.0,50.0,50.0,50.0,50.0,50.0
0,24,50.0,50.0,50.0,50.0,50.0,50.0,50.0,50.0
0,25,50.0,50.0,50.0,50.0,50.0,50.0,50.0,50.0
0,26,50.0,50.0,50.0,50.0,50.0,50.0,50.0,50.0
0,27,50.0,50.0,50.0,50.0,50.0,50.0,50.0,50.0
0,28,50.0,50.0,50.0,50.0,50.0,50.0,50.0,50.0
0,29,50.0,50.0,50.0,50.0,50.0,50.0,50.0,50.0
600,0,50.0,50.0,50.0,50.0,50.0,50.0,50.0,50.0
600,1,50.0,50.0,50.0,50.0,50.0,50.0,50.0,50.0
600,2,50.0,50.0,50.0,50.0,50.0,50.0,50.0,50.0
600,3,50.0,50.0,50.0,50.0,50.0,50.0,50.0,50.0
600,4,50.0,50.0,50.0,50.0,50.0,50.0,50.0,50.0
600,5,50.0,50.0,50.0,50.0,50.0,50.0,50.0,50.0
600,6,50.0,50.0,50.0,50.0,50.0,50.0,50.0,50.0
600,7,50.0,50.0,50.0,50.0,50.0,50.0,50.0,50.0
600,8,50.0,50.0,50.0,50.0,50.0,50.0,50.0,50.0
600,9,50.0,50.0,50.0,50.0,50.0,50.0,50.0,50.0
600,10,50.0,50.0,50.0,50.0,50.0,50.0,50.0,50.0
600,11,50.0,50.0,50.0,50.0,50.0,50.0,50.0,50.0
600,12,50.0,50.0,50.0,50.0,50.0,50.0,50.0,50.0
600,13,50.0,50.0,50.0,50.0,50.0,50.0,50.0,50.0
600,14,50.0,50.0,50.0,50.0,50.0,50.0,50.0,50.0
600,15,50.0,50.0,50.0,50.0,50.0,50.0,50.0,50.0
600,16,50.0,50.0,50.0,50.0,50.0,50.0,50.0,50.0
600,17,50.0,50.0,50.0,50.0,50.0,50.0,50.0,50.0
600,18,50.0,50.0,50.0,50.0,50.0,50.0,50.0,50.0
600,19,50.0,50.0,50.0,50.0,50.0,50.0,50.0,50.0
600,20,50.0,50.0,50.0,50.0,50.0,50.0,50.0,50.0
600,21,50.0,50.0,50.0,50.0,50.0,50.0,50.0,50.0
600,22,50.0,50.0,50.0,50.0,50.0,50.0,50.0,50.0
600,23,50.0,50.0,50.0,50.0,50.0,50.0,50.0,50.0
600,24,50.0,50.0,50.0,50.0,50.0,50.0,50.0,50.0
600,25,50.0,50.0,50.0,50.0,50.0,50.0,50.0,50.0
600,26,50.0,50.0,50.0,50.0,50.0,50.0,50.0,50.0
600,27,50.0,50.0,50.0,50.0,50.0,50.0,50.0,50.0
600,28,50.0,50.0,50.0,50.0,50.0,50.0,50.0,50.0
600,29,50.0,50.0,50.0,50.0,50.0,50.0,50.0,50.0
1200,0,50.0,50.0,50.0,50.0,50.0,50.0,50.0,50.0
1200,1,50.0,50.0,50.0,50.0,50.0,50.0,50.0,50.0
1200,2,50.0,50.0,50.0,50.0,50.0,50.0,50.0,50.0
1200,3,50.0,50.0,50.0,50.0,50.0,50.0,50.0,50.0
1200,4,50.0,50.0,50.0,50.0,50.0,50.0,50.0,50.0
1200,5,50.0,50.0,50.0,50.0,50.0,50.0,50.0,50.0
1200,6,50.0,50.0,50.0,50.0,50.0,50.0,50.0,50.0
1200,7,50.0,50.0,50.0,50.0,50.0,50.0,50.0,50.0
1200,8,50.0,50.0,50.0,50.0,50.0,50.0,50.0,50.0
1200,9,50.0,50.0,50.0,50.0,50.0,50.0,50.0,50.0
1200,10,50.0,50.0,50.0,50.0,50.0,50.0,50.0,50.0
1200,11,50.0,50.0,50.0,50.0,50.0,50.0,50.0,50.0
1200,12,50.0,50.0,50.0,50.0,50.0,50.0,50.0,50.0
1200,13,50.0,50.0,50.0,50.0,50.0,50.0,50.0,50.0
1200,14,50.0,50.0,50.0,50.0,50.0,50.0,50.0,50.0
1200,15,50.0,50.0,50.0,50.0,50.0,50.0,50.0,50.0
1200,16,50.0,50.0,50.0,50.0,50.0,50.0,50.0,50.0
1200,17,50.0,50.0,50.0,50.0,50.0,50.0,50.0,50.0
1200,18,50.0,50.0,50.0,50.0,50.0,50.0,50.0,50.0
1200,19,50.0,50.0,50.0,50.0,50.0,50.0,50.0,50.0
1200,20,50.0,50.0,50.0,50.0,50.0,50.0,50.0,50.0
1200,21,50.0,50.0,50.0,50.0,50.0,50.0,50.0,50.0
1200,22,50.0,50.0,50.0,50.0,50.0,50.0,50.0,50.0
1200,23,50.0,50.0,50.0,50.0,50.0,50.0,50.0,50.0
1200,24,50.0,50.0,50.0,50.0,50.0,50.0,50.0,50.0
1200,25,50.0,50.0,50.0,50.0,50.0,50.0,50.0,50.0
1200,26,50.0,50.0,50.0,50.0,50.0,50.0,50.0,50.0
1200,27,50.0,50.0,50.0,50.0,50.0,50.0,50.0,50.0
1200,28,50.0,50.0,50.0,50.0,50.0,50.0,50.0,50.0
1200,29,50.0,50.0,50.0,50.0,50.0,50.0,50.0,50.0
1800,0,50.0,50.0,50.1,50.0,50.0,50.0,50.0,50.0
1800,1,50.0,50.0,50.1,50.0,50.0,50.0,50.0,50.0
1800,2,50.0,50.0,50.1,50.0,50.0,50.0,50.0,50.0
1800,3,50.0,50.0,50.1,50.0,50.0,50.0,50.0,50.0
1800,4,50.0,50.0,50.1,50.0,50.0,50.0,50.0,50.0
1800,5,50.0,50.0,50.1,50.0,50.0,50.0,50.0,50.0
1800,6,50.0,50.0,50.1,50.0,50.0,50.0,50.0,50.0
1800,7,50.0,50.0,50.1,50.0,50.0,50.0,50.0,50.0
1800,8,50.0,50.0,50.1,50.0,50.0,50.0,50.0,50.0
1800,9,50.0,50.0,50.1,50.0,50.0,50.0,50.0,50.0
1800,10,50.0,50.0,50.1,50.0,50.0,50.0,50.0,50.0
1800,11,50.0,50.0,50.1,50.0,50.0,50.0,50.0,50.0
1800,12,50.0,50.0,50.1,50.0,50.0,50.0,50.0,50.0
1800,13,50.0,50.0,50.1,50.0,50.0,50.0,50.0,50.0
1800,14,50.0,50.0,50.1,50.0,50.0,50.0,50.0,50.0
1800,15,50.0,50.0,50.1,50.0,50.0,50.0,50.0,50.0
1800,16,50.0,50.0,50.1,50.0,50.0,50.0,50.0,50.0
1800,17,50.0,50.0,48.0,50.0,50.0,50.0,50.0,50.0
1800,18,50.0,50.0,50.1,50.0,50.0,50.0,50.0,50.0
1800,19,50.0,50.0,50.1,50.0,50.0,50.0,50.0,50.0
1800,20,50.0,50.0,50.1,50.0,50.0,50.0,50.0,50.0
1800,21,50.0,50.0,50.1,50.0,50.0,50.0,50.0,50.0
1800,22,50.0,50.0,50.1,50.0,50.0,50.0,50.0,50.0
1800,23,50.0,50.0,50.1,50.0,50.0,50.0,50.0,50.0
1800,24,50.0,50.0,50.1,50.0,50.0,50.0,50.0,50.0
1800,25,50.0,50.0,50.1,50.0,50.0,50.0,50.0,50.0
1800,26,50.0,50.0,50.1,50.0,50.0,50.0,50.0,50.0
1800,27,50.0,50.0,50.1,50.0,50.0,50.0,50.0,50.0
1800,28,50.0,50.0,50.1,50.0,50.0,50.0,50.0,50.0
1800,29,50.0,50.0,50.1,50.0,50.0,50.0,50.0,50.0
2400,0,50.0,50.0,50.1,50.0,50.0,50.0,50.0,50.0
2400,1,50.0,50.0,50.1,50.0,50.0,50.0,50.0,50.0
2400,2,50.0,50.0,50.1,50.0,50.0,50.0,50.0,50.0
2400,3,50.0,50.0,50.1,50.0,50.0,50.0,50.0,50.0
2400,4,50.0,50.0,50.1,50.0,50.0,50.0,50.0,50.0
2400,5,50.0,50.0,50.1,50.0,50.0,50.0,50.0,50.0
2400,6,50.0,50.0,50.1,50.0,50.0,50.0,50.0,50.0
2400,7,50.0,50.0,50.1,50.0,50.0,50.0,50.0,50.0
2400,8,50.0,50.0,50.1,50.0,50.0,50.0,50.0,50.0
2400,9,50.0,50.0,50.1,50.0,50.0,50.0,50.0,50.0
2400,10,50.0,50.0,50.1,50.0,50.0,50.0,50.0,50.0
2400,11,50.0,50.0,50.1,50.0,50.0,50.0,50.0,50.0
2400,12,50.0,50.0,50.1,50.0,50.0,50.0,50.0,50.0
2400,13,50.0,50.0,50.1,50.0,50.0,50.0,50.0,50.0
2400,14,50.0,50.0,50.1,50.0,50.0,50.0,50.0,50.0
2400,15,50.0,50.0,50.1,50.0,50.0,50.0,50.0,50.0
2400,16,50.0,50.0,50.1,50.0,50.0,50.0,50.0,50.0
2400,17,50.0,50.0,48.0,50.0,50.0,50.0,50.0,50.0
2400,18,50.0,50.0,50.1,50.0,50.0,50.0,50.0,50.0
2400,19,50.0,50.0,50.1,50.0,50.0,50.0,50.0,50.0
2400,20,50.0,50.0,50.1,50.0,50.0,50.0,50.0,50.0
2400,21,50.0,50.0,50.1,50.0,50.0,50.0,50.0,50.0
2400,22,50.0,50.0,50.1,50.0,50.0,50.0,50.0,50.0
2400,23,50.0,50.0,50.1,50.0,50.0,50.0,50.0,50.0
2400,24,50.0,50.0,50.1,50.0,50.0,50.0,50.0,50.0
2400,25,50.0,50.0,50.1,50.0,50.0,50.0,50.0,50.0
2400,26,50.0,50.0,50.1,50.0,50.0,50.0,50.0,50.0
2400,27,50.0,50.0,50.1,50.0,50.0,50.0,50.0,50.0
2400,28,50.0,50.0,50.1,50.0,50.0,50.0,50.0,50.0
2400,29,50.0,50.0,50.1,50.0,50.0,50.0,50.0,50.0
3000,0,50.0,50.0,50.1,50.0,50.0,50.0,50.0,50.0
3000,1,50.0,50.0,50.1,50.0,50.0,50.0,50.0,50.0
3000,2,50.0,50.0,50.1,50.0,50.0,50.0,50.0,50.0
3000,3,50.0,50.0,50.1,50.0,50.0,50.0,50.0,50.0
3000,4,50.0,50.0,50.1,50.0,50.0,50.0,50.0,50.0
3000,5,50.0,50.0,50.1,50.0,50.0,50.0,50.0,50.0
3000,6,50.0,50.0,50.1,50.0,50.0,50.0,50.0,50.0
3000,7,50.0,50.0,50.1,50.0,50.0,50.0,50.0,50.0
3000,8,50.0,50.0,50.1,50.0,50.0,50.0,50.0,50.0
3000,9,50.0,50.0,50.1,50.0,50.0,50.0,50.0,50.0
3000,10,50.0,50.0,50.1,50.0,50.0,50.0,50.0,50.0
3000,11,50.0,50.0,50.1,50.0,50.0,50.0,50.0,50.0
3000,12,50.0,50.0,50.1,50.0,50.0,50.0,50.0,50.0
3000,13,50.0,50.0,50.1,50.0,50.0,50.0,50.0,50.0
3000,14,50.0,50.0,50.1,50.0,50.0,50.0,50.0,50.0
3000,15,50.0,50.0,50.1,50.0,50.0,50.0,50.0,50.0
3000,16,50.0,50.0,50.1,50.0,50.0,50.0,50.0,50.0
3000,17,50.0,50.0,48.0,50.0,50.0,50.0,50.0,50.0
3000,18,50.0,50.0,50.1,50.0,50.0,50.0,50.0,50.0
3000,19,50.0,50.0,50.1,50.0,50.0,50.0,50.0,50.0
3000,20,50.0,50.0,50.1,50.0,50.0,50.0,50.0,50.0
3000,21,50.0,50.0,50.1,50.0,50.0,50.0,50.0,50.0
3000,22,50.0,50.0,50.1,50.0,50.0,50.0,50.0,50.0
3000,23,50.0,50.0,50.1,50.0,50.0,50.0,50.0,50.0
3000,24,50.0,50.0,50.1,50.0,50.0,50.0,50.0,50.0
3000,25,50.0,50.0,50.1,50.0,50.0,50.0,50.0,50.0
3000,26,50.0,50.0,50.1,50.0,50.0,50.0,50.0,50.0
3000,27,50.0,50.0,50.1,50.0,50.0,50.0,50.0,50.0
3000,28,50.0,50.0,50.1,50.0,50.0,50.0,50.0,50.0
3000,29,50.0,50.0,50.1,50.0,50.0,50.0,50.0,50.0
3600,0,50.0,50.0,50.1,50.0,50.0,50.0,50.0,50.0
3600,1,50.0,50.0,50.1,50.0,50.0,50.0,50.0,50.0
3600,2,50.0,50.0,50.1,50.0,50.0,50.0,50.0,50.0
3600,3,50.0,50.0,50.1,50.0,50.0,50.0,50.0,50.0
3600,4,50.0,50.0,50.1,50.0,50.0,50.0,50.0,50.0
3600,5,50.0,50.0,50.1,50.0,50.0,50.0,50.0,50.0
3600,6,50.0,50.0,50.1,50.0,50.0,50.0,50.0,50.0
3600,7,50.0,50.0,50.1,50.0,50.0,50.0,50.0,50.0
3600,8,50.0,50.0,50.1,50.0,50.0,50.0,50.0,50.0
3600,9,50.0,50.0,50.1,50.0,50.0,50.0,50.0,50.0
3600,10,50.0,50.0,50.1,50.0,50.0,50.0,50.0,50.0
3600,11,50.0,50.0,50.1,50.0,50.0,50.0,50.0,50.0
3600,12,50.0,50.0,50.1,50.0,50.0,50.0,50.0,50.0
3600,13,50.0,50.0,50.1,50.0,50.0,50.0,50.0,50.0
3600,14,50.0,50.0,50.1,50.0,50.0,50.0,50.0,50.0
3600,15,50.0,50.0,50.1,50.0,50.0,50.0,50.0,50.0
3600,16,50.0,50.0,50.1,50.0,50.0,50.0,50.0,50.0
3600,17,50.0,50.0,48.0,50.0,50.0,50.0,50.0,50.0
3600,18,50.0,50.0,50.1,50.0,50.0,50.0,50.0,50.0
3600,19,50.0,50.0,50.1,50.0,50.0,50.0,50.0,50.0
3600,20,50.0,50.0,50.1,50.0,50.0,50.0,50.0,50.0
3600,21,50.0,50.0,50.1,50.0,50.0,50.0,50.0,50.0
3600,22,50.0,50.0,50.1,50.0,50.0,50.0,50.0,50.0
3600,23,50.0,50.0,50.1,50.0,50.0,50.0,50.0,50.0
3600,24,50.0,50.0,50.1,50.0,50.0,50.0,50.0,50.0
3600,25,50.0,50.0,50.1,50.0,50.0,50.0,50.0,50.0
3600,26,50.0,50.0,50.1,50.0,50.0,50.0,50.0,50.0
3600,27,50.0,50.0,50.1,50.0,50.0,50.0,50.0,50.0
3600,28,50.0,50.0,50.1,50.0,50.0,50.0,50.0,50.0
3600,29,50.0,50.0,50.1,50.0,50.0,50.0,50.0,50.0
4200,0,48.0,50.0,50.1,50.0,50.0,50.0,50.0,50.0
4200,1,50.1,50.0,50.1,50.0,50.0,50.0,50.0,50.0
4200,2,50.1,50.0,50.1,50.0,50.0,50.0,50.0,50.0
4200,3,50.1,50.0,50.1,50.0,50.0,50.0,50.0,50.0
4200,4,50.1,50.0,50.1,50.0,50.0,50.0,50.0,50.0
4200,5,50.1,50.0,50.1,50.0,50.0,50.0,50.0,50.0
4200,6,50.1,50.0,50.1,50.0,50.0,50.0,50.0,50.0
4200,7,50.1,50.0,50.1,50.0,50.0,50.0,50.0,50.0
4200,8,50.1,50.0,50.1,50.0,50.0,50.0,50.0,50.0
4200,9,50.1,50.0,50.1,50.0,50.0,50.0,50.0,50.0
4200,10,50.1,50.0,50.1,50.0,50.0,50.0,50.0,50.0
4200,11,50.1,50.0,50.1,50.0,50.0,50.0,50.0,50.0
4200,12,50.1,50.0,50.1,50.0,50.0,50.0,50.0,50.0
4200,13,50.1,50.0,50.1,50.0,50.0,50.0,50.0,50.0
4200,14,50.1,50.0,50.1,50.0,50.0,50.0,50.0,50.0
4200,15,50.1,50.0,50.1,50.0,50.0,50.0,50.0,50.0
4200,16,50.1,50.0,50.1,50.0,50.0,50.0,50.0,50.0
4200,17,50.1,50.0,48.0,50.0,50.0,50.0,50.0,50.0
4200,18,50.1,50.0,50.1,50.0,50.0,50.0,50.0,50.0
4200,19,50.1,50.0,50.1,50.0,50.0,50.0,50.0,50.0
4200,20,50.1,50.0,50.1,50.0,50.0,50.0,50.0,50.0
4200,21,50.1,50.0,50.1,50.0,50.0,50.0,50.0,50.0
4200,22,50.1,50.0,50.1,50.0,50.0,50.0,50.0,50.0
4200,23,50.1,50.0,50.1,50.0,50.0,50.0,50.0,50.0
4200,24,50.1,50.0,50.1,50.0,50.0,50.0,50.0,50.0
4200,25,50.1,50.0,50.1,50.0,50.0,50.0,50.0,50.0
4200,26,50.1,50.0,50.1,50.0,50.0,50.0,50.0,50.0
4200,27,50.1,50.0,50.1,50.0,50.0,50.0,50.0,50.0
4200,28,50.1,50.0,50.1,50.0,50.0,50.0,50.0,50.0
4200,29,50.1,50.0,50.1,50.0,50.0,50.0,50.0,50.0
4800,0,48.0,50.0,50.1,50.0,50.0,50.0,50.0,50.0
4800,1,50.1,50.0,50.1,50.0,50.0,50.0,50.2,50.0
4800,2,50.1,50.0,50.1,50.0,50.0,50.0,50.2,50.0
4800,3,50.1,50.0,50.1,50.0,50.0,50.0,48.1,50.0
4800,4,50.1,50.0,50.1,50.0,50.0,50.0,50.2,50.0
4800,5,50.1,50.0,50.1,50.0,50.0,50.0,50.2,50.0
4800,6,50.1,50.0,50.1,50.0,50.0,50.0,50.2,50.0
4800,7,50.1,50.0,50.1,50.0,50.0,50.0,50.2,50.0
4800,8,50.1,50.0,50.1,50.0,50.0,50.0,50.2,50.0
4800,9,50.1,50.0,50.1,50.0,50.0,50.0,50.2,50.0
4800,10,50.1,50.0,50.1,50.0,50.0,50.0,50.2,50.0
4800,11,50.1,50.0,50.1,50.0,50.0,50.0,48.0,50.0
4800,12,50.1,50.0,50.1,50.0,50.0,50.0,50.2,50.0
4800,13,50.1,50.0,50.1,50.0,50.0,50.0,50.2,50.0
4800,14,50.1,50.0,50.1,50.0,50.0,50.0,50.2,50.0
4800,15,50.1,50.0,50.1,50.0,50.0,50.0,50.2,50.0
4800,16,50.1,50.0,50.1,50.0,50.0,50.0,50.2,50.0
4800,17,50.1,50.0,48.0,50.0,50.0,50.0,50.2,50.0
4800,18,50.1,50.0,50.1,50.0,50.0,50.0,50.2,50.0
4800,19,50.1,50.0,50.1,50.0,50.0,50.0,50.2,50.0
4800,20,50.1,50.0,50.1,50.0,50.0,50.0,50.2,50.0
4800,21,50.1,50.0,50.1,50.0,50.0,50.0,50.2,50.0
4800,22,50.1,50.0,50.1,50.0,50.0,50.0,50.2,50.0
4800,23,50.1,50.0,50.1,50.0,50.0,50.0,50.2,50.0
4800,24,50.1,50.0,50.1,50.0,50.0,50.0,50.2,50.0
4800,25,50.1,50.0,50.1,50.0,50.0,50.0,50.2,50.0
4800,26,50.1,50.0,50.1,50.0,50.0,50.0,50.2,50.0
4800,27,50.1,50.0,50.1,50.0,50.0,50.0,50.2,50.0
4800,28,50.1,50.0,50.1,50.0,50.0,50.0,50.2,50.0
4800,29,50.1,50.0,50.1,50.0,50.0,50.0,50.2,50.0
5400,0,48.0,50.0,50.1,50.0,50.0,50.0,50.0,50.0
5400,1,50.1,50.0,50.1,50.0,50.0,50.0,50.2,50.0
5400,2,50.1,50.0,50.1,50.0,50.0,50.0,50.2,50.0
5400,3,50.1,50.0,50.1,50.0,50.0,50.0,48.1,50.0
5400,4,50.1,50.0,50.1,50.0,50.0,50.0,50.2,50.0
5400,5,50.1,50.0,50.1,50.0,50.0,50.0,50.2,50.0
5400,6,50.1,50.0,50.1,50.0,50.0,50.0,50.2,50.0
5400,7,50.1,50.0,50.1,50.0,50.0,50.0,50.2,50.0
5400,8,50.1,50.0,50.1,50.0,50.0,50.0,50.2,50.0
5400,9,50.1,50.0,50.1,50.0,50.0,50.0,50.2,50.0
5400,10,50.1,50.0,50.1,50.0,50.0,50.0,50.2,50.0
5400,11,50.1,50.0,50.1,50.0,50.0,50.0,48.0,50.0
5400,12,50.1,50.0,50.1,50.0,50.0,50.0,50.2,50.0
5400,13,50.1,50.0,50.1,50.0,50.0,50.0,50.2,50.0
5400,14,50.1,50.0,50.1,50.0,50.0,50.0,50.2,50.0
5400,15,50.1,50.0,50.1,50.0,50.0,50.0,50.2,50.0
5400,16,50.1,50.0,50.1,50.0,50.0,50.0,50.2,50.0
5400,17,50.1,50.0,48.0,50.0,50.0,50.0,50.2,50.0
5400,18,50.1,50.0,50.1,50.0,50.0,50.0,50.2,50.0
5400,19,50.1,50.0,50.1,50.0,50.0,50.0,50.2,50.0
5400,20,50.1,50.0,50.1,50.0,50.0,50.0,50.2,50.0
5400,21,50.1,50.0,50.1,50.0,50.0,50.0,50.2,50.0
5400,22,50.1,50.0,50.1,50.0,50.0,50.0,50.2,50.0
5400,23,50.1,50.0,50.1,50.0,50.0,50.0,50.2,50.0
5400,24,50.1,50.0,50.1,50.0,50.0,50.0,50.2,50.0
5400,25,50.1,50.0,50.1,50.0,50.0,50.0,50.2,50.0
5400,26,50.1,50.0,50.1,50.0,50.0,50.0,50.2,50.0
5400,27,50.1,50.0,50.1,50.0,50.0,50.0,50.2,50.0
5400,28,50.1,50.0,50.1,50.0,50.0,50.0,50.2,50.0
5400,29,50.1,50.0,50.1,50.0,50.0,50.0,50.2,50.0
6000,0,48.0,50.0,50.1,50.0,50.1,50.0,50.0,50.0
6000,1,50.1,50.0,50.1,50.0,50.1,50.0,50.2,50.0
6000,2,50.1,50.0,50.1,50.0,50.1,50.0,50.2,50.0
6000,3,50.1,50.0,50.1,50.0,50.0,50.0,48.1,50.0
6000,4,50.1,50.0,50.1,50.0,50.1,50.0,50.2,50.0
6000,5,50.1,50.0,50.1,50.0,50.1,50.0,50.2,50.0
6000,6,50.1,50.0,50.1,50.0,50.1,50.0,50.2,50.0
6000,7,50.1,50.0,50.1,50.0,50.1,50.0,50.2,50.0
6000,8,50.1,50.0,50.1,50.0,50.1,50.0,50.2,50.0
6000,9,50.1,50.0,50.1,50.0,50.1,50.0,50.2,50.0
6000,10,50.1,50.0,50.1,50.0,50.1,50.0,50.2,50.0
6000,11,50.1,50.0,50.1,50.0,50.1,50.0,48.0,50.0
6000,12,50.1,50.0,50.1,50.0,50.1,50.0,50.2,50.0
6000,13,50.1,50.0,50.1,50.0,50.1,50.0,50.2,50.0
6000,14,50.1,50.0,50.1,50.0,48.0,50.0,50.2,50.0
6000,15,50.1,50.0,50.1,50.0,50.1,50.0,50.2,50.0
6000,16,50.1,50.0,50.1,50.0,50.1,50.0,50.2,50.0
6000,17,50.1,50.0,48.0,50.0,50.1,50.0,50.2,50.0
6000,18,50.1,50.0,50.1,50.0,50.1,50.0,50.2,50.0
6000,19,50.1,50.0,50.1,50.0,50.1,50.0,50.2,50.0
6000,20,50.1,50.0,50.1,50.0,50.1,50.0,50.2,50.0
6000,21,50.1,50.0,50.1,50.0,50.1,50.0,50.2,50.0
6000,22,50.1,50.0,50.1,50.0,50.1,50.0,50.2,50.0
6000,23,50.1,50.0,50.1,50.0,50.1,50.0,50.2,50.0
6000,24,50.1,50.0,50.1,50.0,50.1,50.0,50.2,50.0
6000,25,50.1,50.0,50.1,50.0,50.1,50.0,50.2,50.0
6000,26,50.1,50.0,50.1,50.0,50.1,50.0,50.2,50.0
6000,27,50.1,50.0,50.1,50.0,50.1,50.0,50.2,50.0
6000,28,50.1,50.0,50.1,50.0,50.1,50.0,50.2,50.0
6000,29,50.1,50.0,50.1,50.0,50.1,50.0,50.2,50.0
6600,0,48.0,50.0,50.1,50.0,50.1,50.0,50.1,50.0
6600,1,50.1,50.0,50.1,50.0,50.1,50.0,50.300000000000004,50.0
6600,2,50.1,50.0,50.1,50.0,50.1,50.0,50.300000000000004,50.0
6600,3,50.1,50.0,50.1,50.0,50.0,50.0,48.2,50.0
6600,4,50.1,50.0,50.1,50.0,50.1,50.0,50.300000000000004,50.0
6600,5,50.1,50.0,50.1,50.0,50.1,50.0,50.300000000000004,50.0
6600,6,50.1,50.0,50.1,50.0,50.1,50.0,50.300000000000004,50.0
6600,7,50.1,50.0,50.1,50.0,50.1,50.0,48.2,50.0
6600,8,50.1,50.0,50.1,50.0,50.1,50.0,50.300000000000004,50.0
6600,9,50.1,50.0,50.1,50.0,50.1,50.0,50.300000000000004,50.0
6600,10,50.1,50.0,50.1,50.0,50.1,50.0,50.300000000000004,50.0
6600,11,50.1,50.0,50.1,50.0,50.1,50.0,48.1,50.0
6600,12,50.1,50.0,50.1,50.0,50.1,50.0,50.300000000000004,50.0
6600,13,50.1,50.0,50.1,50.0,50.1,50.0,50.300000000000004,50.0
6600,14,50.1,50.0,50.1,50.0,48.0,50.0,50.2,50.0
6600,15,50.1,50.0,50.1,50.0,50.1,50.0,50.300000000000004,50.0
6600,16,50.1,50.0,50.1,50.0,50.1,50.0,50.300000000000004,50.0
6600,17,50.1,50.0,48.0,50.0,50.1,50.0,50.300000000000004,50.0
6600,18,50.1,50.0,50.1,50.0,50.1,50.0,50.300000000000004,50.0
6600,19,50.1,50.0,50.1,50.0,50.1,50.0,50.300000000000004,50.0
6600,20,50.1,50.0,50.1,50.0,50.1,50.0,50.300000000000004,50.0
6600,21,50.1,50.0,50.1,50.0,50.1,50.0,50.300000000000004,50.0
6600,22,50.1,50.0,50.1,50.0,50.1,50.0,50.300000000000004,50.0
6600,23,50.1,50.0,50.1,50.0,50.1,50.0,50.300000000000004,50.0
6600,24,50.1,50.0,50.1,50.0,50.1,50.0,50.300000000000004,50.0
6600,25,50.1,50.0,50.1,50.0,50.1,50.0,50.300000000000004,50.0
6600,26,50.1,50.0,50.1,50.0,50.1,50.0,50.300000000000004,50.0
6600,27,50.1,50.0,50.1,50.0,50.1,50.0,50.300000000000004,50.0
6600,28,50.1,50.0,50.1,50.0,50.1,50.0,50.300000000000004,50.0
6600,29,50.1,50.0,50.1,50.0,50.1,50.0,50.300000000000004,50.0
7200,0,48.0,50.0,50.1,50.0,50.1,50.0,50.1,50.0
7200,1,50.1,50.0,50.1,50.0,50.1,50.0,50.300000000000004,50.0
7200,2,50.1,50.0,50.1,50.0,50.1,50.0,50.300000000000004,50.0
7200,3,50.1,50.0,50.1,50.0,50.0,50.0,48.2,50.0
7200,4,50.1,50.0,50.1,50.0,50.1,50.0,50.300000000000004,50.0
7200,5,50.1,50.0,50.1,50.0,50.1,50.0,50.300000000000004,50.0
7200,6,50.1,50.0,50.1,50.0,50.1,50.0,50.300000000000004,50.0
7200,7,50.1,50.0,50.1,50.0,50.1,50.0,48.2,50.0
7200,8,50.1,50.0,50.1,50.0,50.1,50.0,50.300000000000004,50.0
7200,9,50.1,50.0,50.1,50.0,50.1,50.0,50.300000000000004,50.0
7200,10,50.1,50.0,50.1,50.0,50.1,50.0,50.300000000000004,50.0
7200,11,50.1,50.0,50.1,50.0,50.1,50.0,48.1,50.0
7200,12,50.1,50.0,50.1,50.0,50.1,50.0,50.300000000000004,50.0
7200,13,50.1,50.0,50.1,50.0,50.1,50.0,50.300000000000004,50.0
7200,14,50.1,50.0,50.1,50.0,48.0,50.0,50.2,50.0
7200,15,50.1,50.0,50.1,50.0,50.1,50.0,50.300000000000004,50.0
7200,16,50.1,50.0,50.1,50.0,50.1,50.0,50.300000000000004,50.0
7200,17,50.1,50.0,48.0,50.0,50.1,50.0,50.300000000000004,50.0
7200,18,50.1,50.0,50.1,50.0,50.1,50.0,50.300000000000004,50.0
7200,19,50.1,50.0,50.1,50.0,50.1,50.0,50.300000000000004,50.0
7200,20,50.1,50.0,50.1,50.0,50.1,50.0,50.300000000000004,50.0
7200,21,50.1,50.0,50.1,50.0,50.1,50.0,50.300000000000004,50.0
7200,22,50.1,50.0,50.1,50.0,50.1,50.0,50.300000000000004,50.0
7200,23,50.1,50.0,50.1,50.0,50.1,50.0,50.300000000000004,50.0
7200,24,50.1,50.0,50.1,50.0,50.1,50.0,50.300000000000004,50.0
7200,25,50.1,50.0,50.1,50.0,50.1,50.0,50.300000000000004,50.0
7200,26,50.1,50.0,50.1,50.0,50.1,50.0,50.300000000000004,50.0
7200,27,50.1,50.0,50.1,50.0,50.1,50.0,50.300000000000004,50.0
7200,28,50.1,50.0,50.1,50.0,50.1,50.0,50.300000000000004,50.0
7200,29,50.1,50.0,50.1,50.0,50.1,50.0,50.300000000000004,50.0
7800,0,48.0,50.0,50.2,50.0,50.1,50.0,50.1,50.1
7800,1,50.1,50.0,48.1,50.0,50.1,50.0,50.300000000000004,50.1
7800,2,50.1,50.0,50.2,50.0,50.1,50.0,50.300000000000004,50.1
7800,3,50.1,50.0,50.2,50.0,50.0,50.0,48.2,50.1
7800,4,50.1,50.0,50.2,50.0,50.1,50.0,50.300000000000004,50.1
7800,5,50.1,50.0,50.2,50.0,50.1,50.0,50.300000000000004,50.1
7800,6,50.1,50.0,50.2,50.0,50.1,50.0,50.300000000000004,50.1
7800,7,50.1,50.0,50.2,50.0,50.1,50.0,48.2,50.1
7800,8,50.1,50.0,50.2,50.0,50.1,50.0,50.300000000000004,50.1
7800,9,50.1,50.0,50.2,50.0,50.1,50.0,50.300000000000004,50.1
7800,10,50.1,50.0,50.2,50.0,50.1,50.0,50.300000000000004,50.1
7800,11,50.1,50.0,50.2,50.0,50.1,50.0,48.1,50.1
7800,12,50.1,50.0,50.2,50.0,50.1,50.0,50.300000000000004,50.1
7800,13,50.1,50.0,50.2,50.0,50.1,50.0,50.300000000000004,50.1
7800,14,50.1,50.0,50.2,50.0,48.0,50.0,50.2,50.1
7800,15,50.1,50.0,50.1,50.0,50.1,50.0,50.300000000000004,48.0
7800,16,50.1,50.0,50.2,50.0,50.1,50.0,50.300000000000004,50.1
7800,17,50.1,50.0,48.1,50.0,50.1,50.0,50.300000000000004,50.1
7800,18,50.1,50.0,50.2,50.0,50.1,50.0,50.300000000000004,50.1
7800,19,50.1,50.0,50.2,50.0,50.1,50.0,50.300000000000004,50.1
7800,20,50.1,50.0,50.2,50.0,50.1,50.0,50.300000000000004,50.1
7800,21,50.1,50.0,50.2,50.0,50.1,50.0,50.300000000000004,50.1
7800,22,50.1,50.0,50.2,50.0,50.1,50.0,50.300000000000004,50.1
7800,23,50.1,50.0,50.2,50.0,50.1,50.0,50.300000000000004,50.1
7800,24,50.1,50.0,50.2,50.0,50.1,50.0,50.300000000000004,50.1
7800,25,50.1,50.0,50.2,50.0,50.1,50.0,50.300000000000004,50.1
7800,26,50.1,50.0,50.2,50.0,50.1,50.0,50.300000000000004,50.1
7800,27,50.1,50.0,50.2,50.0,50.1,50.0,50.300000000000004,50.1
7800,28,50.1,50.0,50.2,50.0,50.1,50.0,50.300000000000004,50.1
7800,29,50.1,50.0,50.2,50.0,50.1,50.0,50.300000000000004,50.1
8400,0,48.0,50.0,50.2,50.0,50.1,50.0,50.1,50.1
8400,1,50.1,50.0,48.1,50.0,50.1,50.0,50.300000000000004,50.1
8400,2,50.1,50.0,50.2,50.0,50.1,50.0,50.300000000000004,50.1
8400,3,50.1,50.0,50.2,50.0,50.0,50.0,48.2,50.1
8400,4,50.1,50.0,50.2,50.0,50.1,50.0,50.300000000000004,50.1
8400,5,50.1,50.0,50.2,50.0,50.1,50.0,50.300000000000004,50.1
8400,6,50.1,50.0,50.2,50.0,50.1,50.0,50.300000000000004,50.1
8400,7,50.1,50.0,50.2,50.0,50.1,50.0,48.2,50.1
8400,8,50.1,50.0,50.2,50.0,50.1,50.0,50.300000000000004,50.1
8400,9,50.1,50.0,50.2,50.0,50.1,50.0,50.300000000000004,50.1
8400,10,50.1,50.0,50.2,50.0,50.1,50.0,50.300000000000004,50.1
8400,11,50.1,50.0,50.2,50.0,50.1,50.0,48.1,50.1
8400,12,50.1,50.0,50.2,50.0,50.1,50.0,50.300000000000004,50.1
8400,13,50.1,50.0,50.2,50.0,50.1,50.0,50.300000000000004,50.1
8400,14,50.1,50.0,50.2,50.0,48.0,50.0,50.2,50.1
8400,15,50.1,50.0,50.1,50.0,50.1,50.0,50.300000000000004,48.0
8400,16,50.1,50.0,50.2,50.0,50.1,50.0,50.300000000000004,50.1
8400,17,50.1,50.0,48.1,50.0,50.1,50.0,50.300000000000004,50.1
8400,18,50.1,50.0,50.2,50.0,50.1,50.0,50.300000000000004,50.1
8400,19,50.1,50.0,50.2,50.0,50.1,50.0,50.300000000000004,50.1
8400,20,50.1,50.0,50.2,50.0,50.1,50.0,50.300000000000004,50.1
8400,21,50.1,50.0,50.2,50.0,50.1,50.0,50.300000000000004,50.1
8400,22,50.1,50.0,50.2,50.0,50.1,50.0,50.300000000000004,50.1
8400,23,50.1,50.0,50.2,50.0,50.1,50.0,50.300000000000004,50.1
8400,24,50.1,50.0,50.2,50.0,50.1,50.0,50.300000000000004,50.1
8400,25,50.1,50.0,50.2,50.0,50.1,50.0,50.300000000000004,50.1
8400,26,50.1,50.0,50.2,50.0,50.1,50.0,50.300000000000004,50.1
8400,27,50.1,50.0,50.2,50.0,50.1,50.0,50.300000000000004,50.1
8400,28,50.1,50.0,50.2,50.0,50.1,50.0,50.300000000000004,50.1
8400,29,50.1,50.0,50.2,50.0,50.1,50.0,50.300000000000004,50.1
9000,0,48.0,50.0,50.2,50.0,50.1,50.0,50.1,50.1
9000,1,50.1,50.0,48.1,50.0,50.1,50.0,50.300000000000004,50.1
9000,2,50.1,50.0,50.2,50.0,50.1,50.0,50.300000000000004,50.1
9000,3,50.1,50.0,50.2,50.0,50.0,50.0,48.2,50.1
9000,4,50.1,50.0,50.2,50.0,50.1,50.0,50.300000000000004,50.1
9000,5,50.1,50.0,50.2,50.0,50.1,50.0,50.300000000000004,50.1
9000,6,50.1,50.0,50.2,50.0,50.1,50.0,50.300000000000004,50.1
9000,7,50.1,50.0,50.2,50.0,50.1,50.0,48.2,50.1
9000,8,50.1,50.0,50.2,50.0,50.1,50.0,50.300000000000004,50.1
9000,9,50.1,50.0,50.2,50.0,50.1,50.0,50.300000000000004,50.1
9000,10,50.1,50.0,50.2,50.0,50.1,50.0,50.300000000000004,50.1
9000,11,50.1,50.0,50.2,50.0,50.1,50.0,48.1,50.1
9000,12,50.1,50.0,50.2,50.0,50.1,50.0,50.300000000000004,50.1
9000,13,50.1,50.0,50.2,50.0,50.1,50.0,50.300000000000004,50.1
9000,14,50.1,50.0,50.2,50.0,48.0,50.0,50.2,50.1
9000,15,50.1,50.0,50.1,50.0,50.1,50.0,50.300000000000004,48.0
9000,16,50.1,50.0,50.2,50.0,50.1,50.0,50.300000000000004,50.1
9000,17,50.1,50.0,48.1,50.0,50.1,50.0,50.300000000000004,50.1
9000,18,50.1,50.0,50.2,50.0,50.1,50.0,50.300000000000004,50.1
9000,19,50.1,50.0,50.2,50.0,50.1,50.0,50.300000000000004,50.1
9000,20,50.1,50.0,50.2,50.0,50.1,50.0,50.300000000000004,50.1
9000,21,50.1,50.0,50.2,50.0,50.1,50.0,50.300000000000004,50.1
9000,22,50.1,50.0,50.2,50.0,50.1,50.0,50.300000000000004,50.1
9000,23,50.1,50.0,50.2,50.0,50.1,50.0,50.300000000000004,50.1
9000,24,50.1,50.0,50.2,50.0,50.1,50.0,50.300000000000004,50.1
9000,25,50.1,50.0,50.2,50.0,50.1,50.0,50.300000000000004,50.1
9000,26,50.1,50.0,50.2,50.0,50.1,50.0,50.300000000000004,50.1
9000,27,50.1,50.0,50.2,50.0,50.1,50.0,50.300000000000004,50.1
9000,28,50.1,50.0,50.2,50.0,50.1,50.0,50.300000000000004,50.1
9000,29,50.1,50.0,50.2,50.0,50.1,50.0,50.300000000000004,50.1
9600,0,48.0,50.0,50.300000000000004,50.0,50.1,50.0,50.1,50.2
9600,1,50.1,50.0,48.2,50.0,50.1,50.0,50.300000000000004,50.2
9600,2,50.1,50.0,50.300000000000004,50.0,50.1,50.0,50.300000000000004,50.2
9600,3,50.1,50.0,50.300000000000004,50.0,50.0,50.0,48.2,50.2
9600,4,50.1,50.0,50.300000000000004,50.0,50.1,50.0,50.300000000000004,50.2
9600,5,50.1,50.0,48.2,50.0,50.1,50.0,50.300000000000004,50.2
9600,6,50.1,50.0,50.300000000000004,50.0,50.1,50.0,50.300000000000004,50.2
9600,7,50.1,50.0,50.300000000000004,50.0,50.1,50.0,48.2,50.2
9600,8,50.1,50.0,50.300000000000004,50.0,50.1,50.0,50.300000000000004,50.2
9600,9,50.1,50.0,50.300000000000004,50.0,50.1,50.0,50.300000000000004,50.2
9600,10,50.1,50.0,50.300000000000004,50.0,50.1,50.0,50.300000000000004,50.2
9600,11,50.1,50.0,50.300000000000004,50.0,50.1,50.0,48.1,50.2
9600,12,50.1,50.0,50.300000000000004,50.0,50.1,50.0,50.300000000000004,50.2
9600,13,50.1,50.0,50.300000000000004,50.0,50.1,50.0,50.300000000000004,50.2
9600,14,50.1,50.0,50.300000000000004,50.0,48.0,50.0,50.2,50.2
9600,15,50.1,50.0,50.2,50.0,50.1,50.0,50.300000000000004,48.1
9600,16,50.1,50.0,50.300000000000004,50.0,50.1,50.0,50.300000000000004,50.2
9600,17,50.1,50.0,48.2,50.0,50.1,50.0,50.300000000000004,50.2
9600,18,50.1,50.0,50.300000000000004,50.0,50.1,50.0,50.300000000000004,50.2
9600,19,50.1,50.0,50.2,50.0,50.1,50.0,50.300000000000004,48.1
9600,20,50.1,50.0,50.300000000000004,50.0,50.1,50.0,50.300000000000004,50.2
9600,21,50.1,50.0,50.300000000000004,50.0,50.1,50.0,50.300000000000004,50.2
9600,22,50.1,50.0,50.300000000000004,50.0,50.1,50.0,50.300000000000004,50.2
9600,23,50.1,50.0,50.300000000000004,50.0,50.1,50.0,50.300000000000004,50.2
9600,24,50.1,50.0,50.300000000000004,50.0,50.1,50.0,50.300000000000004,50.2
9600,25,50.1,50.0,50.300000000000004,50.0,50.1,50.0,50.300000000000004,50.2
9600,26,50.1,50.0,50.300000000000004,50.0,50.1,50.0,50.300000000000004,50.2
9600,27,50.1,50.0,50.300000000000004,50.0,50.1,50.0,50.300000000000004,50.2
9600,28,50.1,50.0,50.300000000000004,50.0,50.1,50.0,50.300000000000004,50.2
9600,29,50.1,50.0,50.300000000000004,50.0,50.1,50.0,50.300000000000004,50.2
10200,0,48.0,50.0,50.300000000000004,50.0,50.1,50.0,50.1,50.2
10200,1,50.1,50.0,48.2,50.0,50.1,50.0,50.300000000000004,50.2
10200,2,50.1,50.0,50.300000000000004,50.0,50.1,50.0,50.300000000000004,50.2
10200,3,50.1,50.0,50.300000000000004,50.0,50.0,50.0,48.2,50.2
10200,4,50.1,50.0,50.300000000000004,50.0,50.1,50.0,50.300000000000004,50.2
10200,5,50.1,50.0,48.2,50.0,50.1,50.0,50.300000000000004,50.2
10200,6,50.1,50.0,50.300000000000004,50.0,50.1,50.0,50.300000000000004,50.2
10200,7,50.1,50.0,50.300000000000004,50.0,50.1,50.0,48.2,50.2
10200,8,50.1,50.0,50.300000000000004,50.0,50.1,50.0,50.300000000000004,50.2
10200,9,50.1,50.0,50.300000000000004,50.0,50.1,50.0,50.300000000000004,50.2
10200,10,50.1,50.0,50.300000000000004,50.0,50.1,50.0,50.300000000000004,50.2
10200,11,50.1,50.0,50.300000000000004,50.0,50.1,50.0,48.1,50.2
10200,12,50.1,50.0,50.300000000000004,50.0,50.1,50.0,50.300000000000004,50.2
10200,13,50.1,50.0,50.300000000000004,50.0,50.1,50.0,50.300000000000004,50.2
10200,14,50.1,50.0,50.300000000000004,50.0,48.0,50.0,50.2,50.2
10200,15,50.1,50.0,50.2,50.0,50.1,50.0,50.300000000000004,48.1
10200,16,50.1,50.0,50.300000000000004,50.0,50.1,50.0,50.300000000000004,50.2
10200,17,50.1,50.0,48.2,50.0,50.1,50.0,50.300000000000004,50.2
10200,18,50.1,50.0,50.300000000000004,50.0,50.1,50.0,50.300000000000004,50.2
10200,19,50.1,50.0,50.2,50.0,50.1,50.0,50.300000000000004,48.1
10200,20,50.1,50.0,50.300000000000004,50.0,50.1,50.0,50.300000000000004,50.2
10200,21,50.1,50.0,50.300000000000004,50.0,50.1,50.0,50.300000000000004,50.2
10200,22,50.1,50.0,50.300000000000004,50.0,50.1,50.0,50.300000000000004,50.2
10200,23,50.1,50.0,50.300000000000004,50.0,50.1,50.0,50.300000000000004,50.2
10200,24,50.1,50.0,50.300000000000004,50.0,50.1,50.0,50.300000000000004,50.2
10200,25,50.1,50.0,50.300000000000004,50.0,50.1,50.0,50.300000000000004,50.2
10200,26,50.1,50.0,50.300000000000004,50.0,50.1,50.0,50.300000000000004,50.2
10200,27,50.1,50.0,50.300000000000004,50.0,50.1,50.0,50.300000000000004,50.2
10200,28,50.1,50.0,50.300000000000004,50.0,50.1,50.0,50.300000000000004,50.2
10200,29,50.1,50.0,50.300000000000004,50.0,50.1,50.0,50.300000000000004,50.2
10800,0,48.1,50.0,50.300000000000004,50.0,50.1,50.0,50.1,50.2
10800,1,50.2,50.0,48.2,50.0,50.1,50.0,50.300000000000004,50.2
10800,2,50.2,50.0,50.300000000000004,50.0,50.1,50.0,50.300000000000004,50.2
10800,3,50.2,50.0,50.300000000000004,50.0,50.0,50.0,48.2,50.2
10800,4,50.2,50.0,50.300000000000004,50.0,50.1,50.0,50.300000000000004,50.2
10800,5,50.1,50.0,48.2,50.0,50.1,50.0,50.300000000000004,50.2
10800,6,50.2,50.0,50.300000000000004,50.0,50.1,50.0,50.300000000000004,50.2
10800,7,50.2,50.0,50.300000000000004,50.0,50.1,50.0,48.2,50.2
10800,8,50.2,50.0,50.300000000000004,50.0,50.1,50.0,50.300000000000004,50.2
10800,9,50.2,50.0,50.300000000000004,50.0,50.1,50.0,50.300000000000004,50.2
10800,10,50.2,50.0,50.300000000000004,50.0,50.1,50.0,50.300000000000004,50.2
10800,11,50.2,50.0,50.300000000000004,50.0,50.1,50.0,48.1,50.2
10800,12,50.2,50.0,50.300000000000004,50.0,50.1,50.0,50.300000000000004,50.2
10800,13,50.2,50.0,50.300000000000004,50.0,50.1,50.0,50.300000000000004,50.2
10800,14,50.2,50.0,50.300000000000004,50.0,48.0,50.0,50.2,50.2
10800,15,50.2,50.0,50.2,50.0,50.1,50.0,50.300000000000004,48.1
10800,16,50.2,50.0,50.300000000000004,50.0,50.1,50.0,50.300000000000004,50.2
10800,17,50.2,50.0,48.2,50.0,50.1,50.0,50.300000000000004,50.2
10800,18,50.2,50.0,50.300000000000004,50.0,50.1,50.0,50.300000000000004,50.2
10800,19,50.2,50.0,50.2,50.0,50.1,50.0,50.300000000000004,48.1
10800,20,50.2,50.0,50.300000000000004,50.0,50.1,50.0,50.300000000000004,50.2
10800,21,50.2,50.0,50.300000000000004,50.0,50.1,50.0,50.300000000000004,50.2
10800,22,50.2,50.0,50.300000000000004,50.0,50.1,50.0,50.300000000000004,50.2
10800,23,50.2,50.0,50.300000000000004,50.0,50.1,50.0,50.300000000000004,50.2
10800,24,48.1,50.0,50.300000000000004,50.0,50.1,50.0,50.300000000000004,50.2
10800,25,50.2,50.0,50.300000000000004,50.0,50.1,50.0,50.300000000000004,50.2
10800,26,50.2,50.0,50.300000000000004,50.0,50.1,50.0,50.300000000000004,50.2
10800,27,50.2,50.0,50.300000000000004,50.0,50.1,50.0,50.300000000000004,50.2
10800,28,50.2,50.0,50.300000000000004,50.0,50.1,50.0,50.300000000000004,50.2
10800,29,50.2,50.0,50.300000000000004,50.0,50.1,50.0,50.300000000000004,50.2
11400,0,48.1,50.0,50.300000000000004,50.0,50.1,50.0,50.1,50.300000000000004
11400,1,50.2,50.0,48.2,50.0,50.1,50.0,50.300000000000004,50.300000000000004
11400,2,50.2,50.0,50.300000000000004,50.0,50.1,50.0,50.300000000000004,50.300000000000004
11400,3,50.2,50.0,50.300000000000004,50.0,50.0,50.0,48.2,50.300000000000004
11400,4,50.2,50.0,50.300000000000004,50.0,50.1,50.0,50.300000000000004,50.300000000000004
11400,5,50.1,50.0,48.2,50.0,50.1,50.0,50.300000000000004,50.2
11400,6,50.2,50.0,50.300000000000004,50.0,50.1,50.0,50.300000000000004,50.300000000000004
11400,7,50.2,50.0,50.300000000000004,50.0,50.1,50.0,48.2,50.300000000000004
11400,8,50.2,50.0,50.300000000000004,50.0,50.1,50.0,50.300000000000004,50.300000000000004
11400,9,50.2,50.0,50.300000000000004,50.0,50.1,50.0,50.300000000000004,50.300000000000004
11400,10,50.2,50.0,50.300000000000004,50.0,50.1,50.0,50.300000000000004,50.300000000000004
11400,11,50.2,50.0,50.300000000000004,50.0,50.1,50.0,48.1,50.300000000000004
11400,12,50.2,50.0,50.300000000000004,50.0,50.1,50.0,50.300000000000004,50.300000000000004
11400,13,50.2,50.0,50.300000000000004,50.0,50.1,50.0,50.300000000000004,50.300000000000004
11400,14,50.2,50.0,50.300000000000004,50.0,48.0,50.0,50.2,50.300000000000004
11400,15,50.2,50.0,50.2,50.0,50.1,50.0,50.300000000000004,48.2
11400,16,50.2,50.0,50.300000000000004,50.0,50.1,50.0,50.300000000000004,50.300000000000004
11400,17,50.2,50.0,48.2,50.0,50.1,50.0,50.300000000000004,50.300000000000004
11400,18,50.2,50.0,50.300000000000004,50.0,50.1,50.0,50.300000000000004,50.300000000000004
11400,19,50.2,50.0,50.2,50.0,50.1,50.0,50.300000000000004,48.2
11400,20,50.2,50.0,50.300000000000004,50.0,50.1,50.0,50.300000000000004,50.300000000000004
11400,21,50.2,50.0,50.300000000000004,50.0,50.1,50.0,50.300000000000004,50.300000000000004
11400,22,50.2,50.0,50.300000000000004,50.0,50.1,50.0,50.300000000000004,50.300000000000004
11400,23,50.2,50.0,50.300000000000004,50.0,50.1,50.0,50.300000000000004,50.300000000000004
11400,24,48.1,50.0,50.300000000000004,50.0,50.1,50.0,50.300000000000004,50.2
11400,25,50.2,50.0,50.300000000000004,50.0,50.1,50.0,50.300000000000004,50.300000000000004
11400,26,50.2,50.0,50.300000000000004,50.0,50.1,50.0,50.300000000000004,50.300000000000004
11400,27,50.2,50.0,50.300000000000004,50.0,50.1,50.0,50.300000000000004,48.2
11400,28,50.2,50.0,50.300000000000004,50.0,50.1,50.0,50.300000000000004,50.300000000000004
11400,29,50.2,50.0,50.300000000000004,50.0,50.1,50.0,50.300000000000004,50.300000000000004
12000,0,48.1,50.0,50.300000000000004,50.0,50.1,50.2,50.1,50.300000000000004
12000,1,50.2,50.0,48.2,50.0,50.1,50.2,50.300000000000004,50.300000000000004
12000,2,50.2,50.0,50.300000000000004,50.0,50.1,48.0,50.300000000000004,50.300000000000004
12000,3,50.2,50.0,50.300000000000004,50.0,50.0,50.2,48.2,50.300000000000004
12000,4,50.2,50.0,50.300000000000004,50.0,50.1,50.2,50.300000000000004,50.300000000000004
12000,5,50.1,50.0,48.2,50.0,50.1,50.2,50.300000000000004,50.2
12000,6,50.2,50.0,50.300000000000004,50.0,50.1,50.2,50.300000000000004,50.300000000000004
12000,7,50.2,50.0,50.300000000000004,50.0,50.1,50.2,48.2,50.300000000000004
12000,8,50.2,50.0,50.300000000000004,50.0,50.1,50.2,50.300000000000004,50.300000000000004
12000,9,50.2,50.0,50.300000000000004,50.0,50.1,50.2,50.300000000000004,50.300000000000004
12000,10,50.2,50.0,50.300000000000004,50.0,50.1,50.2,50.300000000000004,50.300000000000004
12000,11,50.2,50.0,50.300000000000004,50.0,50.1,48.1,48.1,50.300000000000004
12000,12,50.2,50.0,50.300000000000004,50.0,50.1,50.2,50.300000000000004,50.300000000000004
12000,13,50.2,50.0,50.300000000000004,50.0,50.1,50.2,50.300000000000004,50.300000000000004
12000,14,50.2,50.0,50.300000000000004,50.0,48.0,50.2,50.2,50.300000000000004
12000,15,50.2,50.0,50.2,50.0,50.1,50.2,50.300000000000004,48.2
12000,16,50.2,50.0,50.300000000000004,50.0,50.1,50.2,50.300000000000004,50.300000000000004
12000,17,50.2,50.0,48.2,50.0,50.1,50.2,50.300000000000004,50.300000000000004
12000,18,50.2,50.0,50.300000000000004,50.0,50.1,50.2,50.300000000000004,50.300000000000004
12000,19,50.2,50.0,50.2,50.0,50.1,50.2,50.300000000000004,48.2
12000,20,50.2,50.0,50.300000000000004,50.0,50.1,50.2,50.300000000000004,50.300000000000004
12000,21,50.2,50.0,50.300000000000004,50.0,50.1,50.2,50.300000000000004,50.300000000000004
12000,22,50.2,50.0,50.300000000000004,50.0,50.1,50.2,50.300000000000004,50.300000000000004
12000,23,50.2,50.0,50.300000000000004,50.0,50.1,50.2,50.300000000000004,50.300000000000004
12000,24,48.1,50.0,50.300000000000004,50.0,50.1,50.0,50.300000000000004,50.2
12000,25,50.2,50.0,50.300000000000004,50.0,50.1,50.2,50.300000000000004,50.300000000000004
12000,26,50.2,50.0,50.300000000000004,50.0,50.1,50.2,50.300000000000004,50.300000000000004
12000,27,50.2,50.0,50.300000000000004,50.0,50.1,50.0,50.300000000000004,48.2
12000,28,50.2,50.0,50.300000000000004,50.0,50.1,50.2,50.300000000000004,50.300000000000004
12000,29,50.2,50.0,50.300000000000004,50.0,50.1,50.2,50.300000000000004,50.300000000000004
12600,0,48.1,50.0,50.300000000000004,50.0,50.1,50.2,50.1,50.400000000000006
12600,1,50.2,50.0,48.2,50.0,50.1,50.2,50.300000000000004,50.400000000000006
12600,2,50.2,50.0,50.300000000000004,50.0,50.1,48.0,50.300000000000004,50.300000000000004
12600,3,50.2,50.0,50.300000000000004,50.0,50.0,50.2,48.2,50.400000000000006
12600,4,50.2,50.0,50.300000000000004,50.0,50.1,50.2,50.300000000000004,50.400000000000006
12600,5,50.1,50.0,48.2,50.0,50.1,50.2,50.300000000000004,50.300000000000004
12600,6,50.2,50.0,50.300000000000004,50.0,50.1,50.2,50.300000000000004,50.400000000000006
12600,7,50.2,50.0,50.300000000000004,50.0,50.1,50.2,48.2,50.400000000000006
12600,8,50.2,50.0,50.300000000000004,50.0,50.1,50.2,50.300000000000004,50.400000000000006
12600,9,50.2,50.0,50.300000000000004,50.0,50.1,50.2,50.300000000000004,50.400000000000006
12600,10,50.2,50.0,50.300000000000004,50.0,50.1,50.2,50.300000000000004,50.400000000000006
12600,11,50.2,50.0,50.300000000000004,50.0,50.1,48.1,48.1,50.400000000000006
12600,12,50.2,50.0,50.300000000000004,50.0,50.1,50.2,50.300000000000004,50.400000000000006
12600,13,50.2,50.0,50.300000000000004,50.0,50.1,50.2,50.300000000000004,50.400000000000006
12600,14,50.2,50.0,50.300000000000004,50.0,48.0,50.2,50.2,50.400000000000006
12600,15,50.2,50.0,50.2,50.0,50.1,50.2,50.300000000000004,48.300000000000004
12600,16,50.2,50.0,50.300000000000004,50.0,50.1,50.2,50.300000000000004,50.400000000000006
12600,17,50.2,50.0,48.2,50.0,50.1,50.2,50.300000000000004,50.400000000000006
12600,18,50.2,50.0,50.300000000000004,50.0,50.1,50.2,50.300000000000004,50.400000000000006
12600,19,50.2,50.0,50.2,50.0,50.1,50.2,50.300000000000004,48.300000000000004
12600,20,50.2,50.0,50.300000000000004,50.0,50.1,50.2,50.300000000000004,50.400000000000006
12600,21,50.2,50.0,50.300000000000004,50.0,50.1,50.2,50.300000000000004,50.400000000000006
12600,22,50.2,50.0,50.300000000000004,50.0,50.1,50.2,50.300000000000004,50.400000000000006
12600,23,50.2,50.0,50.300000000000004,50.0,50.1,50.2,50.300000000000004,48.300000000000004
12600,24,48.1,50.0,50.300000000000004,50.0,50.1,50.0,50.300000000000004,50.2
12600,25,50.2,50.0,50.300000000000004,50.0,50.1,50.2,50.300000000000004,50.400000000000006
12600,26,50.2,50.0,50.300000000000004,50.0,50.1,50.2,50.300000000000004,50.400000000000006
12600,27,50.2,50.0,50.300000000000004,50.0,50.1,50.0,50.300000000000004,48.300000000000004
12600,28,50.2,50.0,50.300000000000004,50.0,50.1,50.2,50.300000000000004,50.400000000000006
12600,29,50.2,50.0,50.300000000000004,50.0,50.1,50.2,50.300000000000004,50.400000000000006
13200,0,48.1,50.1,50.300000000000004,50.0,50.1,50.2,50.2,50.400000000000006
13200,1,50.2,50.1,48.2,50.0,50.1,50.2,50.400000000000006,50.400000000000006
13200,2,50.2,50.0,50.300000000000004,50.0,50.1,48.0,50.300000000000004,50.300000000000004
13200,3,50.2,50.1,50.300000000000004,50.0,50.0,50.2,48.300000000000004,50.400000000000006
13200,4,50.2,50.1,50.300000000000004,50.0,50.1,50.2,50.400000000000006,50.400000000000006
13200,5,50.1,50.1,48.2,50.0,50.1,50.2,50.400000000000006,50.300000000000004
13200,6,50.2,50.1,50.300000000000004,50.0,50.1,50.2,50.400000000000006,50.400000000000006
13200,7,50.2,50.1,50.300000000000004,50.0,50.1,50.2,48.300000000000004,50.400000000000006
13200,8,50.2,50.1,50.300000000000004,50.0,50.1,50.2,50.400000000000006,50.400000000000006
13200,9,50.2,50.1,50.300000000000004,50.0,50.1,50.2,48.300000000000004,50.400000000000006
13200,10,50.2,50.1,50.300000000000004,50.0,50.1,50.2,50.400000000000006,50.400000000000006
13200,11,50.2,50.1,50.300000000000004,50.0,50.1,48.1,48.2,50.400000000000006
13200,12,50.2,48.0,50.300000000000004,50.0,50.1,50.2,50.300000000000004,50.400000000000006
13200,13,50.2,50.1,50.300000000000004,50.0,50.1,50.2,50.400000000000006,50.400000000000006
13200,14,50.2,50.1,50.300000000000004,50.0,48.0,50.2,50.300000000000004,50.400000000000006
13200,15,50.2,50.1,50.2,50.0,50.1,50.2,50.400000000000006,48.300000000000004
13200,16,50.2,50.1,50.300000000000004,50.0,50.1,50.2,50.400000000000006,50.400000000000006
13200,17,50.2,50.1,48.2,50.0,50.1,50.2,50.400000000000006,50.400000000000006
13200,18,50.2,50.1,50.300000000000004,50.0,50.1,50.2,50.400000000000006,50.400000000000006
13200,19,50.2,50.1,50.2,50.0,50.1,50.2,50.400000000000006,48.300000000000004
13200,20,50.2,50.1,50.300000000000004,50.0,50.1,50.2,50.400000000000006,50.400000000000006
13200,21,50.2,50.1,50.300000000000004,50.0,50.1,50.2,50.400000000000006,50.400000000000006
13200,22,50.2,50.1,50.300000000000004,50.0,50.1,50.2,50.400000000000006,50.400000000000006
13200,23,50.2,50.0,50.300000000000004,50.0,50.1,50.2,50.300000000000004,48.300000000000004
13200,24,48.1,50.0,50.300000000000004,50.0,50.1,50.0,50.300000000000004,50.2
13200,25,50.2,50.1,50.300000000000004,50.0,50.1,50.2,50.400000000000006,50.400000000000006
13200,26,50.2,50.1,50.300000000000004,50.0,50.1,50.2,50.400000000000006,50.400000000000006
13200,27,50.2,50.1,50.300000000000004,50.0,50.1,50.0,50.400000000000006,48.300000000000004
13200,28,50.2,50.1,50.300000000000004,50.0,50.1,50.2,50.400000000000006,50.400000000000006
13200,29,50.2,50.1,50.300000000000004,50.0,50.1,50.2,50.400000000000006,50.400000000000006
13800,0,48.1,50.1,50.400000000000006,50.0,50.1,50.2,50.300000000000004,50.400000000000006
13800,1,50.2,50.1,48.300000000000004,50.0,50.1,50.2,50.50000000000001,50.400000000000006
13800,2,50.2,50.0,50.400000000000006,50.0,50.1,48.0,50.400000000000006,50.300000000000004
13800,3,50.2,50.1,50.400000000000006,50.0,50.0,50.2,48.400000000000006,50.400000000000006
13800,4,50.2,50.1,50.400000000000006,50.0,50.1,50.2,50.50000000000001,50.400000000000006
13800,5,50.1,50.1,48.300000000000004,50.0,50.1,50.2,50.50000000000001,50.300000000000004
13800,6,50.2,50.1,50.400000000000006,50.0,50.1,50.2,50.50000000000001,50.400000000000006
13800,7,50.2,50.1,50.400000000000006,50.0,50.1,50.2,48.400000000000006,50.400000000000006
13800,8,50.2,50.1,50.400000000000006,50.0,50.1,50.2,50.50000000000001,50.400000000000006
13800,9,50.2,50.1,50.300000000000004,50.0,50.1,50.2,48.400000000000006,50.400000000000006
13800,10,50.2,50.1,50.400000000000006,50.0,50.1,50.2,50.50000000000001,50.400000000000006
13800,11,50.2,50.1,50.400000000000006,50.0,50.1,48.1,48.300000000000004,50.400000000000006
13800,12,50.2,48.0,50.300000000000004,50.0,50.1,50.2,50.400000000000006,50.400000000000006
13800,13,50.2,50.1,50.400000000000006,50.0,50.1,50.2,50.50000000000001,50.400000000000006
13800,14,50.2,50.1,50.400000000000006,50.0,48.0,50.2,50.400000000000006,50.400000000000006
13800,15,50.2,50.1,50.300000000000004,50.0,50.1,50.2,50.50000000000001,48.300000000000004
13800,16,50.2,50.1,50.400000000000006,50.0,50.1,50.2,50.50000000000001,50.400000000000006
13800,17,50.2,50.1,48.300000000000004,50.0,50.1,50.2,50.50000000000001,50.400000000000006
13800,18,50.2,50.1,50.400000000000006,50.0,50.1,50.2,50.50000000000001,50.400000000000006
13800,19,50.2,50.1,50.300000000000004,50.0,50.1,50.2,50.50000000000001,48.300000000000004
13800,20,50.2,50.1,50.400000000000006,50.0,50.1,50.2,50.50000000000001,50.400000000000006
13800,21,50.2,50.1,48.300000000000004,50.0,50.1,50.2,50.400000000000006,50.400000000000006
13800,22,50.2,50.1,50.400000000000006,50.0,50.1,50.2,48.400000000000006,50.400000000000006
13800,23,50.2,50.0,50.300000000000004,50.0,50.1,50.2,50.300000000000004,48.300000000000004
13800,24,48.1,50.0,50.300000000000004,50.0,50.1,50.0,50.300000000000004,50.2
13800,25,50.2,50.1,50.400000000000006,50.0,50.1,50.2,50.50000000000001,50.400000000000006
13800,26,50.2,50.1,50.400000000000006,50.0,50.1,50.2,50.50000000000001,50.400000000000006
13800,27,50.2,50.1,50.400000000000006,50.0,50.1,50.0,50.50000000000001,48.300000000000004
13800,28,50.2,50.1,50.400000000000006,50.0,50.1,50.2,50.50000000000001,50.400000000000006
13800,29,50.2,50.1,50.400000000000006,50.0,50.1,50.2,50.50000000000001,50.400000000000006
14400,0,48.1,50.1,50.400000000000006,50.0,50.1,50.2,50.300000000000004,50.400000000000006
14400,1,50.2,50.1,48.300000000000004,50.0,50.1,50.2,50.50000000000001,50.400000000000006
14400,2,50.2,50.0,50.400000000000006,50.0,50.1,48.0,50.400000000000006,50.300000000000004
14400,3,50.2,50.1,50.400000000000006,50.0,50.0,50.2,48.400000000000006,50.400000000000006
14400,4,50.2,50.1,50.400000000000006,50.0,50.1,50.2,50.50000000000001,50.400000000000006
14400,5,50.1,50.1,48.300000000000004,50.0,50.1,50.2,50.50000000000001,50.300000000000004
14400,6,50.2,50.1,50.400000000000006,50.0,50.1,50.2,50.50000000000001,50.400000000000006
14400,7,50.2,50.1,50.400000000000006,50.0,50.1,50.2,48.400000000000006,50.400000000000006
14400,8,50.2,50.1,50.400000000000006,50.0,50.1,50.2,50.50000000000001,50.400000000000006
14400,9,50.2,50.1,50.300000000000004,50.0,50.1,50.2,48.400000000000006,50.400000000000006
14400,10,50.2,50.1,50.400000000000006,50.0,50.1,50.2,50.50000000000001,50.400000000000006
14400,11,50.2,50.1,50.400000000000006,50.0,50.1,48.1,48.300000000000004,50.400000000000006
14400,12,50.2,48.0,50.300000000000004,50.0,50.1,50.2,50.400000000000006,50.400000000000006
14400,13,50.2,50.1,50.400000000000006,50.0,50.1,50.2,50.50000000000001,50.400000000000006
14400,14,50.2,50.1,50.400000000000006,50.0,48.0,50.2,50.400000000000006,50.400000000000006
14400,15,50.2,50.1,50.300000000000004,50.0,50.1,50.2,50.50000000000001,48.300000000000004
14400,16,50.2,50.1,50.400000000000006,50.0,50.1,50.2,50.50000000000001,50.400000000000006
14400,17,50.2,50.1,48.300000000000004,50.0,50.1,50.2,50.50000000000001,50.400000000000006
14400,18,50.2,50.1,50.400000000000006,50.0,50.1,50.2,50.50000000000001,50.400000000000006
14400,19,50.2,50.1,50.300000000000004,50.0,50.1,50.2,50.50000000000001,48.300000000000004
14400,20,50.2,50.1,50.400000000000006,50.0,50.1,50.2,50.50000000000001,50.400000000000006
14400,21,50.2,50.1,48.300000000000004,50.0,50.1,50.2,50.400000000000006,50.400000000000006
14400,22,50.2,50.1,50.400000000000006,50.0,50.1,50.2,48.400000000000006,50.400000000000006
14400,23,50.2,50.0,50.300000000000004,50.0,50.1,50.2,50.300000000000004,48.300000000000004
14400,24,48.1,50.0,50.300000000000004,50.0,50.1,50.0,50.300000000000004,50.2
14400,25,50.2,50.1,50.400000000000006,50.0,50.1,50.2,50.50000000000001,50.400000000000006
14400,26,50.2,50.1,50.400000000000006,50.0,50.1,50.2,50.50000000000001,50.400000000000006
14400,27,50.2,50.1,50.400000000000006,50.0,50.1,50.0,50.50000000000001,48.300000000000004
14400,28,50.2,50.1,50.400000000000006,50.0,50.1,50.2,50.50000000000001,50.400000000000006
14400,29,50.2,50.1,50.400000000000006,50.0,50.1,50.2,50.50000000000001,50.400000000000006
15000,0,48.1,50.2,50.400000000000006,50.0,50.1,50.2,50.300000000000004,50.400000000000006
15000,1,50.2,50.2,48.300000000000004,50.0,50.1,50.2,50.50000000000001,50.400000000000006
15000,2,50.2,50.1,50.400000000000006,50.0,50.1,48.0,50.400000000000006,50.300000000000004
15000,3,50.2,50.2,50.400000000000006,50.0,50.0,50.2,48.400000000000006,50.400000000000006
15000,4,50.2,50.2,50.400000000000006,50.0,50.1,50.2,50.50000000000001,50.400000000000006
15000,5,50.1,50.2,48.300000000000004,50.0,50.1,50.2,50.50000000000001,50.300000000000004
15000,6,50.2,50.2,50.400000000000006,50.0,50.1,50.2,50.50000000000001,50.400000000000006
15000,7,50.2,50.2,50.400000000000006,50.0,50.1,50.2,48.400000000000006,50.400000000000006
15000,8,50.2,50.2,50.400000000000006,50.0,50.1,50.2,50.50000000000001,50.400000000000006
15000,9,50.2,50.2,50.300000000000004,50.0,50.1,50.2,48.400000000000006,50.400000000000006
15000,10,50.2,50.2,50.400000000000006,50.0,50.1,50.2,50.50000000000001,50.400000000000006
15000,11,50.2,50.2,50.400000000000006,50.0,50.1,48.1,48.300000000000004,50.400000000000006
15000,12,50.2,48.1,50.300000000000004,50.0,50.1,50.2,50.400000000000006,50.400000000000006
15000,13,50.2,50.2,50.400000000000006,50.0,50.1,50.2,50.50000000000001,50.400000000000006
15000,14,50.2,50.2,50.400000000000006,50.0,48.0,50.2,50.400000000000006,50.400000000000006
15000,15,50.2,50.2,50.300000000000004,50.0,50.1,50.2,50.50000000000001,48.300000000000004
15000,16,50.2,50.2,50.400000000000006,50.0,50.1,50.2,50.50000000000001,50.400000000000006
15000,17,50.2,50.2,48.300000000000004,50.0,50.1,50.2,50.50000000000001,50.400000000000006
15000,18,50.2,50.2,50.400000000000006,50.0,50.1,50.2,50.50000000000001,50.400000000000006
15000,19,50.2,50.2,50.300000000000004,50.0,50.1,50.2,50.50000000000001,48.300000000000004
15000,20,50.2,50.2,50.400000000000006,50.0,50.1,50.2,50.50000000000001,50.400000000000006
15000,21,50.2,48.1,48.300000000000004,50.0,50.1,50.2,50.400000000000006,50.400000000000006
15000,22,50.2,50.2,50.400000000000006,50.0,50.1,50.2,48.400000000000006,50.400000000000006
15000,23,50.2,50.1,50.300000000000004,50.0,50.1,50.2,50.300000000000004,48.300000000000004
15000,24,48.1,50.1,50.300000000000004,50.0,50.1,50.0,50.300000000000004,50.2
15000,25,50.2,50.2,50.400000000000006,50.0,50.1,50.2,50.50000000000001,50.400000000000006
15000,26,50.2,50.2,50.400000000000006,50.0,50.1,50.2,50.50000000000001,50.400000000000006
15000,27,50.2,50.2,50.400000000000006,50.0,50.1,50.0,50.50000000000001,48.300000000000004
15000,28,50.2,50.2,50.400000000000006,50.0,50.1,50.2,50.50000000000001,50.400000000000006
15000,29,50.2,50.2,50.400000000000006,50.0,50.1,50.2,50.50000000000001,50.400000000000006
15600,0,48.1,50.2,50.400000000000006,50.1,50.1,50.300000000000004,50.300000000000004,50.60000000000001
15600,1,50.2,50.2,48.300000000000004,50.1,50.1,50.300000000000004,50.50000000000001,50.60000000000001
15600,2,50.2,50.1,50.400000000000006,50.1,50.1,48.1,50.400000000000006,50.50000000000001
15600,3,50.2,50.2,50.400000000000006,50.1,50.0,50.300000000000004,48.400000000000006,50.60000000000001
15600,4,50.2,50.2,50.400000000000006,50.1,50.1,50.300000000000004,50.50000000000001,50.60000000000001
15600,5,50.1,50.2,48.300000000000004,50.1,50.1,50.300000000000004,50.50000000000001,50.50000000000001
15600,6,50.2,50.2,50.400000000000006,50.1,50.1,50.300000000000004,50.50000000000001,50.60000000000001
15600,7,50.2,50.2,50.400000000000006,50.1,50.1,50.300000000000004,48.400000000000006,50.60000000000001
15600,8,50.2,50.2,50.400000000000006,50.1,50.1,50.300000000000004,50.50000000000001,50.60000000000001
15600,9,50.2,50.2,50.300000000000004,50.0,50.1,50.300000000000004,48.400000000000006,48.400000000000006
15600,10,50.2,50.2,50.400000000000006,50.0,50.1,48.2,50.50000000000001,50.400000000000006
15600,11,50.2,50.2,50.400000000000006,50.1,50.1,48.2,48.300000000000004,50.60000000000001
15600,12,50.2,48.1,50.300000000000004,50.1,50.1,50.300000000000004,50.400000000000006,50.60000000000001
15600,13,50.2,50.2,50.400000000000006,48.0,50.1,50.300000000000004,50.50000000000001,50.60000000000001
15600,14,50.2,50.2,50.400000000000006,50.1,48.0,50.300000000000004,50.400000000000006,50.60000000000001
15600,15,50.2,50.2,50.300000000000004,50.1,50.1,50.300000000000004,50.50000000000001,48.50000000000001
15600,16,50.2,50.2,50.400000000000006,50.1,50.1,50.300000000000004,50.50000000000001,50.60000000000001
15600,17,50.2,50.2,48.300000000000004,50.1,50.1,50.300000000000004,50.50000000000001,50.60000000000001
15600,18,50.2,50.2,50.400000000000006,50.1,50.1,50.300000000000004,50.50000000000001,50.60000000000001
15600,19,50.2,50.2,50.300000000000004,50.1,50.1,50.300000000000004,50.50000000000001,48.50000000000001
15600,20,50.2,50.2,50.400000000000006,50.1,50.1,50.300000000000004,50.50000000000001,50.60000000000001
15600,21,50.2,48.1,48.300000000000004,50.0,50.1,50.2,50.400000000000006,50.400000000000006
15600,22,50.2,50.2,50.400000000000006,50.0,50.1,50.300000000000004,48.400000000000006,48.50000000000001
15600,23,50.2,50.1,50.300000000000004,50.1,50.1,50.300000000000004,50.300000000000004,48.50000000000001
15600,24,48.1,50.1,50.300000000000004,50.1,50.1,50.1,50.300000000000004,50.400000000000006
15600,25,50.2,50.2,50.400000000000006,50.1,50.1,50.300000000000004,50.50000000000001,50.60000000000001
15600,26,50.2,50.2,50.400000000000006,50.1,50.1,50.300000000000004,50.50000000000001,50.60000000000001
15600,27,50.2,50.2,50.400000000000006,50.1,50.1,50.1,50.50000000000001,48.50000000000001
15600,28,50.2,50.2,50.400000000000006,50.1,50.1,50.300000000000004,50.50000000000001,50.60000000000001
15600,29,50.2,50.2,50.400000000000006,50.1,50.1,50.300000000000004,50.50000000000001,50.60000000000001
16200,0,48.2,50.2,50.400000000000006,50.1,50.1,50.300000000000004,50.400000000000006,50.70000000000001
16200,1,50.300000000000004,50.2,48.300000000000004,50.1,50.1,50.300000000000004,50.60000000000001,50.70000000000001
16200,2,50.300000000000004,50.1,50.400000000000006,50.1,50.1,48.1,50.50000000000001,50.60000000000001
16200,3,50.300000000000004,50.2,50.400000000000006,50.1,50.0,50.300000000000004,48.50000000000001,50.70000000000001
16200,4,50.300000000000004,50.2,50.400000000000006,50.1,50.1,50.300000000000004,50.60000000000001,50.70000000000001
16200,5,50.2,50.2,48.300000000000004,50.1,50.1,50.300000000000004,50.60000000000001,50.60000000000001
16200,6,50.300000000000004,50.2,50.400000000000006,50.1,50.1,50.300000000000004,48.50000000000001,50.70000000000001
16200,7,50.300000000000004,50.2,50.400000000000006,50.1,50.1,50.300000000000004,48.50000000000001,50.70000000000001
16200,8,50.300000000000004,50.2,50.400000000000006,50.1,50.1,50.300000000000004,50.60000000000001,50.70000000000001
16200,9,50.2,50.2,50.300000000000004,50.0,50.1,50.300000000000004,48.400000000000006,48.400000000000006
16200,10,50.2,50.2,50.400000000000006,50.0,50.1,48.2,50.50000000000001,50.400000000000006
16200,11,50.300000000000004,50.2,50.400000000000006,50.1,50.1,48.2,48.400000000000006,50.70000000000001
16200,12,50.300000000000004,48.1,50.300000000000004,50.1,50.1,50.300000000000004,50.50000000000001,50.70000000000001
16200,13,50.2,50.2,50.400000000000006,48.0,50.1,50.300000000000004,50.50000000000001,48.60000000000001
16200,14,50.300000000000004,50.2,50.400000000000006,50.1,48.0,50.300000000000004,50.50000000000001,50.70000000000001
16200,15,50.300000000000004,50.2,50.300000000000004,50.1,50.1,50.300000000000004,50.60000000000001,48.60000000000001
16200,16,50.300000000000004,50.2,50.400000000000006,50.1,50.1,50.300000000000004,50.60000000000001,50.70000000000001
16200,17,50.300000000000004,50.2,48.300000000000004,50.1,50.1,50.300000000000004,50.60000000000001,50.70000000000001
16200,18,50.300000000000004,50.2,50.400000000000006,50.1,50.1,50.300000000000004,50.60000000000001,50.70000000000001
16200,19,50.300000000000004,50.2,50.300000000000004,50.1,50.1,50.300000000000004,50.60000000000001,48.60000000000001
16200,20,48.2,50.2,50.400000000000006,50.1,50.1,50.300000000000004,50.50000000000001,50.60000000000001
16200,21,50.2,48.1,48.300000000000004,50.0,50.1,50.2,50.400000000000006,50.400000000000006
16200,22,50.2,50.2,50.400000000000006,50.0,50.1,50.300000000000004,48.400000000000006,48.50000000000001
16200,23,50.300000000000004,50.1,50.300000000000004,50.1,50.1,50.300000000000004,50.400000000000006,48.60000000000001
16200,24,48.2,50.1,50.300000000000004,50.1,50.1,50.1,50.400000000000006,50.50000000000001
16200,25,50.300000000000004,50.2,50.400000000000006,50.1,50.1,50.300000000000004,50.60000000000001,50.70000000000001
16200,26,50.300000000000004,50.2,50.400000000000006,50.1,50.1,50.300000000000004,50.60000000000001,50.70000000000001
16200,27,50.300000000000004,50.2,50.400000000000006,50.1,50.1,50.1,50.60000000000001,48.60000000000001
16200,28,50.300000000000004,50.2,50.400000000000006,50.1,50.1,50.300000000000004,50.60000000000001,50.70000000000001
16200,29,50.300000000000004,50.2,50.400000000000006,50.1,50.1,50.300000000000004,50.60000000000001,50.70000000000001
16800,0,48.2,50.2,50.400000000000006,50.1,50.2,50.300000000000004,50.400000000000006,50.70000000000001
16800,1,50.300000000000004,50.2,48.300000000000004,50.1,50.2,50.300000000000004,50.60000000000001,50.70000000000001
16800,2,50.300000000000004,50.1,50.400000000000006,50.1,50.2,48.1,50.50000000000001,50.60000000000001
16800,3,50.300000000000004,50.2,50.400000000000006,50.1,50.1,50.300000000000004,48.50000000000001,50.70000000000001
16800,4,50.300000000000004,50.2,50.400000000000006,50.1,50.2,50.300000000000004,50.60000000000001,50.70000000000001
16800,5,50.2,50.2,48.300000000000004,50.1,50.2,50.300000000000004,50.60000000000001,50.60000000000001
16800,6,50.300000000000004,50.2,50.400000000000006,50.1,50.1,50.300000000000004,48.50000000000001,50.70000000000001
16800,7,50.300000000000004,50.2,50.400000000000006,50.1,50.2,50.300000000000004,48.50000000000001,50.70000000000001
16800,8,50.300000000000004,50.2,50.400000000000006,50.1,50.2,50.300000000000004,50.60000000000001,50.70000000000001
16800,9,50.2,50.2,50.300000000000004,50.0,50.1,50.300000000000004,48.400000000000006,48.400000000000006
16800,10,50.2,50.2,50.400000000000006,50.0,50.1,48.2,50.50000000000001,50.400000000000006
16800,11,50.300000000000004,50.2,50.400000000000006,50.1,50.2,48.2,48.400000000000006,50.70000000000001
16800,12,50.300000000000004,48.1,50.300000000000004,50.1,50.2,50.300000000000004,50.50000000000001,50.70000000000001
16800,13,50.2,50.2,50.400000000000006,48.0,50.1,50.300000000000004,50.50000000000001,48.60000000000001
16800,14,50.300000000000004,50.2,50.400000000000006,50.1,46.0,50.300000000000004,50.50000000000001,50.70000000000001
16800,15,50.300000000000004,50.2,50.300000000000004,50.1,50.2,50.300000000000004,50.60000000000001,48.60000000000001
16800,16,50.300000000000004,50.2,50.400000000000006,50.1,50.2,50.300000000000004,50.60000000000001,50.70000000000001
16800,17,50.300000000000004,50.2,48.300000000000004,50.1,50.2,50.300000000000004,50.60000000000001,50.70000000000001
16800,18,50.300000000000004,50.2,50.400000000000006,50.1,50.2,50.300000000000004,50.60000000000001,50.70000000000001
16800,19,50.300000000000004,50.2,50.300000000000004,50.1,50.2,50.300000000000004,50.60000000000001,48.60000000000001
16800,20,48.2,50.2,50.400000000000006,50.1,50.1,50.300000000000004,50.50000000000001,50.60000000000001
16800,21,50.2,48.1,48.300000000000004,50.0,50.1,50.2,50.400000000000006,50.400000000000006
16800,22,50.2,50.2,50.400000000000006,50.0,50.1,50.300000000000004,48.400000000000006,48.50000000000001
16800,23,50.300000000000004,50.1,50.300000000000004,50.1,50.2,50.300000000000004,50.400000000000006,48.60000000000001
16800,24,48.2,50.1,50.300000000000004,50.1,50.2,50.1,50.400000000000006,50.50000000000001
16800,25,50.300000000000004,50.2,50.400000000000006,50.1,50.2,50.300000000000004,50.60000000000001,50.70000000000001
16800,26,50.300000000000004,50.2,50.400000000000006,50.1,50.2,50.300000000000004,50.60000000000001,50.70000000000001
16800,27,50.300000000000004,50.2,50.400000000000006,50.1,50.2,50.1,50.60000000000001,48.60000000000001
16800,28,50.300000000000004,50.2,50.400000000000006,50.1,50.2,50.300000000000004,50.60000000000001,50.70000000000001
16800,29,50.300000000000004,50.2,50.400000000000006,50.1,50.2,50.300000000000004,50.60000000000001,50.70000000000001
17400,0,48.300000000000004,50.2,50.400000000000006,50.2,50.300000000000004,50.300000000000004,50.400000000000006,50.80000000000001
17400,1,50.400000000000006,50.2,48.300000000000004,50.2,50.300000000000004,50.300000000000004,50.60000000000001,50.80000000000001
17400,2,50.400000000000006,50.1,50.400000000000006,50.2,50.300000000000004,48.1,50.50000000000001,50.70000000000001
17400,3,50.400000000000006,50.2,50.400000000000006,50.2,50.2,50.300000000000004,48.50000000000001,50.80000000000001
17400,4,48.300000000000004,50.2,50.400000000000006,50.1,50.2,50.300000000000004,50.60000000000001,50.70000000000001
17400,5,50.300000000000004,50.2,48.300000000000004,50.2,50.300000000000004,50.300000000000004,50.60000000000001,50.70000000000001
17400,6,50.400000000000006,50.2,50.400000000000006,50.2,50.2,50.300000000000004,48.50000000000001,50.80000000000001
17400,7,50.400000000000006,50.2,50.400000000000006,50.2,50.300000000000004,50.300000000000004,48.50000000000001,50.80000000000001
17400,8,50.400000000000006,50.2,50.400000000000006,50.2,50.300000000000004,50.300000000000004,50.60000000000001,50.80000000000001
17400,9,50.300000000000004,50.2,50.300000000000004,50.1,50.2,50.300000000000004,48.400000000000006,48.50000000000001
17400,10,50.2,50.2,50.400000000000006,50.0,50.1,48.2,50.50000000000001,50.400000000000006
17400,11,50.400000000000006,50.2,50.400000000000006,50.2,50.300000000000004,48.2,48.400000000000006,50.80000000000001
17400,12,50.400000000000006,48.1,50.300000000000004,50.2,50.300000000000004,50.300000000000004,50.50000000000001,50.80000000000001
17400,13,50.2,50.2,50.400000000000006,48.0,50.2,50.300000000000004,50.50000000000001,48.70000000000001
17400,14,50.300000000000004,50.2,50.400000000000006,50.1,46.0,50.300000000000004,50.50000000000001,50.70000000000001
17400,15,50.400000000000006,50.2,50.300000000000004,50.2,50.2,50.300000000000004,50.60000000000001,46.60000000000001
17400,16,50.400000000000006,50.2,50.400000000000006,50.2,50.300000000000004,50.300000000000004,50.60000000000001,50.80000000000001
17400,17,50.400000000000006,50.2,48.300000000000004,50.2,50.300000000000004,50.300000000000004,50.60000000000001,50.80000000000001
17400,18,50.400000000000006,50.2,50.400000000000006,48.1,50.2,50.300000000000004,50.60000000000001,50.70000000000001
17400,19,50.400000000000006,50.2,50.300000000000004,50.2,50.300000000000004,50.300000000000004,50.60000000000001,48.70000000000001
17400,20,48.2,50.2,50.400000000000006,50.1,50.1,50.300000000000004,50.50000000000001,50.60000000000001
17400,21,50.300000000000004,48.1,48.300000000000004,50.1,50.2,50.2,50.400000000000006,50.50000000000001
17400,22,50.300000000000004,50.2,50.400000000000006,50.1,50.2,50.300000000000004,48.400000000000006,48.60000000000001
17400,23,50.400000000000006,50.1,50.300000000000004,50.2,50.300000000000004,50.300000000000004,50.400000000000006,48.70000000000001
17400,24,48.300000000000004,50.1,50.300000000000004,50.2,50.300000000000004,50.1,50.400000000000006,50.60000000000001
17400,25,50.400000000000006,50.2,50.400000000000006,50.2,48.2,50.300000000000004,50.60000000000001,50.80000000000001
17400,26,50.400000000000006,50.2,50.400000000000006,50.2,50.300000000000004,50.300000000000004,50.60000000000001,50.80000000000001
17400,27,50.400000000000006,50.2,50.400000000000006,50.2,50.300000000000004,50.1,50.60000000000001,48.70000000000001
17400,28,50.400000000000006,50.2,50.400000000000006,50.2,50.300000000000004,50.300000000000004,50.60000000000001,50.80000000000001
17400,29,50.400000000000006,50.2,50.400000000000006,50.2,50.300000000000004,50.300000000000004,50.60000000000001,50.80000000000001
18000,0,48.300000000000004,50.2,50.400000000000006,50.300000000000004,50.300000000000004,50.300000000000004,50.400000000000006,50.80000000000001
18000,1,50.400000000000006,50.2,48.300000000000004,50.300000000000004,50.300000000000004,50.300000000000004,50.60000000000001,50.80000000000001
18000,2,50.400000000000006,50.1,50.400000000000006,50.300000000000004,50.300000000000004,48.1,50.50000000000001,50.70000000000001
18000,3,50.400000000000006,50.2,50.400000000000006,50.300000000000004,50.2,50.300000000000004,48.50000000000001,50.80000000000001
18000,4,48.300000000000004,50.2,50.400000000000006,50.1,50.2,50.300000000000004,50.60000000000001,50.70000000000001
18000,5,50.300000000000004,50.2,48.300000000000004,50.300000000000004,50.300000000000004,50.300000000000004,50.60000000000001,50.70000000000001
18000,6,50.400000000000006,50.2,50.400000000000006,50.300000000000004,50.2,50.300000000000004,48.50000000000001,50.80000000000001
18000,7,50.400000000000006,50.2,50.400000000000006,50.300000000000004,50.300000000000004,50.300000000000004,48.50000000000001,50.80000000000001
18000,8,50.400000000000006,50.2,50.400000000000006,50.300000000000004,50.300000000000004,50.300000000000004,50.60000000000001,50.80000000000001
18000,9,50.300000000000004,50.2,50.300000000000004,50.2,50.2,50.300000000000004,48.400000000000006,48.50000000000001
18000,10,50.2,50.2,50.400000000000006,50.1,50.1,48.2,50.50000000000001,50.400000000000006
18000,11,50.400000000000006,50.2,50.400000000000006,50.300000000000004,50.300000000000004,48.2,48.400000000000006,50.80000000000001
18000,12,50.400000000000006,48.1,50.300000000000004,50.300000000000004,50.300000000000004,50.300000000000004,50.50000000000001,50.80000000000001
18000,13,50.2,50.2,50.400000000000006,48.1,50.2,50.300000000000004,50.50000000000001,48.70000000000001
18000,14,50.300000000000004,50.2,50.400000000000006,50.2,46.0,50.300000000000004,50.50000000000001,50.70000000000001
18000,15,50.400000000000006,50.2,50.300000000000004,50.2,50.2,50.300000000000004,50.60000000000001,46.60000000000001
18000,16,50.400000000000006,50.2,50.400000000000006,50.300000000000004,50.300000000000004,50.300000000000004,50.60000000000001,50.80000000000001
18000,17,50.400000000000006,50.2,48.300000000000004,50.300000000000004,50.300000000000004,50.300000000000004,50.60000000000001,50.80000000000001
18000,18,50.400000000000006,50.2,50.400000000000006,48.1,50.2,50.300000000000004,50.60000000000001,50.70000000000001
18000,19,50.400000000000006,50.2,50.300000000000004,50.300000000000004,50.300000000000004,50.300000000000004,50.60000000000001,48.70000000000001
18000,20,48.2,50.2,50.400000000000006,50.2,50.1,50.300000000000004,50.50000000000001,50.60000000000001
18000,21,50.300000000000004,48.1,48.300000000000004,50.2,50.2,50.2,50.400000000000006,50.50000000000001
18000,22,50.300000000000004,50.2,50.400000000000006,50.2,50.2,50.300000000000004,48.400000000000006,48.60000000000001
18000,23,50.400000000000006,50.1,50.300000000000004,50.300000000000004,50.300000000000004,50.300000000000004,50.400000000000006,48.70000000000001
18000,24,48.300000000000004,50.1,50.300000000000004,50.300000000000004,50.300000000000004,50.1,50.400000000000006,50.60000000000001
18000,25,50.400000000000006,50.2,50.400000000000006,50.2,48.2,50.300000000000004,50.60000000000001,50.80000000000001
18000,26,50.400000000000006,50.2,50.400000000000006,48.2,50.300000000000004,50.300000000000004,50.60000000000001,50.80000000000001
18000,27,50.400000000000006,50.2,50.400000000000006,50.300000000000004,50.300000000000004,50.1,50.60000000000001,48.70000000000001
18000,28,50.400000000000006,50.2,50.400000000000006,50.300000000000004,50.300000000000004,50.300000000000004,50.60000000000001,50.80000000000001
18000,29,50.400000000000006,50.2,50.400000000000006,50.300000000000004,50.300000000000004,50.300000000000004,50.60000000000001,50.80000000000001
18600,0,48.400000000000006,50.2,50.50000000000001,50.300000000000004,50.400000000000006,50.300000000000004,50.50000000000001,50.80000000000001
18600,1,50.50000000000001,50.2,48.400000000000006,50.300000000000004,50.400000000000006,50.300000000000004,50.70000000000001,50.80000000000001
18600,2,50.50000000000001,50.1,50.50000000000001,50.300000000000004,50.400000000000006,48.1,50.60000000000001,50.70000000000001
18600,3,50.50000000000001,50.2,50.50000000000001,50.300000000000004,50.300000000000004,50.300000000000004,48.60000000000001,50.80000000000001
18600,4,48.300000000000004,50.2,50.400000000000006,50.1,50.2,50.300000000000004,50.60000000000001,50.70000000000001
18600,5,50.400000000000006,50.2,48.400000000000006,50.300000000000004,50.400000000000006,50.300000000000004,50.70000000000001,50.70000000000001
18600,6,50.50000000000001,50.2,50.50000000000001,50.300000000000004,50.300000000000004,50.300000000000004,48.60000000000001,50.80000000000001
18600,7,50.50000000000001,50.2,50.50000000000001,50.300000000000004,50.300000000000004,50.300000000000004,46.50000000000001,50.80000000000001
18600,8,50.50000000000001,50.2,50.50000000000001,50.300000000000004,50.400000000000006,50.300000000000004,50.70000000000001,50.80000000000001
18600,9,50.400000000000006,50.2,50.400000000000006,50.2,50.300000000000004,50.300000000000004,48.50000000000001,48.50000000000001
18600,10,50.300000000000004,50.2,50.50000000000001,50.1,50.2,48.2,50.60000000000001,50.400000000000006
18600,11,50.50000000000001,50.2,50.50000000000001,50.300000000000004,50.400000000000006,48.2,48.50000000000001,50.80000000000001
18600,12,50.50000000000001,48.1,48.300000000000004,50.300000000000004,50.300000000000004,50.300000000000004,50.50000000000001,50.80000000000001
18600,13,50.300000000000004,50.2,50.50000000000001,48.1,50.300000000000004,50.300000000000004,50.60000000000001,48.70000000000001
18600,14,50.400000000000006,50.2,50.50000000000001,50.2,46.1,50.300000000000004,50.60000000000001,50.70000000000001
18600,15,50.50000000000001,50.2,50.400000000000006,50.2,50.300000000000004,50.300000000000004,50.70000000000001,46.60000000000001
18600,16,50.50000000000001,50.2,50.50000000000001,50.300000000000004,50.400000000000006,50.300000000000004,50.70000000000001,50.80000000000001
18600,17,50.50000000000001,50.2,48.400000000000006,50.300000000000004,48.300000000000004,50.300000000000004,50.70000000000001,50.80000000000001
18600,18,50.400000000000006,50.2,50.400000000000006,48.1,50.300000000000004,50.300000000000004,50.70000000000001,50.70000000000001
18600,19,50.50000000000001,50.2,50.400000000000006,50.300000000000004,50.400000000000006,50.300000000000004,50.70000000000001,48.70000000000001
18600,20,48.300000000000004,50.2,50.50000000000001,50.2,50.2,50.300000000000004,50.60000000000001,50.60000000000001
18600,21,50.400000000000006,48.1,48.400000000000006,50.2,50.300000000000004,50.2,50.50000000000001,50.50000000000001
18600,22,50.400000000000006,50.2,50.50000000000001,50.2,50.300000000000004,50.300000000000004,48.50000000000001,48.60000000000001
18600,23,50.50000000000001,50.1,50.400000000000006,50.300000000000004,50.400000000000006,50.300000000000004,50.50000000000001,48.70000000000001
18600,24,48.400000000000006,50.1,50.400000000000006,50.300000000000004,50.400000000000006,50.1,50.50000000000001,50.60000000000001
18600,25,50.400000000000006,50.2,50.400000000000006,50.2,48.300000000000004,50.300000000000004,50.70000000000001,50.80000000000001
18600,26,50.400000000000006,50.2,50.400000000000006,48.2,50.300000000000004,50.300000000000004,50.60000000000001,50.80000000000001
18600,27,50.50000000000001,50.2,50.50000000000001,50.300000000000004,50.400000000000006,50.1,50.70000000000001,48.70000000000001
18600,28,50.50000000000001,50.2,50.50000000000001,50.300000000000004,50.400000000000006,50.300000000000004,50.70000000000001,50.80000000000001
18600,29,48.400000000000006,50.2,50.400000000000006,50.300000000000004,50.300000000000004,50.300000000000004,50.60000000000001,50.80000000000001
19200,0,48.400000000000006,50.2,50.50000000000001,50.50000000000001,50.400000000000006,50.300000000000004,50.60000000000001,50.80000000000001
19200,1,50.50000000000001,50.2,48.400000000000006,50.50000000000001,50.400000000000006,50.300000000000004,50.80000000000001,50.80000000000001
19200,2,50.50000000000001,50.1,50.50000000000001,48.400000000000006,50.400000000000006,48.1,50.70000000000001,50.70000000000001
19200,3,50.50000000000001,50.2,50.50000000000001,50.50000000000001,50.300000000000004,50.300000000000004,48.70000000000001,50.80000000000001
19200,4,48.300000000000004,50.2,50.400000000000006,50.1,50.2,50.300000000000004,50.60000000000001,50.70000000000001
19200,5,50.400000000000006,50.2,48.400000000000006,50.50000000000001,50.400000000000006,50.300000000000004,50.80000000000001,50.70000000000001
19200,6,50.50000000000001,50.2,50.50000000000001,50.50000000000001,50.300000000000004,50.300000000000004,48.70000000000001,50.80000000000001
19200,7,50.50000000000001,50.2,50.50000000000001,50.300000000000004,50.300000000000004,50.300000000000004,46.50000000000001,50.80000000000001
19200,8,50.50000000000001,50.2,50.50000000000001,48.300000000000004,50.400000000000006,50.300000000000004,50.80000000000001,50.80000000000001
19200,9,50.400000000000006,50.2,50.400000000000006,50.400000000000006,50.300000000000004,50.300000000000004,48.60000000000001,48.50000000000001
19200,10,50.300000000000004,50.2,50.50000000000001,50.300000000000004,50.2,48.2,50.70000000000001,50.400000000000006
19200,11,50.50000000000001,50.2,50.50000000000001,50.50000000000001,50.400000000000006,48.2,48.60000000000001,50.80000000000001
19200,12,50.50000000000001,48.1,48.300000000000004,50.300000000000004,50.300000000000004,50.300000000000004,50.50000000000001,50.80000000000001
19200,13,50.300000000000004,50.2,50.50000000000001,48.300000000000004,50.300000000000004,50.300000000000004,50.70000000000001,48.70000000000001
19200,14,50.400000000000006,50.2,50.50000000000001,50.400000000000006,46.1,50.300000000000004,50.70000000000001,50.70000000000001
19200,15,50.50000000000001,50.2,50.400000000000006,50.400000000000006,50.300000000000004,50.300000000000004,50.80000000000001,46.60000000000001
19200,16,50.50000000000001,50.2,50.50000000000001,50.50000000000001,50.400000000000006,50.300000000000004,50.80000000000001,50.80000000000001
19200,17,50.50000000000001,50.2,48.400000000000006,50.50000000000001,48.300000000000004,50.300000000000004,50.70000000000001,50.80000000000001
19200,18,50.400000000000006,50.2,50.400000000000006,48.300000000000004,50.300000000000004,50.300000000000004,50.80000000000001,50.70000000000001
19200,19,50.50000000000001,50.2,50.400000000000006,50.50000000000001,50.400000000000006,50.300000000000004,50.80000000000001,48.70000000000001
19200,20,48.300000000000004,50.2,50.50000000000001,50.400000000000006,50.2,50.300000000000004,50.70000000000001,50.60000000000001
19200,21,50.400000000000006,48.1,48.400000000000006,50.400000000000006,50.300000000000004,50.2,50.60000000000001,50.50000000000001
19200,22,50.400000000000006,50.2,50.50000000000001,50.400000000000006,50.300000000000004,50.300000000000004,48.60000000000001,48.60000000000001
19200,23,50.50000000000001,50.1,50.400000000000006,50.50000000000001,50.400000000000006,50.300000000000004,50.60000000000001,48.70000000000001
19200,24,48.400000000000006,50.1,50.400000000000006,50.50000000000001,50.400000000000006,50.1,50.60000000000001,50.60000000000001
19200,25,50.400000000000006,50.2,50.400000000000006,50.400000000000006,48.300000000000004,50.300000000000004,50.80000000000001,50.80000000000001
19200,26,50.400000000000006,50.2,50.400000000000006,48.2,50.300000000000004,50.300000000000004,50.60000000000001,50.80000000000001
19200,27,50.50000000000001,50.2,50.50000000000001,50.300000000000004,50.400000000000006,50.1,48.70000000000001,48.70000000000001
19200,28,50.50000000000001,50.2,50.50000000000001,50.50000000000001,50.400000000000006,50.300000000000004,50.80000000000001,50.80000000000001
19200,29,48.400000000000006,50.2,50.400000000000006,50.300000000000004,50.300000000000004,50.300000000000004,50.60000000000001,50.80000000000001
19800,0,48.400000000000006,50.2,50.50000000000001,50.60000000000001,50.400000000000006,50.300000000000004,50.60000000000001,50.90000000000001
19800,1,50.50000000000001,50.2,48.400000000000006,50.60000000000001,50.400000000000006,50.300000000000004,50.80000000000001,50.90000000000001
19800,2,50.50000000000001,50.1,50.50000000000001,48.400000000000006,50.400000000000006,48.1,50.70000000000001,50.70000000000001
19800,3,50.50000000000001,50.2,50.50000000000001,50.60000000000001,50.300000000000004,50.300000000000004,48.70000000000001,50.90000000000001
19800,4,48.300000000000004,50.2,50.400000000000006,50.1,50.2,50.300000000000004,50.60000000000001,50.70000000000001
19800,5,50.400000000000006,50.2,48.400000000000006,50.60000000000001,50.400000000000006,50.300000000000004,50.80000000000001,50.80000000000001
19800,6,50.50000000000001,50.2,50.50000000000001,50.60000000000001,50.300000000000004,50.300000000000004,48.70000000000001,50.90000000000001
19800,7,50.50000000000001,50.2,50.50000000000001,50.300000000000004,50.300000000000004,50.300000000000004,46.50000000000001,50.80000000000001
19800,8,50.50000000000001,50.2,50.50000000000001,48.300000000000004,50.400000000000006,50.300000000000004,50.80000000000001,50.80000000000001
19800,9,50.400000000000006,50.2,50.400000000000006,50.50000000000001,50.300000000000004,50.300000000000004,48.60000000000001,48.60000000000001
19800,10,50.300000000000004,50.2,50.50000000000001,50.400000000000006,50.2,48.2,50.70000000000001,50.50000000000001
19800,11,50.50000000000001,50.2,50.50000000000001,50.60000000000001,50.400000000000006,48.2,48.60000000000001,50.90000000000001
19800,12,50.50000000000001,48.1,48.300000000000004,50.400000000000006,50.300000000000004,50.300000000000004,50.50000000000001,50.80000000000001
19800,13,50.300000000000004,50.2,50.50000000000001,48.400000000000006,50.300000000000004,50.300000000000004,50.70000000000001,48.80000000000001
19800,14,50.400000000000006,50.2,50.50000000000001,50.50000000000001,46.1,50.300000000000004,50.70000000000001,50.80000000000001
19800,15,50.50000000000001,50.2,50.400000000000006,50.400000000000006,50.300000000000004,50.300000000000004,50.80000000000001,44.60000000000001
19800,16,50.50000000000001,50.2,50.50000000000001,50.60000000000001,50.400000000000006,50.300000000000004,50.80000000000001,50.90000000000001
19800,17,50.50000000000001,50.2,48.400000000000006,50.60000000000001,48.300000000000004,50.300000000000004,50.70000000000001,50.90000000000001
19800,18,50.400000000000006,50.2,50.400000000000006,48.400000000000006,50.300000000000004,50.300000000000004,50.80000000000001,50.80000000000001
19800,19,50.50000000000001,50.2,50.400000000000006,50.60000000000001,50.400000000000006,50.300000000000004,50.80000000000001,48.80000000000001
19800,20,48.300000000000004,50.2,50.50000000000001,50.50000000000001,50.2,50.300000000000004,50.70000000000001,50.70000000000001
19800,21,50.400000000000006,48.1,48.400000000000006,50.50000000000001,50.300000000000004,50.2,50.60000000000001,50.60000000000001
19800,22,50.400000000000006,50.2,50.50000000000001,50.50000000000001,50.300000000000004,50.300000000000004,48.60000000000001,48.70000000000001
19800,23,50.50000000000001,50.1,50.400000000000006,50.60000000000001,50.400000000000006,50.300000000000004,50.60000000000001,48.80000000000001
19800,24,48.400000000000006,50.1,50.400000000000006,50.60000000000001,50.400000000000006,50.1,50.60000000000001,50.70000000000001
19800,25,50.400000000000006,50.2,50.400000000000006,48.400000000000006,48.300000000000004,50.300000000000004,50.80000000000001,50.90000000000001
19800,26,50.400000000000006,50.2,50.400000000000006,48.300000000000004,50.300000000000004,50.300000000000004,50.60000000000001,50.90000000000001
19800,27,50.50000000000001,50.2,50.50000000000001,50.400000000000006,50.400000000000006,50.1,48.70000000000001,48.80000000000001
19800,28,50.50000000000001,50.2,50.50000000000001,50.60000000000001,50.400000000000006,50.300000000000004,50.80000000000001,50.90000000000001
19800,29,48.400000000000006,50.2,50.400000000000006,50.300000000000004,50.300000000000004,50.300000000000004,50.60000000000001,50.80000000000001
20400,0,48.400000000000006,50.2,50.50000000000001,50.70000000000001,50.400000000000006,50.400000000000006,50.70000000000001,51.000000000000014
20400,1,50.50000000000001,50.2,48.400000000000006,48.60000000000001,50.400000000000006,50.400000000000006,50.80000000000001,50.90000000000001
20400,2,50.50000000000001,50.1,50.50000000000001,48.400000000000006,50.400000000000006,48.1,50.70000000000001,50.70000000000001
20400,3,50.50000000000001,50.2,50.50000000000001,50.70000000000001,50.300000000000004,50.400000000000006,48.80000000000001,51.000000000000014
20400,4,48.300000000000004,50.2,50.400000000000006,50.1,50.2,50.300000000000004,50.60000000000001,50.80000000000001
20400,5,50.400000000000006,50.2,48.400000000000006,50.70000000000001,50.400000000000006,50.400000000000006,50.90000000000001,50.90000000000001
20400,6,50.50000000000001,50.2,50.50000000000001,50.70000000000001,50.300000000000004,50.400000000000006,48.80000000000001,51.000000000000014
20400,7,50.50000000000001,50.2,50.50000000000001,50.400000000000006,50.300000000000004,50.300000000000004,46.60000000000001,50.90000000000001
20400,8,50.50000000000001,50.2,50.50000000000001,48.400000000000006,50.400000000000006,48.300000000000004,50.90000000000001,50.90000000000001
20400,9,50.400000000000006,50.2,50.400000000000006,50.60000000000001,50.300000000000004,50.400000000000006,46.60000000000001,48.60000000000001
20400,10,50.300000000000004,50.2,50.50000000000001,50.50000000000001,50.2,48.300000000000004,50.80000000000001,50.60000000000001
20400,11,50.50000000000001,50.2,50.50000000000001,50.70000000000001,50.400000000000006,48.300000000000004,48.70000000000001,51.000000000000014
20400,12,50.50000000000001,48.1,48.300000000000004,50.50000000000001,50.300000000000004,50.400000000000006,50.60000000000001,50.90000000000001
20400,13,50.300000000000004,50.2,50.50000000000001,48.50000000000001,50.300000000000004,50.400000000000006,50.80000000000001,48.90000000000001
20400,14,50.400000000000006,50.2,50.50000000000001,50.60000000000001,46.1,50.400000000000006,50.80000000000001,50.90000000000001
20400,15,50.50000000000001,50.2,50.400000000000006,50.400000000000006,50.300000000000004,50.300000000000004,50.80000000000001,44.60000000000001
20400,16,50.50000000000001,50.2,50.50000000000001,50.70000000000001,50.400000000000006,50.400000000000006,50.90000000000001,51.000000000000014
20400,17,50.50000000000001,50.2,48.400000000000006,50.70000000000001,48.300000000000004,50.400000000000006,50.80000000000001,51.000000000000014
20400,18,50.400000000000006,50.2,50.400000000000006,48.50000000000001,50.300000000000004,50.400000000000006,50.90000000000001,50.90000000000001
20400,19,50.50000000000001,50.2,50.400000000000006,50.70000000000001,50.400000000000006,50.400000000000006,50.90000000000001,48.90000000000001
20400,20,48.300000000000004,50.2,50.50000000000001,50.60000000000001,50.2,50.400000000000006,50.80000000000001,50.80000000000001
20400,21,50.400000000000006,48.1,48.400000000000006,50.60000000000001,50.300000000000004,50.300000000000004,50.70000000000001,50.70000000000001
20400,22,50.400000000000006,50.2,50.50000000000001,50.60000000000001,50.300000000000004,50.400000000000006,48.70000000000001,48.80000000000001
20400,23,50.50000000000001,50.1,50.400000000000006,50.70000000000001,50.400000000000006,50.400000000000006,50.70000000000001,46.80000000000001
20400,24,48.400000000000006,50.1,50.400000000000006,50.70000000000001,50.400000000000006,50.2,50.70000000000001,50.80000000000001
20400,25,50.400000000000006,50.2,50.400000000000006,48.400000000000006,48.300000000000004,50.300000000000004,50.80000000000001,50.90000000000001
20400,26,50.400000000000006,50.2,50.400000000000006,48.400000000000006,50.300000000000004,50.400000000000006,50.70000000000001,51.000000000000014
20400,27,50.50000000000001,50.2,50.50000000000001,50.50000000000001,50.400000000000006,50.2,48.80000000000001,48.90000000000001
20400,28,50.50000000000001,50.2,50.50000000000001,50.70000000000001,50.400000000000006,50.400000000000006,50.90000000000001,51.000000000000014
20400,29,48.400000000000006,50.2,50.400000000000006,50.300000000000004,50.300000000000004,50.300000000000004,50.60000000000001,50.80000000000001
21000,0,48.400000000000006,50.2,50.50000000000001,50.80000000000001,50.400000000000006,50.50000000000001,51.000000000000014,51.20000000000002
21000,1,50.50000000000001,50.2,48.400000000000006,48.60000000000001,50.400000000000006,50.400000000000006,50.80000000000001,50.90000000000001
21000,2,50.50000000000001,50.1,50.50000000000001,48.50000000000001,50.400000000000006,48.1,50.80000000000001,50.80000000000001
21000,3,50.50000000000001,50.2,50.50000000000001,50.70000000000001,50.300000000000004,48.400000000000006,48.90000000000001,51.000000000000014
21000,4,48.300000000000004,50.2,50.400000000000006,50.2,50.2,50.400000000000006,50.90000000000001,51.000000000000014
21000,5,50.400000000000006,50.2,48.400000000000006,50.80000000000001,50.400000000000006,50.50000000000001,51.20000000000002,51.100000000000016
21000,6,50.50000000000001,50.2,50.50000000000001,50.70000000000001,50.300000000000004,50.400000000000006,46.80000000000001,51.000000000000014
21000,7,50.50000000000001,50.2,50.50000000000001,50.50000000000001,50.300000000000004,50.400000000000006,46.90000000000001,51.100000000000016
21000,8,50.50000000000001,50.2,50.50000000000001,48.50000000000001,50.400000000000006,48.400000000000006,51.20000000000002,51.100000000000016
21000,9,50.400000000000006,50.2,50.400000000000006,50.60000000000001,50.300000000000004,50.400000000000006,46.60000000000001,46.60000000000001
21000,10,50.300000000000004,50.2,50.50000000000001,50.60000000000001,50.2,48.400000000000006,51.100000000000016,50.80000000000001
21000,11,50.50000000000001,50.2,50.50000000000001,50.70000000000001,50.400000000000006,48.400000000000006,48.90000000000001,49.000000000000014
21000,12,50.50000000000001,48.1,48.300000000000004,50.60000000000001,50.300000000000004,50.50000000000001,50.90000000000001,51.100000000000016
21000,13,50.300000000000004,50.2,50.50000000000001,46.50000000000001,50.300000000000004,50.50000000000001,51.100000000000016,49.100000000000016
21000,14,50.400000000000006,50.2,50.50000000000001,50.70000000000001,46.1,50.50000000000001,51.100000000000016,51.100000000000016
21000,15,50.50000000000001,50.2,50.400000000000006,50.50000000000001,50.300000000000004,50.300000000000004,50.90000000000001,44.70000000000001
21000,16,50.50000000000001,50.2,50.50000000000001,50.80000000000001,50.400000000000006,50.50000000000001,51.20000000000002,51.20000000000002
21000,17,50.50000000000001,50.2,48.400000000000006,50.80000000000001,48.300000000000004,50.50000000000001,51.100000000000016,51.20000000000002
21000,18,50.400000000000006,50.2,50.400000000000006,48.60000000000001,50.300000000000004,50.50000000000001,51.20000000000002,51.100000000000016
21000,19,50.50000000000001,50.2,50.400000000000006,50.70000000000001,50.400000000000006,50.50000000000001,49.000000000000014,48.90000000000001
21000,20,48.300000000000004,50.2,50.50000000000001,50.70000000000001,50.2,50.50000000000001,51.100000000000016,51.000000000000014
21000,21,50.400000000000006,48.1,48.400000000000006,50.70000000000001,50.300000000000004,50.400000000000006,51.000000000000014,50.90000000000001
21000,22,50.400000000000006,50.2,50.50000000000001,50.60000000000001,50.300000000000004,50.50000000000001,46.90000000000001,49.000000000000014
21000,23,50.50000000000001,50.1,50.400000000000006,50.70000000000001,50.400000000000006,50.400000000000006,50.70000000000001,46.80000000000001
21000,24,48.400000000000006,50.1,50.400000000000006,50.80000000000001,50.400000000000006,50.300000000000004,51.000000000000014,51.000000000000014
21000,25,50.400000000000006,50.2,50.400000000000006,48.50000000000001,48.300000000000004,50.300000000000004,50.80000000000001,50.90000000000001
21000,26,50.400000000000006,50.2,50.400000000000006,48.50000000000001,50.300000000000004,50.50000000000001,51.000000000000014,51.20000000000002
21000,27,50.50000000000001,50.2,50.50000000000001,50.60000000000001,50.400000000000006,50.300000000000004,49.100000000000016,49.100000000000016
21000,28,50.50000000000001,50.2,50.50000000000001,50.80000000000001,50.400000000000006,50.50000000000001,51.20000000000002,51.20000000000002
21000,29,48.400000000000006,50.2,50.400000000000006,50.300000000000004,50.300000000000004,50.300000000000004,50.60000000000001,50.80000000000001
21600,0,48.400000000000006,50.2,50.50000000000001,50.80000000000001,50.60000000000001,50.50000000000001,51.30000000000002,51.20000000000002
21600,1,50.50000000000001,50.2,48.400000000000006,48.60000000000001,50.400000000000006,50.400000000000006,50.80000000000001,50.90000000000001
21600,2,50.50000000000001,50.1,50.50000000000001,48.50000000000001,50.60000000000001,48.1,51.100000000000016,50.80000000000001
21600,3,50.50000000000001,50.2,50.50000000000001,50.70000000000001,50.50000000000001,48.400000000000006,49.20000000000002,51.000000000000014
21600,4,48.300000000000004,50.2,50.400000000000006,50.2,50.400000000000006,50.400000000000006,51.20000000000002,51.000000000000014
21600,5,50.400000000000006,50.2,48.400000000000006,50.80000000000001,50.60000000000001,50.50000000000001,51.50000000000002,51.100000000000016
21600,6,50.50000000000001,50.2,50.50000000000001,50.70000000000001,50.300000000000004,50.400000000000006,46.80000000000001,51.000000000000014
21600,7,50.50000000000001,50.2,50.50000000000001,50.50000000000001,50.50000000000001,50.400000000000006,45.100000000000016,51.100000000000016
21600,8,50.50000000000001,50.2,50.50000000000001,48.50000000000001,50.60000000000001,48.400000000000006,51.50000000000002,51.100000000000016
21600,9,50.400000000000006,50.2,50.400000000000006,50.60000000000001,50.300000000000004,50.400000000000006,46.60000000000001,46.60000000000001
21600,10,50.300000000000004,50.2,50.50000000000001,50.60000000000001,50.400000000000006,48.400000000000006,51.40000000000002,50.80000000000001
21600,11,50.50000000000001,50.2,50.50000000000001,50.70000000000001,50.400000000000006,48.400000000000006,48.90000000000001,49.000000000000014
21600,12,50.50000000000001,48.1,48.300000000000004,50.60000000000001,50.50000000000001,50.50000000000001,51.20000000000002,51.100000000000016
21600,13,50.300000000000004,50.2,50.50000000000001,46.50000000000001,50.400000000000006,50.50000000000001,51.40000000000002,49.100000000000016
21600,14,50.400000000000006,50.2,50.50000000000001,50.70000000000001,44.2,50.50000000000001,51.100000000000016,51.100000000000016
21600,15,50.50000000000001,50.2,50.400000000000006,50.50000000000001,50.50000000000001,50.300000000000004,51.20000000000002,44.70000000000001
21600,16,50.50000000000001,50.2,50.50000000000001,50.80000000000001,50.60000000000001,50.50000000000001,49.20000000000002,51.20000000000002
21600,17,50.50000000000001,50.2,48.400000000000006,50.80000000000001,46.300000000000004,50.50000000000001,51.100000000000016,51.20000000000002
21600,18,50.400000000000006,50.2,50.400000000000006,48.60000000000001,50.50000000000001,50.50000000000001,51.50000000000002,51.100000000000016
21600,19,50.50000000000001,50.2,50.400000000000006,50.70000000000001,50.60000000000001,50.50000000000001,49.30000000000002,48.90000000000001
21600,20,48.300000000000004,50.2,50.50000000000001,50.70000000000001,50.400000000000006,50.50000000000001,51.40000000000002,51.000000000000014
21600,21,50.400000000000006,48.1,48.400000000000006,50.70000000000001,50.50000000000001,50.400000000000006,51.30000000000002,50.90000000000001
21600,22,50.400000000000006,50.2,50.50000000000001,50.60000000000001,50.300000000000004,50.50000000000001,46.90000000000001,49.000000000000014
21600,23,50.50000000000001,50.1,50.400000000000006,50.70000000000001,50.60000000000001,50.400000000000006,51.000000000000014,46.80000000000001
21600,24,48.400000000000006,50.1,50.400000000000006,50.80000000000001,50.60000000000001,50.300000000000004,51.30000000000002,51.000000000000014
21600,25,50.400000000000006,50.2,50.400000000000006,48.50000000000001,48.50000000000001,50.300000000000004,51.100000000000016,50.90000000000001
21600,26,50.400000000000006,50.2,50.400000000000006,48.50000000000001,50.50000000000001,50.50000000000001,51.30000000000002,51.20000000000002
21600,27,50.50000000000001,50.2,50.50000000000001,50.60000000000001,50.60000000000001,50.300000000000004,47.20000000000002,49.100000000000016
21600,28,50.50000000000001,50.2,50.50000000000001,50.80000000000001,50.60000000000001,50.50000000000001,51.50000000000002,51.20000000000002
21600,29,48.400000000000006,50.2,50.400000000000006,50.300000000000004,50.300000000000004,50.300000000000004,50.60000000000001,50.80000000000001
22200,0,48.400000000000006,50.2,50.50000000000001,50.80000000000001,50.70000000000001,50.60000000000001,51.30000000000002,51.20000000000002
22200,1,50.50000000000001,50.2,48.400000000000006,48.60000000000001,50.50000000000001,50.50000000000001,50.80000000000001,50.90000000000001
22200,2,50.50000000000001,50.1,50.50000000000001,48.50000000000001,50.70000000000001,48.2,51.100000000000016,50.80000000000001
22200,3,50.50000000000001,50.2,50.50000000000001,50.70000000000001,50.60000000000001,48.50000000000001,49.20000000000002,51.000000000000014
22200,4,48.300000000000004,50.2,50.400000000000006,50.2,50.50000000000001,50.50000000000001,51.20000000000002,51.000000000000014
22200,5,50.400000000000006,50.2,48.400000000000006,50.80000000000001,50.70000000000001,50.60000000000001,51.50000000000002,51.100000000000016
22200,6,50.50000000000001,50.2,50.50000000000001,50.70000000000001,50.300000000000004,50.50000000000001,46.80000000000001,51.000000000000014
22200,7,50.50000000000001,50.2,50.50000000000001,50.50000000000001,50.60000000000001,50.50000000000001,45.100000000000016,51.100000000000016
22200,8,50.50000000000001,50.2,50.50000000000001,48.50000000000001,48.60000000000001,48.400000000000006,51.50000000000002,51.100000000000016
22200,9,50.400000000000006,50.2,50.400000000000006,50.60000000000001,50.400000000000006,50.50000000000001,46.60000000000001,46.60000000000001
22200,10,50.300000000000004,50.2,50.50000000000001,50.60000000000001,50.50000000000001,48.50000000000001,51.40000000000002,50.80000000000001
22200,11,50.50000000000001,50.2,50.50000000000001,50.70000000000001,50.50000000000001,48.50000000000001,48.90000000000001,49.000000000000014
22200,12,50.50000000000001,48.1,48.300000000000004,50.60000000000001,50.60000000000001,50.60000000000001,51.20000000000002,51.100000000000016
22200,13,50.300000000000004,50.2,50.50000000000001,46.50000000000001,50.50000000000001,50.60000000000001,51.40000000000002,49.100000000000016
22200,14,50.400000000000006,50.2,50.50000000000001,50.70000000000001,44.2,50.50000000000001,51.100000000000016,51.100000000000016
22200,15,50.50000000000001,50.2,50.400000000000006,50.50000000000001,50.60000000000001,50.400000000000006,51.20000000000002,44.70000000000001
22200,16,50.50000000000001,50.2,50.50000000000001,50.80000000000001,50.60000000000001,50.50000000000001,49.20000000000002,51.20000000000002
22200,17,50.50000000000001,50.2,48.400000000000006,50.80000000000001,46.400000000000006,48.50000000000001,51.100000000000016,51.20000000000002
22200,18,50.400000000000006,50.2,50.400000000000006,48.60000000000001,50.60000000000001,50.60000000000001,51.50000000000002,51.100000000000016
22200,19,50.50000000000001,50.2,50.400000000000006,50.70000000000001,50.70000000000001,50.60000000000001,49.30000000000002,48.90000000000001
22200,20,48.300000000000004,50.2,50.50000000000001,50.70000000000001,50.50000000000001,50.60000000000001,51.40000000000002,51.000000000000014
22200,21,50.400000000000006,48.1,48.400000000000006,50.70000000000001,50.60000000000001,50.50000000000001,51.30000000000002,50.90000000000001
22200,22,50.400000000000006,50.2,50.50000000000001,50.60000000000001,50.400000000000006,50.60000000000001,46.90000000000001,49.000000000000014
22200,23,50.50000000000001,50.1,50.400000000000006,50.70000000000001,50.70000000000001,50.50000000000001,51.000000000000014,46.80000000000001
22200,24,48.400000000000006,50.1,50.400000000000006,50.80000000000001,50.70000000000001,50.400000000000006,51.30000000000002,51.000000000000014
22200,25,50.400000000000006,50.2,50.400000000000006,48.50000000000001,48.60000000000001,50.400000000000006,51.100000000000016,50.90000000000001
22200,26,50.400000000000006,50.2,50.400000000000006,48.50000000000001,50.60000000000001,50.60000000000001,51.30000000000002,51.20000000000002
22200,27,50.50000000000001,50.2,50.50000000000001,50.60000000000001,50.60000000000001,50.300000000000004,47.20000000000002,49.100000000000016
22200,28,50.50000000000001,50.2,50.50000000000001,50.80000000000001,50.70000000000001,50.60000000000001,51.50000000000002,51.20000000000002
22200,29,48.400000000000006,50.2,50.400000000000006,50.300000000000004,50.400000000000006,50.400000000000006,50.60000000000001,50.80000000000001
22800,0,46.60000000000001,50.2,50.50000000000001,50.80000000000001,50.70000000000001,50.60000000000001,51.40000000000002,51.30000000000002
22800,1,50.90000000000001,50.2,48.400000000000006,48.60000000000001,50.50000000000001,50.60000000000001,50.90000000000001,51.000000000000014
22800,2,50.90000000000001,50.1,50.50000000000001,48.50000000000001,50.70000000000001,48.300000000000004,51.20000000000002,50.90000000000001
22800,3,50.90000000000001,50.2,50.50000000000001,50.70000000000001,50.60000000000001,48.60000000000001,49.30000000000002,51.100000000000016
22800,4,48.70000000000001,50.2,50.400000000000006,50.2,50.50000000000001,50.60000000000001,51.30000000000002,51.100000000000016
22800,5,50.80000000000001,50.2,48.400000000000006,50.80000000000001,50.70000000000001,50.70000000000001,51.60000000000002,51.20000000000002
22800,6,50.90000000000001,50.2,50.50000000000001,50.70000000000001,50.300000000000004,50.60000000000001,46.90000000000001,51.100000000000016
22800,7,50.50000000000001,50.2,50.50000000000001,50.50000000000001,50.60000000000001,50.50000000000001,43.100000000000016,51.100000000000016
22800,8,50.50000000000001,50.2,50.50000000000001,48.50000000000001,48.60000000000001,48.400000000000006,51.50000000000002,51.100000000000016
22800,9,50.80000000000001,50.2,50.400000000000006,50.60000000000001,50.400000000000006,50.60000000000001,46.70000000000001,46.70000000000001
22800,10,50.70000000000001,50.2,50.50000000000001,50.60000000000001,50.50000000000001,48.60000000000001,51.50000000000002,50.90000000000001
22800,11,50.90000000000001,50.2,50.50000000000001,50.70000000000001,50.50000000000001,48.60000000000001,49.000000000000014,49.100000000000016
22800,12,50.90000000000001,48.1,48.300000000000004,50.60000000000001,50.60000000000001,50.70000000000001,51.30000000000002,51.20000000000002
22800,13,48.400000000000006,50.2,50.50000000000001,46.50000000000001,50.50000000000001,50.60000000000001,51.50000000000002,49.100000000000016
22800,14,50.400000000000006,50.2,50.50000000000001,50.70000000000001,44.2,50.50000000000001,51.100000000000016,51.100000000000016
22800,15,50.90000000000001,50.2,50.400000000000006,50.50000000000001,50.60000000000001,50.50000000000001,51.30000000000002,44.80000000000001
22800,16,50.80000000000001,50.2,50.50000000000001,50.80000000000001,50.60000000000001,48.50000000000001,49.20000000000002,51.30000000000002
22800,17,50.60000000000001,50.2,48.400000000000006,50.80000000000001,46.400000000000006,48.50000000000001,51.100000000000016,51.20000000000002
22800,18,48.70000000000001,50.2,50.400000000000006,48.60000000000001,50.60000000000001,50.70000000000001,51.60000000000002,51.20000000000002
22800,19,50.90000000000001,50.2,50.400000000000006,50.70000000000001,50.70000000000001,50.70000000000001,49.40000000000002,49.000000000000014
22800,20,48.70000000000001,50.2,50.50000000000001,50.70000000000001,50.50000000000001,50.70000000000001,51.50000000000002,51.100000000000016
22800,21,50.80000000000001,48.1,48.400000000000006,50.70000000000001,50.60000000000001,50.60000000000001,51.40000000000002,51.000000000000014
22800,22,50.80000000000001,50.2,50.50000000000001,50.60000000000001,50.400000000000006,50.70000000000001,47.000000000000014,49.100000000000016
22800,23,50.90000000000001,50.1,50.400000000000006,50.70000000000001,50.70000000000001,50.60000000000001,51.100000000000016,46.90000000000001
22800,24,48.80000000000001,50.1,50.400000000000006,50.80000000000001,50.70000000000001,50.50000000000001,51.40000000000002,51.100000000000016
22800,25,50.80000000000001,50.2,50.400000000000006,48.50000000000001,48.60000000000001,50.50000000000001,51.20000000000002,51.000000000000014
22800,26,48.400000000000006,50.2,50.400000000000006,48.50000000000001,50.60000000000001,50.60000000000001,51.40000000000002,51.20000000000002
22800,27,50.50000000000001,50.2,50.50000000000001,50.60000000000001,50.60000000000001,50.300000000000004,47.20000000000002,49.100000000000016
22800,28,50.70000000000001,50.2,50.50000000000001,50.80000000000001,50.70000000000001,50.60000000000001,51.60000000000002,49.20000000000002
22800,29,48.80000000000001,50.2,50.400000000000006,50.300000000000004,50.400000000000006,50.50000000000001,50.70000000000001,50.90000000000001
23400,0,46.60000000000001,50.2,50.50000000000001,50.80000000000001,50.70000000000001,50.60000000000001,51.40000000000002,51.30000000000002
23400,1,50.90000000000001,50.400000000000006,48.400000000000006,48.70000000000001,50.60000000000001,50.60000000000001,51.000000000000014,51.100000000000016
23400,2,50.90000000000001,50.300000000000004,50.50000000000001,48.60000000000001,50.80000000000001,48.300000000000004,51.30000000000002,51.000000000000014
23400,3,50.90000000000001,50.400000000000006,50.50000000000001,50.80000000000001,50.70000000000001,48.60000000000001,49.40000000000002,51.20000000000002
23400,4,48.70000000000001,50.400000000000006,50.400000000000006,50.300000000000004,50.60000000000001,50.60000000000001,51.40000000000002,51.20000000000002
23400,5,50.80000000000001,50.400000000000006,48.400000000000006,50.90000000000001,50.80000000000001,50.70000000000001,51.700000000000024,51.30000000000002
23400,6,50.90000000000001,50.400000000000006,50.50000000000001,50.80000000000001,50.400000000000006,50.60000000000001,47.000000000000014,51.20000000000002
23400,7,50.50000000000001,50.400000000000006,50.50000000000001,50.60000000000001,50.70000000000001,50.50000000000001,43.20000000000002,51.20000000000002
23400,8,50.50000000000001,50.2,50.50000000000001,48.50000000000001,48.60000000000001,48.400000000000006,51.50000000000002,51.100000000000016
23400,9,50.80000000000001,50.400000000000006,50.400000000000006,50.70000000000001,50.50000000000001,50.60000000000001,46.80000000000001,46.80000000000001
23400,10,50.70000000000001,50.400000000000006,50.50000000000001,50.70000000000001,50.60000000000001,48.60000000000001,51.60000000000002,51.000000000000014
23400,11,50.90000000000001,50.400000000000006,50.50000000000001,50.80000000000001,50.60000000000001,48.60000000000001,49.100000000000016,49.20000000000002
23400,12,50.90000000000001,48.300000000000004,48.300000000000004,50.70000000000001,50.70000000000001,50.70000000000001,51.40000000000002,51.30000000000002
23400,13,48.400000000000006,50.2,50.50000000000001,46.50000000000001,50.50000000000001,50.60000000000001,51.50000000000002,49.100000000000016
23400,14,50.400000000000006,50.400000000000006,50.50000000000001,50.80000000000001,44.300000000000004,50.50000000000001,51.20000000000002,51.20000000000002
23400,15,50.90000000000001,50.400000000000006,50.400000000000006,50.60000000000001,50.70000000000001,50.50000000000001,51.40000000000002,44.90000000000001
23400,16,50.80000000000001,50.300000000000004,50.50000000000001,50.90000000000001,50.70000000000001,48.50000000000001,49.30000000000002,51.40000000000002
23400,17,50.60000000000001,50.400000000000006,48.400000000000006,50.90000000000001,44.400000000000006,48.50000000000001,51.20000000000002,51.30000000000002
23400,18,48.70000000000001,50.2,50.400000000000006,48.60000000000001,50.60000000000001,50.70000000000001,51.60000000000002,51.20000000000002
23400,19,50.90000000000001,50.300000000000004,50.400000000000006,50.70000000000001,50.70000000000001,50.70000000000001,49.50000000000002,47.000000000000014
23400,20,48.70000000000001,50.400000000000006,50.50000000000001,50.80000000000001,50.60000000000001,50.70000000000001,51.60000000000002,51.20000000000002
23400,21,50.80000000000001,46.1,48.400000000000006,50.70000000000001,50.60000000000001,50.60000000000001,51.40000000000002,51.000000000000014
23400,22,50.80000000000001,50.400000000000006,50.50000000000001,50.70000000000001,50.50000000000001,50.70000000000001,47.100000000000016,49.20000000000002
23400,23,50.90000000000001,50.300000000000004,50.400000000000006,50.80000000000001,50.80000000000001,50.60000000000001,51.20000000000002,47.000000000000014
23400,24,48.80000000000001,48.2,50.400000000000006,50.90000000000001,50.70000000000001,50.50000000000001,51.50000000000002,51.20000000000002
23400,25,50.80000000000001,50.300000000000004,50.400000000000006,46.50000000000001,48.60000000000001,50.50000000000001,51.30000000000002,51.100000000000016
23400,26,48.400000000000006,50.2,50.400000000000006,48.50000000000001,50.60000000000001,50.60000000000001,51.40000000000002,51.20000000000002
23400,27,50.50000000000001,50.2,50.50000000000001,50.60000000000001,50.60000000000001,50.300000000000004,45.20000000000002,49.100000000000016
23400,28,50.70000000000001,50.2,50.50000000000001,50.80000000000001,50.70000000000001,50.60000000000001,51.60000000000002,49.20000000000002
23400,29,48.80000000000001,50.400000000000006,50.400000000000006,50.400000000000006,50.50000000000001,50.50000000000001,50.80000000000001,51.000000000000014
24000,0,46.60000000000001,50.2,50.50000000000001,50.80000000000001,50.70000000000001,50.60000000000001,51.40000000000002,51.30000000000002
24000,1,51.000000000000014,50.400000000000006,48.50000000000001,48.70000000000001,50.70000000000001,50.60000000000001,51.20000000000002,51.30000000000002
24000,2,51.000000000000014,50.300000000000004,50.60000000000001,48.60000000000001,50.90000000000001,48.300000000000004,51.50000000000002,51.20000000000002
24000,3,50.90000000000001,50.400000000000006,50.50000000000001,50.80000000000001,50.70000000000001,48.60000000000001,47.40000000000002,51.20000000000002
24000,4,48.80000000000001,50.400000000000006,50.50000000000001,50.300000000000004,50.70000000000001,50.60000000000001,51.60000000000002,51.40000000000002
24000,5,50.90000000000001,50.400000000000006,48.50000000000001,50.90000000000001,50.90000000000001,50.70000000000001,51.90000000000003,51.50000000000002
24000,6,51.000000000000014,50.400000000000006,50.60000000000001,50.80000000000001,50.50000000000001,50.60000000000001,47.20000000000002,51.40000000000002
24000,7,50.60000000000001,50.400000000000006,50.60000000000001,50.60000000000001,50.80000000000001,50.50000000000001,43.40000000000002,51.40000000000002
24000,8,50.60000000000001,50.2,50.60000000000001,48.50000000000001,48.70000000000001,48.400000000000006,51.700000000000024,51.30000000000002
24000,9,50.80000000000001,50.400000000000006,50.400000000000006,50.70000000000001,50.50000000000001,50.60000000000001,46.90000000000001,44.80000000000001
24000,10,50.80000000000001,50.400000000000006,50.60000000000001,50.70000000000001,50.70000000000001,48.60000000000001,51.800000000000026,51.20000000000002
24000,11,51.000000000000014,50.400000000000006,50.60000000000001,50.80000000000001,50.70000000000001,48.60000000000001,49.30000000000002,49.40000000000002
24000,12,48.90000000000001,48.300000000000004,48.300000000000004,50.70000000000001,50.80000000000001,50.70000000000001,51.60000000000002,51.40000000000002
24000,13,48.400000000000006,50.2,50.50000000000001,46.50000000000001,50.50000000000001,50.60000000000001,51.50000000000002,49.100000000000016
24000,14,50.50000000000001,50.400000000000006,50.60000000000001,50.80000000000001,44.400000000000006,50.50000000000001,51.40000000000002,51.40000000000002
24000,15,51.000000000000014,50.400000000000006,50.50000000000001,50.60000000000001,50.80000000000001,50.50000000000001,51.60000000000002,45.100000000000016
24000,16,50.80000000000001,50.300000000000004,50.50000000000001,50.90000000000001,50.70000000000001,48.50000000000001,47.40000000000002,51.50000000000002
24000,17,50.70000000000001,50.400000000000006,48.50000000000001,50.90000000000001,44.50000000000001,48.50000000000001,51.30000000000002,51.40000000000002
24000,18,48.80000000000001,50.2,50.50000000000001,48.60000000000001,50.60000000000001,50.70000000000001,51.60000000000002,51.30000000000002
24000,19,50.90000000000001,50.300000000000004,50.400000000000006,50.70000000000001,50.70000000000001,50.70000000000001,49.50000000000002,47.000000000000014
24000,20,48.70000000000001,50.400000000000006,50.50000000000001,50.80000000000001,48.60000000000001,50.70000000000001,51.800000000000026,51.30000000000002
24000,21,50.80000000000001,46.1,48.50000000000001,50.70000000000001,50.60000000000001,50.60000000000001,51.40000000000002,51.100000000000016
24000,22,50.90000000000001,50.400000000000006,50.60000000000001,50.70000000000001,50.60000000000001,50.70000000000001,47.30000000000002,49.40000000000002
24000,23,51.000000000000014,50.300000000000004,50.400000000000006,50.80000000000001,50.90000000000001,50.60000000000001,51.40000000000002,45.100000000000016
24000,24,48.80000000000001,48.2,50.400000000000006,50.90000000000001,50.70000000000001,50.50000000000001,51.50000000000002,51.20000000000002
24000,25,50.80000000000001,50.300000000000004,50.400000000000006,46.50000000000001,48.60000000000001,50.50000000000001,51.30000000000002,51.100000000000016
24000,26,48.50000000000001,50.2,50.50000000000001,48.50000000000001,50.60000000000001,50.60000000000001,51.40000000000002,51.30000000000002
24000,27,50.50000000000001,50.2,50.50000000000001,50.60000000000001,50.60000000000001,50.300000000000004,45.20000000000002,49.100000000000016
24000,28,50.70000000000001,50.2,50.50000000000001,50.80000000000001,50.70000000000001,50.60000000000001,51.60000000000002,49.20000000000002
24000,29,48.90000000000001,50.400000000000006,48.400000000000006,50.400000000000006,50.60000000000001,50.50000000000001,51.000000000000014,51.20000000000002
24600,0,46.60000000000001,50.2,50.50000000000001,50.80000000000001,50.70000000000001,50.60000000000001,51.40000000000002,51.30000000000002
24600,1,51.100000000000016,50.400000000000006,48.50000000000001,48.70000000000001,50.80000000000001,50.60000000000001,51.30000000000002,51.40000000000002
24600,2,51.100000000000016,50.300000000000004,50.60000000000001,48.60000000000001,51.000000000000014,48.300000000000004,51.60000000000002,51.30000000000002
24600,3,48.90000000000001,50.400000000000006,50.50000000000001,50.80000000000001,50.80000000000001,48.60000000000001,47.50000000000002,51.20000000000002
24600,4,48.90000000000001,50.400000000000006,50.50000000000001,50.300000000000004,50.80000000000001,50.60000000000001,51.700000000000024,51.50000000000002
24600,5,51.000000000000014,50.400000000000006,48.50000000000001,50.90000000000001,51.000000000000014,50.70000000000001,52.00000000000003,51.60000000000002
24600,6,51.000000000000014,50.400000000000006,50.60000000000001,50.80000000000001,50.60000000000001,50.60000000000001,45.20000000000002,51.40000000000002
24600,7,50.70000000000001,50.400000000000006,50.60000000000001,50.60000000000001,50.90000000000001,50.50000000000001,43.50000000000002,51.50000000000002
24600,8,50.70000000000001,50.2,50.60000000000001,48.50000000000001,48.80000000000001,48.400000000000006,51.800000000000026,51.40000000000002
24600,9,50.80000000000001,50.400000000000006,50.400000000000006,50.70000000000001,50.50000000000001,50.60000000000001,46.90000000000001,44.90000000000001
24600,10,50.90000000000001,50.400000000000006,50.60000000000001,50.70000000000001,50.80000000000001,48.60000000000001,51.90000000000003,51.30000000000002
24600,11,51.100000000000016,50.400000000000006,50.60000000000001,50.80000000000001,50.80000000000001,48.60000000000001,49.40000000000002,49.50000000000002
24600,12,49.000000000000014,48.300000000000004,48.300000000000004,50.70000000000001,50.80000000000001,50.70000000000001,51.700000000000024,51.50000000000002
24600,13,48.400000000000006,50.2,50.50000000000001,46.50000000000001,50.50000000000001,50.60000000000001,51.50000000000002,49.100000000000016
24600,14,50.60000000000001,50.400000000000006,50.60000000000001,50.80000000000001,44.50000000000001,50.50000000000001,51.50000000000002,51.50000000000002
24600,15,51.100000000000016,50.400000000000006,50.50000000000001,50.60000000000001,50.90000000000001,50.50000000000001,51.700000000000024,45.20000000000002
24600,16,50.90000000000001,50.300000000000004,50.50000000000001,50.90000000000001,50.70000000000001,48.50000000000001,47.50000000000002,49.50000000000002
24600,17,50.80000000000001,50.400000000000006,48.50000000000001,50.90000000000001,44.60000000000001,48.50000000000001,51.40000000000002,51.50000000000002
24600,18,48.90000000000001,50.2,50.50000000000001,48.60000000000001,50.70000000000001,50.70000000000001,51.700000000000024,51.40000000000002
24600,19,51.000000000000014,50.300000000000004,50.400000000000006,50.70000000000001,50.80000000000001,50.70000000000001,49.60000000000002,47.100000000000016
24600,20,48.70000000000001,50.400000000000006,50.50000000000001,50.80000000000001,48.60000000000001,50.70000000000001,51.800000000000026,51.40000000000002
24600,21,50.90000000000001,46.1,48.50000000000001,50.70000000000001,50.70000000000001,50.60000000000001,51.50000000000002,51.20000000000002
24600,22,51.000000000000014,50.400000000000006,50.60000000000001,50.70000000000001,50.70000000000001,50.70000000000001,47.40000000000002,49.50000000000002
24600,23,51.000000000000014,50.300000000000004,50.400000000000006,50.80000000000001,50.90000000000001,50.60000000000001,51.40000000000002,45.100000000000016
24600,24,48.80000000000001,48.2,50.400000000000006,50.90000000000001,50.70000000000001,50.50000000000001,51.50000000000002,51.20000000000002
24600,25,50.90000000000001,50.300000000000004,50.400000000000006,46.50000000000001,48.60000000000001,50.50000000000001,51.40000000000002,51.20000000000002
24600,26,48.60000000000001,50.2,50.50000000000001,48.50000000000001,50.70000000000001,50.60000000000001,51.50000000000002,51.40000000000002
24600,27,50.50000000000001,50.2,50.50000000000001,50.60000000000001,50.60000000000001,50.300000000000004,45.20000000000002,49.20000000000002
24600,28,50.70000000000001,50.2,50.50000000000001,50.80000000000001,48.70000000000001,50.60000000000001,51.60000000000002,49.30000000000002
24600,29,48.90000000000001,50.400000000000006,48.400000000000006,50.400000000000006,50.60000000000001,50.50000000000001,51.000000000000014,51.20000000000002
25200,0,46.60000000000001,50.2,50.50000000000001,50.80000000000001,50.70000000000001,50.60000000000001,51.40000000000002,51.30000000000002
25200,1,51.20000000000002,50.400000000000006,48.60000000000001,48.80000000000001,50.80000000000001,50.60000000000001,51.50000000000002,51.60000000000002
25200,2,51.20000000000002,50.300000000000004,50.70000000000001,48.70000000000001,51.000000000000014,48.300000000000004,51.800000000000026,51.50000000000002
25200,3,48.90000000000001,50.400000000000006,50.50000000000001,50.80000000000001,50.80000000000001,48.60000000000001,47.50000000000002,51.20000000000002
25200,4,49.000000000000014,50.400000000000006,50.60000000000001,50.400000000000006,50.80000000000001,50.60000000000001,51.90000000000003,51.700000000000024
25200,5,51.100000000000016,50.400000000000006,48.60000000000001,51.000000000000014,51.000000000000014,50.70000000000001,52.20000000000003,51.800000000000026
25200,6,51.100000000000016,50.400000000000006,50.60000000000001,50.80000000000001,50.60000000000001,50.60000000000001,43.20000000000002,51.50000000000002
25200,7,50.80000000000001,50.400000000000006,50.70000000000001,50.70000000000001,50.90000000000001,50.50000000000001,43.700000000000024,51.700000000000024
25200,8,50.80000000000001,50.2,50.70000000000001,48.60000000000001,48.80000000000001,48.400000000000006,52.00000000000003,51.60000000000002
25200,9,50.90000000000001,50.400000000000006,50.50000000000001,50.80000000000001,50.50000000000001,50.60000000000001,47.100000000000016,45.100000000000016
25200,10,51.000000000000014,50.400000000000006,48.60000000000001,50.70000000000001,50.80000000000001,48.60000000000001,52.00000000000003,51.40000000000002
25200,11,51.20000000000002,50.400000000000006,50.70000000000001,50.90000000000001,50.80000000000001,48.60000000000001,49.60000000000002,49.700000000000024
25200,12,49.100000000000016,48.300000000000004,48.400000000000006,50.80000000000001,50.80000000000001,50.70000000000001,51.90000000000003,51.700000000000024
25200,13,48.400000000000006,50.2,50.50000000000001,46.50000000000001,50.50000000000001,50.60000000000001,51.50000000000002,49.100000000000016
25200,14,50.70000000000001,50.400000000000006,50.70000000000001,50.90000000000001,44.50000000000001,50.50000000000001,51.700000000000024,51.700000000000024
25200,15,51.20000000000002,50.400000000000006,50.60000000000001,50.70000000000001,50.90000000000001,50.50000000000001,51.90000000000003,45.40000000000002
25200,16,50.90000000000001,50.300000000000004,50.50000000000001,50.90000000000001,50.70000000000001,48.50000000000001,47.50000000000002,49.50000000000002
25200,17,50.90000000000001,50.400000000000006,48.60000000000001,51.000000000000014,44.60000000000001,48.50000000000001,51.60000000000002,51.700000000000024
25200,18,49.000000000000014,50.2,50.60000000000001,48.70000000000001,50.70000000000001,50.70000000000001,51.90000000000003,51.60000000000002
25200,19,51.100000000000016,50.300000000000004,50.50000000000001,50.80000000000001,50.80000000000001,50.70000000000001,47.700000000000024,47.30000000000002
25200,20,48.80000000000001,50.400000000000006,50.60000000000001,48.80000000000001,48.60000000000001,50.70000000000001,51.90000000000003,51.60000000000002
25200,21,51.000000000000014,46.1,48.60000000000001,50.80000000000001,50.70000000000001,50.60000000000001,51.700000000000024,51.40000000000002
25200,22,51.100000000000016,50.400000000000006,50.70000000000001,50.70000000000001,50.70000000000001,50.70000000000001,47.50000000000002,47.60000000000002
25200,23,51.000000000000014,50.300000000000004,50.400000000000006,50.90000000000001,50.90000000000001,50.60000000000001,51.50000000000002,45.100000000000016
25200,24,48.80000000000001,48.2,50.400000000000006,50.90000000000001,50.70000000000001,50.50000000000001,51.60000000000002,51.20000000000002
25200,25,48.90000000000001,50.300000000000004,50.400000000000006,46.50000000000001,48.60000000000001,50.50000000000001,51.40000000000002,51.30000000000002
25200,26,48.70000000000001,50.2,50.60000000000001,48.60000000000001,50.70000000000001,50.60000000000001,51.700000000000024,51.60000000000002
25200,27,50.60000000000001,50.2,50.60000000000001,50.70000000000001,50.60000000000001,50.300000000000004,45.40000000000002,49.40000000000002
25200,28,50.70000000000001,50.2,50.50000000000001,50.90000000000001,48.70000000000001,50.60000000000001,51.700000000000024,47.30000000000002
25200,29,48.90000000000001,50.400000000000006,48.400000000000006,50.400000000000006,50.60000000000001,50.50000000000001,51.000000000000014,51.20000000000002
25800,0,46.60000000000001,50.2,50.50000000000001,50.80000000000001,50.70000000000001,50.60000000000001,51.40000000000002,51.30000000000002
25800,1,51.40000000000002,50.400000000000006,46.60000000000001,48.80000000000001,50.90000000000001,50.60000000000001,51.800000000000026,51.60000000000002
25800,2,51.20000000000002,50.300000000000004,50.70000000000001,48.70000000000001,51.000000000000014,48.300000000000004,50.00000000000003,51.50000000000002
25800,3,48.90000000000001,50.400000000000006,50.50000000000001,50.80000000000001,50.80000000000001,48.60000000000001,47.50000000000002,51.20000000000002
25800,4,49.30000000000002,50.50000000000001,50.70000000000001,50.400000000000006,50.90000000000001,50.60000000000001,52.30000000000003,51.700000000000024
25800,5,51.40000000000002,50.50000000000001,48.70000000000001,51.000000000000014,51.100000000000016,50.70000000000001,52.60000000000004,51.800000000000026
25800,6,51.100000000000016,50.400000000000006,50.60000000000001,50.80000000000001,50.60000000000001,50.60000000000001,43.20000000000002,51.50000000000002
25800,7,48.90000000000001,50.400000000000006,50.70000000000001,50.70000000000001,51.000000000000014,50.50000000000001,44.00000000000003,51.700000000000024
25800,8,50.80000000000001,50.2,50.70000000000001,48.60000000000001,48.80000000000001,48.400000000000006,50.00000000000003,51.60000000000002
25800,9,51.20000000000002,50.50000000000001,50.60000000000001,50.80000000000001,50.60000000000001,50.60000000000001,47.50000000000002,45.100000000000016
25800,10,51.000000000000014,50.400000000000006,48.60000000000001,50.70000000000001,50.80000000000001,48.60000000000001,52.00000000000003,51.40000000000002
25800,11,51.30000000000002,50.400000000000006,50.70000000000001,50.90000000000001,48.80000000000001,48.60000000000001,49.800000000000026,49.700000000000024
25800,12,49.30000000000002,46.300000000000004,48.50000000000001,50.80000000000001,50.90000000000001,50.70000000000001,52.20000000000003,51.700000000000024
25800,13,48.400000000000006,50.2,50.50000000000001,46.50000000000001,50.50000000000001,50.60000000000001,51.50000000000002,49.100000000000016
25800,14,51.000000000000014,50.50000000000001,50.80000000000001,50.90000000000001,44.60000000000001,50.50000000000001,52.10000000000003,51.700000000000024
25800,15,51.50000000000002,50.50000000000001,50.70000000000001,50.70000000000001,51.000000000000014,50.50000000000001,52.30000000000003,45.40000000000002
25800,16,51.20000000000002,50.400000000000006,50.60000000000001,50.90000000000001,50.80000000000001,48.50000000000001,45.800000000000026,49.50000000000002
25800,17,51.20000000000002,50.50000000000001,48.70000000000001,51.000000000000014,44.70000000000001,48.50000000000001,52.00000000000003,51.700000000000024
25800,18,47.20000000000002,50.300000000000004,50.70000000000001,48.70000000000001,50.80000000000001,50.70000000000001,52.20000000000003,51.60000000000002
25800,19,51.100000000000016,50.300000000000004,50.50000000000001,50.80000000000001,50.80000000000001,50.70000000000001,47.700000000000024,47.30000000000002
25800,20,48.80000000000001,50.400000000000006,50.60000000000001,48.80000000000001,48.60000000000001,50.70000000000001,51.90000000000003,51.60000000000002
25800,21,51.30000000000002,46.2,48.70000000000001,50.80000000000001,50.80000000000001,50.60000000000001,52.10000000000003,51.40000000000002
25800,22,51.100000000000016,50.400000000000006,50.70000000000001,50.70000000000001,50.70000000000001,50.70000000000001,47.50000000000002,47.60000000000002
25800,23,51.30000000000002,50.400000000000006,50.50000000000001,50.90000000000001,51.000000000000014,50.60000000000001,51.90000000000003,45.100000000000016
25800,24,46.80000000000001,48.2,50.400000000000006,50.90000000000001,50.70000000000001,50.50000000000001,51.800000000000026,51.20000000000002
25800,25,49.000000000000014,50.400000000000006,50.50000000000001,46.50000000000001,48.60000000000001,50.50000000000001,51.50000000000002,51.30000000000002
25800,26,48.80000000000001,50.2,50.60000000000001,48.60000000000001,50.80000000000001,50.60000000000001,49.90000000000003,51.60000000000002
25800,27,50.90000000000001,50.300000000000004,50.70000000000001,50.70000000000001,50.70000000000001,50.300000000000004,45.800000000000026,49.40000000000002
25800,28,51.000000000000014,50.300000000000004,50.60000000000001,50.90000000000001,48.80000000000001,50.60000000000001,52.10000000000003,47.30000000000002
25800,29,49.20000000000002,50.50000000000001,48.50000000000001,50.400000000000006,50.70000000000001,50.50000000000001,51.40000000000002,51.20000000000002
26400,0,46.70000000000001,50.2,50.50000000000001,50.80000000000001,50.70000000000001,50.70000000000001,51.40000000000002,51.30000000000002
26400,1,51.40000000000002,50.400000000000006,46.60000000000001,48.80000000000001,50.90000000000001,50.60000000000001,51.800000000000026,51.60000000000002
26400,2,51.40000000000002,50.300000000000004,50.70000000000001,48.70000000000001,51.000000000000014,46.300000000000004,50.00000000000003,51.50000000000002
26400,3,48.90000000000001,50.400000000000006,50.50000000000001,50.80000000000001,50.80000000000001,48.60000000000001,47.50000000000002,51.20000000000002
26400,4,47.40000000000002,50.50000000000001,50.70000000000001,50.400000000000006,50.90000000000001,50.60000000000001,52.30000000000003,51.700000000000024
26400,5,51.60000000000002,50.50000000000001,48.70000000000001,51.000000000000014,51.100000000000016,50.80000000000001,52.60000000000004,51.800000000000026
26400,6,51.100000000000016,50.400000000000006,50.60000000000001,50.80000000000001,50.60000000000001,50.60000000000001,43.20000000000002,51.50000000000002
26400,7,48.90000000000001,50.400000000000006,50.70000000000001,50.70000000000001,51.000000000000014,50.60000000000001,44.00000000000003,51.700000000000024
26400,8,51.000000000000014,50.2,50.70000000000001,48.60000000000001,48.80000000000001,48.50000000000001,50.00000000000003,51.60000000000002
26400,9,51.40000000000002,50.50000000000001,50.60000000000001,50.80000000000001,50.60000000000001,50.70000000000001,47.50000000000002,45.100000000000016
26400,10,51.100000000000016,50.400000000000006,48.60000000000001,50.70000000000001,50.80000000000001,48.70000000000001,52.00000000000003,51.40000000000002
26400,11,51.30000000000002,50.400000000000006,50.70000000000001,50.90000000000001,48.80000000000001,48.60000000000001,49.800000000000026,49.700000000000024
26400,12,49.30000000000002,46.300000000000004,48.50000000000001,50.80000000000001,50.90000000000001,50.70000000000001,52.20000000000003,51.700000000000024
26400,13,48.50000000000001,50.2,50.50000000000001,46.50000000000001,50.50000000000001,50.70000000000001,51.50000000000002,49.100000000000016
26400,14,51.20000000000002,50.50000000000001,50.80000000000001,50.90000000000001,44.60000000000001,50.60000000000001,52.10000000000003,51.700000000000024
26400,15,51.700000000000024,50.50000000000001,50.70000000000001,50.70000000000001,51.000000000000014,50.60000000000001,52.30000000000003,45.40000000000002
26400,16,51.20000000000002,50.400000000000006,50.60000000000001,50.90000000000001,50.80000000000001,48.50000000000001,45.800000000000026,49.50000000000002
26400,17,51.40000000000002,50.50000000000001,48.70000000000001,51.000000000000014,44.70000000000001,48.60000000000001,52.00000000000003,51.700000000000024
26400,18,47.20000000000002,50.300000000000004,50.70000000000001,48.70000000000001,50.80000000000001,50.70000000000001,52.20000000000003,51.60000000000002
26400,19,51.20000000000002,50.300000000000004,50.50000000000001,50.80000000000001,50.80000000000001,50.80000000000001,47.700000000000024,47.30000000000002
26400,20,48.80000000000001,50.400000000000006,50.60000000000001,48.80000000000001,48.60000000000001,50.80000000000001,51.90000000000003,51.60000000000002
26400,21,49.30000000000002,46.2,48.70000000000001,50.80000000000001,50.80000000000001,50.60000000000001,52.10000000000003,51.40000000000002
26400,22,51.100000000000016,50.400000000000006,50.70000000000001,50.70000000000001,50.70000000000001,50.80000000000001,47.50000000000002,47.60000000000002
26400,23,51.50000000000002,50.400000000000006,50.50000000000001,50.90000000000001,51.000000000000014,50.70000000000001,51.90000000000003,45.100000000000016
26400,24,46.80000000000001,48.2,50.400000000000006,50.90000000000001,50.70000000000001,50.50000000000001,51.800000000000026,51.20000000000002
26400,25,49.20000000000002,50.400000000000006,50.50000000000001,46.50000000000001,48.60000000000001,50.60000000000001,51.50000000000002,51.30000000000002
26400,26,48.80000000000001,50.2,50.60000000000001,48.60000000000001,50.80000000000001,50.60000000000001,49.90000000000003,51.60000000000002
26400,27,51.100000000000016,50.300000000000004,50.70000000000001,50.70000000000001,50.70000000000001,50.400000000000006,45.800000000000026,49.40000000000002
26400,28,51.20000000000002,50.300000000000004,50.60000000000001,50.90000000000001,48.80000000000001,50.70000000000001,52.10000000000003,47.30000000000002
26400,29,49.40000000000002,50.50000000000001,48.50000000000001,50.400000000000006,50.70000000000001,50.60000000000001,51.40000000000002,51.20000000000002
27000,0,46.90000000000001,50.300000000000004,50.50000000000001,50.90000000000001,50.70000000000001,50.80000000000001,51.60000000000002,51.30000000000002
27000,1,51.60000000000002,50.50000000000001,46.60000000000001,48.90000000000001,50.90000000000001,50.70000000000001,52.00000000000003,51.60000000000002
27000,2,51.60000000000002,50.300000000000004,50.70000000000001,48.70000000000001,51.000000000000014,46.400000000000006,50.10000000000003,51.50000000000002
27000,3,48.90000000000001,50.400000000000006,50.50000000000001,50.80000000000001,50.80000000000001,48.60000000000001,47.50000000000002,51.20000000000002
27000,4,47.40000000000002,50.50000000000001,50.70000000000001,50.400000000000006,50.90000000000001,50.60000000000001,52.30000000000003,51.700000000000024
27000,5,51.800000000000026,50.60000000000001,48.70000000000001,51.100000000000016,51.100000000000016,50.90000000000001,50.70000000000004,51.800000000000026
27000,6,51.100000000000016,50.50000000000001,50.60000000000001,50.90000000000001,50.60000000000001,48.60000000000001,43.30000000000002,51.50000000000002
27000,7,48.90000000000001,50.400000000000006,50.70000000000001,50.70000000000001,51.000000000000014,50.60000000000001,42.00000000000003,51.700000000000024
27000,8,51.20000000000002,50.300000000000004,50.70000000000001,48.70000000000001,48.80000000000001,48.60000000000001,50.20000000000003,51.60000000000002
27000,9,51.60000000000002,50.60000000000001,50.60000000000001,50.90000000000001,50.60000000000001,50.80000000000001,47.700000000000024,45.100000000000016
27000,10,51.30000000000002,50.50000000000001,48.60000000000001,50.80000000000001,50.80000000000001,48.80000000000001,52.20000000000003,51.40000000000002
27000,11,51.50000000000002,50.50000000000001,50.70000000000001,51.000000000000014,48.80000000000001,48.70000000000001,50.00000000000003,49.700000000000024
27000,12,49.50000000000002,46.400000000000006,48.50000000000001,50.80000000000001,50.90000000000001,50.80000000000001,52.30000000000003,51.700000000000024
27000,13,48.70000000000001,50.300000000000004,50.50000000000001,46.60000000000001,50.50000000000001,50.80000000000001,51.700000000000024,49.100000000000016
27000,14,51.40000000000002,50.60000000000001,50.80000000000001,51.000000000000014,44.60000000000001,50.70000000000001,52.30000000000003,51.700000000000024
27000,15,49.700000000000024,50.60000000000001,50.70000000000001,50.80000000000001,51.000000000000014,50.70000000000001,52.400000000000034,45.40000000000002
27000,16,51.20000000000002,48.400000000000006,50.60000000000001,50.90000000000001,50.80000000000001,48.50000000000001,45.800000000000026,49.50000000000002
27000,17,51.40000000000002,50.50000000000001,48.70000000000001,49.000000000000014,44.70000000000001,48.60000000000001,52.10000000000003,51.700000000000024
27000,18,47.40000000000002,50.300000000000004,50.70000000000001,48.70000000000001,50.80000000000001,50.80000000000001,52.30000000000003,51.60000000000002
27000,19,51.40000000000002,50.400000000000006,50.50000000000001,50.90000000000001,50.80000000000001,50.90000000000001,47.90000000000003,47.30000000000002
27000,20,49.000000000000014,50.50000000000001,50.60000000000001,48.90000000000001,48.60000000000001,50.90000000000001,52.10000000000003,51.60000000000002
27000,21,49.30000000000002,46.2,48.70000000000001,50.80000000000001,50.80000000000001,50.60000000000001,52.10000000000003,51.40000000000002
27000,22,51.30000000000002,50.50000000000001,50.70000000000001,50.80000000000001,50.70000000000001,50.90000000000001,47.700000000000024,47.60000000000002
27000,23,51.700000000000024,50.50000000000001,50.50000000000001,51.000000000000014,51.000000000000014,50.80000000000001,52.10000000000003,45.100000000000016
27000,24,47.000000000000014,48.2,50.400000000000006,50.90000000000001,50.70000000000001,50.60000000000001,51.90000000000003,51.20000000000002
27000,25,49.40000000000002,50.50000000000001,50.50000000000001,46.60000000000001,48.60000000000001,50.70000000000001,51.700000000000024,51.30000000000002
27000,26,48.80000000000001,50.2,50.60000000000001,48.60000000000001,50.80000000000001,50.60000000000001,49.90000000000003,51.60000000000002
27000,27,51.30000000000002,50.400000000000006,50.70000000000001,50.80000000000001,50.70000000000001,50.50000000000001,46.00000000000003,49.40000000000002
27000,28,49.30000000000002,50.400000000000006,50.60000000000001,51.000000000000014,48.80000000000001,50.80000000000001,52.20000000000003,47.30000000000002
27000,29,49.60000000000002,50.60000000000001,48.50000000000001,50.50000000000001,50.70000000000001,50.70000000000001,51.60000000000002,51.20000000000002
27600,0,45.000000000000014,50.300000000000004,50.50000000000001,50.90000000000001,50.70000000000001,50.80000000000001,51.60000000000002,51.30000000000002
27600,1,52.00000000000003,50.50000000000001,46.60000000000001,48.90000000000001,50.90000000000001,50.80000000000001,52.00000000000003,51.700000000000024
27600,2,51.90000000000003,50.300000000000004,50.70000000000001,48.70000000000001,51.000000000000014,44.400000000000006,50.10000000000003,51.60000000000002
27600,3,48.90000000000001,50.400000000000006,50.50000000000001,50.80000000000001,50.80000000000001,48.60000000000001,47.50000000000002,51.20000000000002
27600,4,47.40000000000002,50.50000000000001,50.70000000000001,50.400000000000006,50.90000000000001,50.60000000000001,52.30000000000003,51.700000000000024
27600,5,51.800000000000026,50.60000000000001,48.70000000000001,51.100000000000016,51.100000000000016,50.90000000000001,50.70000000000004,51.800000000000026
27600,6,51.100000000000016,50.50000000000001,50.60000000000001,50.90000000000001,50.60000000000001,48.60000000000001,43.30000000000002,51.50000000000002
27600,7,48.90000000000001,50.400000000000006,50.70000000000001,50.70000000000001,51.000000000000014,50.60000000000001,42.00000000000003,51.700000000000024
27600,8,49.20000000000002,50.300000000000004,50.70000000000001,48.70000000000001,48.80000000000001,48.60000000000001,50.20000000000003,51.60000000000002
27600,9,52.00000000000003,50.60000000000001,50.60000000000001,50.90000000000001,50.60000000000001,50.90000000000001,47.700000000000024,45.20000000000002
27600,10,51.700000000000024,50.50000000000001,48.60000000000001,50.80000000000001,50.80000000000001,48.90000000000001,52.20000000000003,51.50000000000002
27600,11,49.700000000000024,50.50000000000001,50.70000000000001,51.000000000000014,48.80000000000001,48.70000000000001,50.00000000000003,49.800000000000026
27600,12,47.800000000000026,46.400000000000006,48.50000000000001,50.80000000000001,50.90000000000001,50.90000000000001,52.30000000000003,51.800000000000026
27600,13,49.100000000000016,50.300000000000004,50.50000000000001,46.60000000000001,50.50000000000001,50.90000000000001,51.700000000000024,49.20000000000002
27600,14,51.800000000000026,50.60000000000001,50.80000000000001,51.000000000000014,44.60000000000001,50.80000000000001,52.30000000000003,51.800000000000026
27600,15,49.700000000000024,50.60000000000001,50.70000000000001,50.80000000000001,51.000000000000014,50.70000000000001,52.400000000000034,45.40000000000002
27600,16,51.20000000000002,48.400000000000006,50.60000000000001,50.90000000000001,50.80000000000001,48.50000000000001,45.800000000000026,49.50000000000002
27600,17,51.50000000000002,50.50000000000001,48.70000000000001,49.000000000000014,44.70000000000001,48.60000000000001,52.10000000000003,51.700000000000024
27600,18,47.800000000000026,50.300000000000004,50.70000000000001,48.70000000000001,50.80000000000001,50.90000000000001,52.30000000000003,51.700000000000024
27600,19,51.60000000000002,50.400000000000006,50.50000000000001,50.90000000000001,50.80000000000001,50.90000000000001,47.90000000000003,45.30000000000002
27600,20,49.40000000000002,50.50000000000001,50.60000000000001,48.90000000000001,48.60000000000001,51.000000000000014,52.10000000000003,51.700000000000024
27600,21,49.30000000000002,46.2,48.70000000000001,50.80000000000001,50.80000000000001,50.60000000000001,52.10000000000003,51.40000000000002
27600,22,51.700000000000024,50.50000000000001,50.70000000000001,50.80000000000001,50.70000000000001,51.000000000000014,47.700000000000024,47.700000000000024
27600,23,52.10000000000003,50.50000000000001,50.50000000000001,51.000000000000014,51.000000000000014,50.90000000000001,52.10000000000003,45.20000000000002
27600,24,47.40000000000002,48.2,50.400000000000006,50.90000000000001,50.70000000000001,50.70000000000001,51.90000000000003,51.30000000000002
27600,25,49.800000000000026,50.50000000000001,50.50000000000001,46.60000000000001,48.60000000000001,50.80000000000001,51.700000000000024,51.40000000000002
27600,26,48.90000000000001,50.2,50.60000000000001,48.60000000000001,50.80000000000001,50.70000000000001,49.90000000000003,51.60000000000002
27600,27,51.700000000000024,50.400000000000006,50.70000000000001,50.80000000000001,50.70000000000001,50.60000000000001,46.00000000000003,49.50000000000002
27600,28,49.30000000000002,50.400000000000006,50.60000000000001,51.000000000000014,48.80000000000001,50.80000000000001,52.20000000000003,47.30000000000002
27600,29,50.00000000000003,50.60000000000001,48.50000000000001,50.50000000000001,50.70000000000001,50.80000000000001,51.60000000000002,51.30000000000002
28200,0,45.000000000000014,50.300000000000004,50.50000000000001,50.90000000000001,50.70000000000001,50.80000000000001,51.60000000000002,51.30000000000002
28200,1,52.10000000000003,50.60000000000001,46.70000000000001,48.90000000000001,50.90000000000001,50.80000000000001,52.20000000000003,51.700000000000024
28200,2,51.90000000000003,50.300000000000004,50.70000000000001,48.70000000000001,51.000000000000014,44.400000000000006,50.10000000000003,51.60000000000002
28200,3,48.90000000000001,50.50000000000001,50.60000000000001,50.80000000000001,50.80000000000001,48.60000000000001,47.700000000000024,51.20000000000002
28200,4,47.40000000000002,50.50000000000001,50.70000000000001,50.400000000000006,50.90000000000001,50.60000000000001,52.30000000000003,51.700000000000024
28200,5,51.800000000000026,50.60000000000001,48.70000000000001,51.100000000000016,51.100000000000016,50.90000000000001,50.70000000000004,51.800000000000026
28200,6,51.20000000000002,50.60000000000001,50.70000000000001,50.90000000000001,50.60000000000001,48.60000000000001,43.50000000000002,51.50000000000002
28200,7,48.90000000000001,48.400000000000006,50.70000000000001,50.70000000000001,51.000000000000014,50.60000000000001,42.00000000000003,51.700000000000024
28200,8,49.20000000000002,50.300000000000004,50.70000000000001,48.70000000000001,48.80000000000001,48.60000000000001,50.20000000000003,51.60000000000002
28200,9,52.10000000000003,50.70000000000001,50.70000000000001,50.90000000000001,50.60000000000001,50.90000000000001,47.90000000000003,45.20000000000002
28200,10,51.800000000000026,50.60000000000001,46.60000000000001,50.80000000000001,50.80000000000001,48.90000000000001,52.30000000000003,51.50000000000002
28200,11,49.700000000000024,50.50000000000001,50.70000000000001,51.000000000000014,48.80000000000001,48.70000000000001,50.00000000000003,49.800000000000026
28200,12,47.800000000000026,46.400000000000006,48.50000000000001,50.80000000000001,50.90000000000001,50.90000000000001,52.30000000000003,51.800000000000026
28200,13,49.20000000000002,50.400000000000006,50.60000000000001,46.60000000000001,50.50000000000001,50.90000000000001,51.90000000000003,49.20000000000002
28200,14,51.90000000000003,50.70000000000001,50.90000000000001,51.000000000000014,44.60000000000001,50.80000000000001,52.500000000000036,51.800000000000026
28200,15,49.700000000000024,50.60000000000001,50.70000000000001,50.80000000000001,51.000000000000014,50.70000000000001,50.400000000000034,45.40000000000002
28200,16,51.20000000000002,48.50000000000001,50.70000000000001,50.90000000000001,50.80000000000001,48.50000000000001,46.00000000000003,49.50000000000002
28200,17,49.50000000000002,50.50000000000001,48.70000000000001,49.000000000000014,44.70000000000001,48.60000000000001,52.10000000000003,51.700000000000024
28200,18,47.90000000000003,50.400000000000006,50.80000000000001,48.70000000000001,50.80000000000001,50.90000000000001,52.500000000000036,51.700000000000024
28200,19,51.60000000000002,50.400000000000006,50.50000000000001,50.90000000000001,50.80000000000001,50.90000000000001,47.90000000000003,45.30000000000002
28200,20,49.50000000000002,50.60000000000001,50.70000000000001,48.90000000000001,48.60000000000001,51.000000000000014,52.30000000000003,51.700000000000024
28200,21,49.30000000000002,46.2,48.80000000000001,50.80000000000001,50.80000000000001,50.60000000000001,52.30000000000003,51.40000000000002
28200,22,51.800000000000026,50.60000000000001,50.80000000000001,50.80000000000001,50.70000000000001,51.000000000000014,47.90000000000003,47.700000000000024
28200,23,52.20000000000003,50.60000000000001,50.60000000000001,51.000000000000014,51.000000000000014,50.90000000000001,52.30000000000003,45.20000000000002
28200,24,47.50000000000002,48.300000000000004,50.50000000000001,50.90000000000001,50.70000000000001,50.70000000000001,52.10000000000003,51.30000000000002
28200,25,49.90000000000003,50.60000000000001,50.60000000000001,46.60000000000001,48.60000000000001,50.80000000000001,51.90000000000003,51.40000000000002
28200,26,49.000000000000014,50.300000000000004,50.70000000000001,48.60000000000001,50.80000000000001,50.70000000000001,50.10000000000003,51.60000000000002
28200,27,51.800000000000026,50.50000000000001,50.70000000000001,50.80000000000001,50.70000000000001,50.60000000000001,44.00000000000003,49.50000000000002
28200,28,49.30000000000002,50.400000000000006,50.60000000000001,51.000000000000014,48.80000000000001,50.80000000000001,52.20000000000003,47.30000000000002
28200,29,50.10000000000003,50.70000000000001,48.60000000000001,50.50000000000001,50.70000000000001,50.80000000000001,51.800000000000026,51.30000000000002
28800,0,45.000000000000014,50.300000000000004,50.50000000000001,50.90000000000001,50.70000000000001,50.80000000000001,51.60000000000002,51.30000000000002
28800,1,52.20000000000003,50.70000000000001,46.70000000000001,48.90000000000001,50.90000000000001,50.80000000000001,52.20000000000003,51.800000000000026
28800,2,51.90000000000003,50.300000000000004,50.70000000000001,48.70000000000001,51.000000000000014,44.400000000000006,50.10000000000003,51.60000000000002
28800,3,49.000000000000014,50.60000000000001,50.60000000000001,50.80000000000001,50.80000000000001,48.60000000000001,47.700000000000024,51.30000000000002
28800,4,47.40000000000002,50.50000000000001,50.70000000000001,50.400000000000006,50.90000000000001,50.60000000000001,52.30000000000003,51.700000000000024
28800,5,51.90000000000003,50.70000000000001,48.70000000000001,51.100000000000016,51.100000000000016,50.90000000000001,50.70000000000004,51.90000000000003
28800,6,51.30000000000002,50.70000000000001,50.70000000000001,50.90000000000001,50.60000000000001,48.60000000000001,43.50000000000002,51.60000000000002
28800,7,48.90000000000001,48.400000000000006,50.70000000000001,50.70000000000001,51.000000000000014,50.60000000000001,42.00000000000003,51.700000000000024
28800,8,49.20000000000002,50.300000000000004,50.70000000000001,48.70000000000001,48.80000000000001,48.60000000000001,50.20000000000003,51.60000000000002
28800,9,52.20000000000003,50.80000000000001,50.70000000000001,50.90000000000001,50.60000000000001,50.90000000000001,47.90000000000003,45.30000000000002
28800,10,51.800000000000026,50.60000000000001,46.60000000000001,50.80000000000001,50.80000000000001,48.90000000000001,52.30000000000003,51.50000000000002
28800,11,49.700000000000024,50.50000000000001,50.70000000000001,51.000000000000014,48.80000000000001,48.70000000000001,50.00000000000003,49.800000000000026
28800,12,47.90000000000003,46.400000000000006,48.50000000000001,50.80000000000001,50.90000000000001,50.90000000000001,52.30000000000003,51.90000000000003
28800,13,49.30000000000002,50.50000000000001,50.60000000000001,46.60000000000001,50.50000000000001,50.90000000000001,51.90000000000003,49.30000000000002
28800,14,52.00000000000003,50.80000000000001,50.90000000000001,51.000000000000014,44.60000000000001,50.80000000000001,52.500000000000036,51.90000000000003
28800,15,49.700000000000024,50.60000000000001,50.70000000000001,50.80000000000001,51.000000000000014,50.70000000000001,50.400000000000034,45.40000000000002
28800,16,51.30000000000002,48.60000000000001,50.70000000000001,50.90000000000001,50.80000000000001,48.50000000000001,46.00000000000003,49.60000000000002
28800,17,49.50000000000002,50.50000000000001,48.70000000000001,49.000000000000014,44.70000000000001,48.60000000000001,52.10000000000003,51.700000000000024
28800,18,48.00000000000003,50.50000000000001,50.80000000000001,48.70000000000001,50.80000000000001,50.90000000000001,52.500000000000036,51.800000000000026
28800,19,51.700000000000024,50.400000000000006,50.50000000000001,50.90000000000001,50.80000000000001,50.90000000000001,47.90000000000003,45.30000000000002
28800,20,49.60000000000002,50.70000000000001,50.70000000000001,48.90000000000001,48.60000000000001,51.000000000000014,52.30000000000003,51.800000000000026
28800,21,49.40000000000002,46.300000000000004,48.80000000000001,50.80000000000001,50.80000000000001,50.60000000000001,52.30000000000003,51.50000000000002
28800,22,49.800000000000026,50.70000000000001,50.80000000000001,50.80000000000001,50.70000000000001,51.000000000000014,47.90000000000003,47.800000000000026
28800,23,52.20000000000003,50.70000000000001,50.60000000000001,51.000000000000014,51.000000000000014,50.90000000000001,52.30000000000003,43.20000000000002
28800,24,47.60000000000002,48.400000000000006,50.50000000000001,50.90000000000001,50.70000000000001,50.70000000000001,52.10000000000003,51.40000000000002
28800,25,49.90000000000003,48.60000000000001,50.60000000000001,46.60000000000001,48.60000000000001,50.80000000000001,51.90000000000003,51.40000000000002
28800,26,49.100000000000016,50.400000000000006,50.70000000000001,48.60000000000001,50.80000000000001,50.70000000000001,50.10000000000003,51.700000000000024
28800,27,51.800000000000026,50.50000000000001,50.70000000000001,50.80000000000001,50.70000000000001,50.60000000000001,44.00000000000003,49.50000000000002
28800,28,49.30000000000002,50.400000000000006,50.60000000000001,51.000000000000014,48.80000000000001,50.80000000000001,52.20000000000003,47.30000000000002
28800,29,50.20000000000003,50.80000000000001,48.60000000000001,50.50000000000001,50.70000000000001,50.80000000000001,51.800000000000026,51.40000000000002
29400,0,45.20000000000002,50.300000000000004,50.50000000000001,51.100000000000016,50.70000000000001,50.80000000000001,51.60000000000002,51.40000000000002
29400,1,52.60000000000004,50.70000000000001,46.70000000000001,49.100000000000016,50.90000000000001,50.80000000000001,52.20000000000003,51.90000000000003
29400,2,49.90000000000003,50.300000000000004,50.70000000000001,48.70000000000001,51.000000000000014,44.400000000000006,50.10000000000003,51.60000000000002
29400,3,49.40000000000002,50.60000000000001,50.60000000000001,51.000000000000014,50.80000000000001,48.60000000000001,47.700000000000024,51.40000000000002
29400,4,47.40000000000002,50.50000000000001,50.70000000000001,50.50000000000001,50.90000000000001,50.60000000000001,52.30000000000003,51.800000000000026
29400,5,52.30000000000003,50.70000000000001,48.70000000000001,51.30000000000002,51.100000000000016,50.90000000000001,50.70000000000004,52.00000000000003
29400,6,51.700000000000024,50.70000000000001,50.70000000000001,51.100000000000016,50.60000000000001,48.60000000000001,43.50000000000002,51.700000000000024
29400,7,49.30000000000002,48.400000000000006,50.70000000000001,50.90000000000001,51.000000000000014,50.60000000000001,42.00000000000003,51.800000000000026
29400,8,49.20000000000002,50.300000000000004,50.70000000000001,48.80000000000001,48.80000000000001,48.60000000000001,50.20000000000003,51.60000000000002
29400,9,52.60000000000004,50.80000000000001,50.70000000000001,51.000000000000014,50.60000000000001,50.90000000000001,47.90000000000003,43.30000000000002
29400,10,51.800000000000026,50.60000000000001,46.60000000000001,50.90000000000001,50.80000000000001,48.90000000000001,52.30000000000003,51.50000000000002
29400,11,50.00000000000003,50.50000000000001,50.70000000000001,51.20000000000002,48.80000000000001,48.70000000000001,50.00000000000003,49.90000000000003
29400,12,48.30000000000003,46.400000000000006,48.50000000000001,51.000000000000014,50.90000000000001,50.90000000000001,52.30000000000003,52.00000000000003
29400,13,47.30000000000002,50.50000000000001,50.60000000000001,46.60000000000001,50.50000000000001,50.90000000000001,51.90000000000003,49.30000000000002
29400,14,52.400000000000034,50.80000000000001,50.90000000000001,49.100000000000016,44.60000000000001,50.80000000000001,52.500000000000036,52.00000000000003
29400,15,49.700000000000024,50.60000000000001,50.70000000000001,50.90000000000001,51.000000000000014,50.70000000000001,50.400000000000034,45.40000000000002
29400,16,51.700000000000024,48.60000000000001,50.70000000000001,51.100000000000016,50.80000000000001,48.50000000000001,46.00000000000003,49.700000000000024
29400,17,49.50000000000002,50.50000000000001,48.70000000000001,49.100000000000016,44.70000000000001,48.60000000000001,52.10000000000003,51.800000000000026
29400,18,46.20000000000003,50.50000000000001,50.80000000000001,48.70000000000001,50.80000000000001,50.90000000000001,52.500000000000036,51.800000000000026
29400,19,52.10000000000003,50.400000000000006,50.50000000000001,51.100000000000016,50.80000000000001,50.90000000000001,47.90000000000003,45.40000000000002
29400,20,50.00000000000003,50.70000000000001,50.70000000000001,49.100000000000016,48.60000000000001,51.000000000000014,52.30000000000003,51.90000000000003
29400,21,49.800000000000026,46.300000000000004,48.80000000000001,51.000000000000014,50.80000000000001,50.60000000000001,52.30000000000003,51.60000000000002
29400,22,49.800000000000026,50.70000000000001,50.80000000000001,50.80000000000001,50.70000000000001,51.000000000000014,47.90000000000003,47.800000000000026
29400,23,52.20000000000003,50.70000000000001,50.60000000000001,51.100000000000016,51.000000000000014,50.90000000000001,52.30000000000003,43.30000000000002
29400,24,48.00000000000003,48.400000000000006,50.50000000000001,51.100000000000016,50.70000000000001,50.70000000000001,52.10000000000003,51.50000000000002
29400,25,49.90000000000003,48.60000000000001,50.60000000000001,46.60000000000001,48.60000000000001,50.80000000000001,51.90000000000003,51.40000000000002
29400,26,49.40000000000002,50.400000000000006,50.70000000000001,46.60000000000001,50.80000000000001,50.70000000000001,50.10000000000003,51.700000000000024
29400,27,51.90000000000003,50.50000000000001,50.70000000000001,51.000000000000014,50.70000000000001,50.60000000000001,44.00000000000003,49.60000000000002
29400,28,49.60000000000002,50.400000000000006,50.60000000000001,51.20000000000002,48.80000000000001,50.80000000000001,52.20000000000003,47.40000000000002
29400,29,48.500000000000036,50.80000000000001,48.60000000000001,50.60000000000001,50.70000000000001,50.80000000000001,51.800000000000026,51.40000000000002
30000,0,45.40000000000002,50.300000000000004,50.60000000000001,51.20000000000002,50.70000000000001,50.90000000000001,51.700000000000024,51.40000000000002
30000,1,52.60000000000004,50.70000000000001,46.70000000000001,47.100000000000016,50.90000000000001,50.80000000000001,52.30000000000003,51.90000000000003
30000,2,49.90000000000003,50.300000000000004,50.70000000000001,48.70000000000001,51.000000000000014,44.400000000000006,50.10000000000003,51.60000000000002
30000,3,49.60000000000002,50.60000000000001,50.70000000000001,51.100000000000016,50.80000000000001,48.70000000000001,47.800000000000026,51.40000000000002
30000,4,47.60000000000002,50.50000000000001,50.80000000000001,50.60000000000001,50.90000000000001,50.70000000000001,52.400000000000034,51.800000000000026
30000,5,50.400000000000034,50.70000000000001,48.70000000000001,51.40000000000002,51.100000000000016,50.90000000000001,50.80000000000004,52.00000000000003
30000,6,51.90000000000003,50.70000000000001,50.80000000000001,51.20000000000002,50.60000000000001,48.70000000000001,43.60000000000002,51.700000000000024
30000,7,49.50000000000002,48.400000000000006,50.80000000000001,51.000000000000014,51.000000000000014,50.70000000000001,42.10000000000003,51.800000000000026
30000,8,49.40000000000002,50.300000000000004,50.80000000000001,48.90000000000001,48.80000000000001,48.70000000000001,50.30000000000003,51.60000000000002
30000,9,52.60000000000004,50.80000000000001,50.70000000000001,51.000000000000014,50.60000000000001,50.90000000000001,47.90000000000003,43.30000000000002
30000,10,52.00000000000003,50.60000000000001,46.70000000000001,51.000000000000014,50.80000000000001,49.000000000000014,52.400000000000034,51.50000000000002
30000,11,48.00000000000003,50.50000000000001,50.70000000000001,51.30000000000002,48.80000000000001,48.70000000000001,50.10000000000003,49.90000000000003
30000,12,48.500000000000036,46.400000000000006,48.60000000000001,51.100000000000016,50.90000000000001,51.000000000000014,52.400000000000034,52.00000000000003
30000,13,47.30000000000002,50.50000000000001,50.60000000000001,46.60000000000001,50.50000000000001,50.90000000000001,51.90000000000003,49.30000000000002
30000,14,52.400000000000034,50.80000000000001,50.90000000000001,49.100000000000016,44.60000000000001,50.80000000000001,52.500000000000036,52.00000000000003
30000,15,49.90000000000003,50.60000000000001,50.80000000000001,51.000000000000014,51.000000000000014,50.80000000000001,50.500000000000036,45.40000000000002
30000,16,51.90000000000003,48.60000000000001,50.80000000000001,51.100000000000016,50.80000000000001,46.50000000000001,44.00000000000003,49.700000000000024
30000,17,49.700000000000024,50.50000000000001,48.80000000000001,49.20000000000002,44.70000000000001,48.70000000000001,52.20000000000003,51.800000000000026
30000,18,46.20000000000003,50.50000000000001,50.80000000000001,48.70000000000001,50.80000000000001,50.90000000000001,52.500000000000036,51.800000000000026
30000,19,52.30000000000003,50.400000000000006,50.60000000000001,51.20000000000002,50.80000000000001,51.000000000000014,48.00000000000003,45.40000000000002
30000,20,50.20000000000003,50.70000000000001,50.80000000000001,49.20000000000002,48.60000000000001,51.100000000000016,52.400000000000034,51.90000000000003
30000,21,50.00000000000003,46.300000000000004,48.90000000000001,51.100000000000016,50.80000000000001,50.70000000000001,52.400000000000034,51.60000000000002
30000,22,49.800000000000026,50.70000000000001,50.80000000000001,50.80000000000001,50.70000000000001,51.000000000000014,47.90000000000003,47.800000000000026
30000,23,52.400000000000034,50.70000000000001,50.70000000000001,51.20000000000002,51.000000000000014,51.000000000000014,52.400000000000034,43.30000000000002
30000,24,48.20000000000003,48.400000000000006,50.60000000000001,51.20000000000002,50.70000000000001,50.80000000000001,52.20000000000003,51.50000000000002
30000,25,50.10000000000003,48.60000000000001,50.70000000000001,46.70000000000001,48.60000000000001,50.90000000000001,51.90000000000003,51.40000000000002
30000,26,49.40000000000002,50.400000000000006,50.70000000000001,46.60000000000001,50.80000000000001,50.70000000000001,50.10000000000003,51.700000000000024
30000,27,52.10000000000003,50.50000000000001,50.80000000000001,51.100000000000016,50.70000000000001,50.70000000000001,44.10000000000003,49.60000000000002
30000,28,49.800000000000026,50.400000000000006,48.60000000000001,51.30000000000002,48.80000000000001,50.80000000000001,52.30000000000003,47.40000000000002
30000,29,48.500000000000036,50.80000000000001,48.60000000000001,50.60000000000001,50.70000000000001,50.80000000000001,51.800000000000026,51.40000000000002
30600,0,43.40000000000002,50.300000000000004,50.60000000000001,51.20000000000002,50.70000000000001,50.90000000000001,51.800000000000026,51.40000000000002
30600,1,52.90000000000004,50.70000000000001,44.70000000000001,47.100000000000016,51.100000000000016,50.80000000000001,52.400000000000034,52.00000000000003
30600,2,50.10000000000003,50.300000000000004,50.80000000000001,48.70000000000001,51.20000000000002,44.400000000000006,50.20000000000003,51.60000000000002
30600,3,50.00000000000003,50.60000000000001,50.80000000000001,51.100000000000016,51.000000000000014,48.70000000000001,48.00000000000003,51.50000000000002
30600,4,48.00000000000003,50.50000000000001,50.90000000000001,50.60000000000001,51.100000000000016,50.70000000000001,52.60000000000004,51.90000000000003
30600,5,50.400000000000034,50.70000000000001,48.70000000000001,51.40000000000002,51.100000000000016,50.90000000000001,50.80000000000004,52.00000000000003
30600,6,52.30000000000003,50.70000000000001,50.80000000000001,51.20000000000002,48.70000000000001,48.70000000000001,43.800000000000026,51.800000000000026
30600,7,49.90000000000003,48.400000000000006,50.90000000000001,51.000000000000014,51.20000000000002,50.70000000000001,42.30000000000003,51.90000000000003
30600,8,49.800000000000026,50.300000000000004,50.90000000000001,48.90000000000001,49.000000000000014,48.70000000000001,50.500000000000036,51.700000000000024
30600,9,53.00000000000004,50.80000000000001,50.80000000000001,51.000000000000014,50.80000000000001,50.90000000000001,48.10000000000003,43.40000000000002
30600,10,50.10000000000003,50.60000000000001,46.70000000000001,51.000000000000014,50.80000000000001,49.000000000000014,52.500000000000036,51.60000000000002
30600,11,48.00000000000003,50.50000000000001,50.70000000000001,51.30000000000002,48.80000000000001,48.70000000000001,50.10000000000003,49.90000000000003
30600,12,46.80000000000004,46.400000000000006,48.60000000000001,51.100000000000016,51.000000000000014,51.000000000000014,52.60000000000004,52.10000000000003
30600,13,47.60000000000002,50.50000000000001,50.70000000000001,46.60000000000001,50.70000000000001,50.90000000000001,52.00000000000003,49.40000000000002
30600,14,52.500000000000036,50.80000000000001,51.000000000000014,49.100000000000016,44.70000000000001,50.80000000000001,52.500000000000036,52.00000000000003
30600,15,50.00000000000003,50.60000000000001,50.80000000000001,51.000000000000014,51.000000000000014,50.80000000000001,50.60000000000004,43.40000000000002
30600,16,51.90000000000003,48.60000000000001,50.80000000000001,51.100000000000016,50.80000000000001,46.50000000000001,44.00000000000003,49.700000000000024
30600,17,49.90000000000003,50.50000000000001,48.80000000000001,49.20000000000002,42.70000000000001,48.70000000000001,52.30000000000003,51.90000000000003
30600,18,46.20000000000003,50.50000000000001,50.80000000000001,48.70000000000001,50.80000000000001,50.90000000000001,52.500000000000036,51.800000000000026
30600,19,52.30000000000003,50.400000000000006,50.60000000000001,51.20000000000002,50.80000000000001,51.000000000000014,46.00000000000003,45.40000000000002
30600,20,48.400000000000034,50.70000000000001,50.80000000000001,49.20000000000002,48.70000000000001,51.100000000000016,52.60000000000004,52.00000000000003
30600,21,50.400000000000034,46.300000000000004,49.000000000000014,51.100000000000016,51.000000000000014,50.70000000000001,52.60000000000004,51.700000000000024
30600,22,49.800000000000026,50.70000000000001,50.80000000000001,50.80000000000001,50.70000000000001,51.000000000000014,47.90000000000003,47.800000000000026
30600,23,52.60000000000004,50.70000000000001,50.70000000000001,51.20000000000002,51.100000000000016,51.000000000000014,50.500000000000036,43.40000000000002
30600,24,48.60000000000004,48.400000000000006,50.70000000000001,51.20000000000002,50.90000000000001,50.80000000000001,52.400000000000034,51.60000000000002
30600,25,50.500000000000036,48.60000000000001,50.80000000000001,46.70000000000001,48.80000000000001,50.90000000000001,52.10000000000003,51.50000000000002
30600,26,49.700000000000024,50.400000000000006,50.80000000000001,46.60000000000001,51.000000000000014,50.70000000000001,50.20000000000003,51.800000000000026
30600,27,52.500000000000036,50.50000000000001,50.90000000000001,51.100000000000016,50.90000000000001,50.70000000000001,44.30000000000003,49.700000000000024
30600,28,49.800000000000026,50.400000000000006,48.60000000000001,51.30000000000002,48.80000000000001,50.80000000000001,52.30000000000003,47.40000000000002
30600,29,48.500000000000036,50.80000000000001,48.60000000000001,50.60000000000001,50.70000000000001,50.80000000000001,51.800000000000026,51.40000000000002
31200,0,43.40000000000002,50.300000000000004,50.60000000000001,51.20000000000002,50.70000000000001,50.90000000000001,51.800000000000026,51.40000000000002
31200,1,52.90000000000004,50.70000000000001,44.70000000000001,47.100000000000016,51.100000000000016,50.80000000000001,52.400000000000034,52.00000000000003
31200,2,50.30000000000003,50.300000000000004,50.80000000000001,48.70000000000001,51.20000000000002,44.50000000000001,50.20000000000003,51.60000000000002
31200,3,50.00000000000003,50.60000000000001,50.80000000000001,51.100000000000016,51.000000000000014,46.70000000000001,48.00000000000003,51.50000000000002
31200,4,48.20000000000003,50.50000000000001,50.90000000000001,50.60000000000001,51.100000000000016,50.80000000000001,52.60000000000004,51.90000000000003
31200,5,50.400000000000034,50.70000000000001,48.70000000000001,51.40000000000002,51.100000000000016,50.90000000000001,50.80000000000004,52.00000000000003
31200,6,52.30000000000003,50.70000000000001,50.80000000000001,51.20000000000002,48.70000000000001,48.70000000000001,43.800000000000026,51.800000000000026
31200,7,50.10000000000003,48.400000000000006,50.90000000000001,51.000000000000014,51.20000000000002,50.80000000000001,42.30000000000003,51.90000000000003
31200,8,50.00000000000003,50.300000000000004,50.90000000000001,48.90000000000001,49.000000000000014,48.80000000000001,50.500000000000036,51.700000000000024
31200,9,53.200000000000045,50.80000000000001,50.80000000000001,51.000000000000014,50.80000000000001,51.000000000000014,48.10000000000003,43.40000000000002
31200,10,50.10000000000003,50.60000000000001,46.70000000000001,51.000000000000014,50.80000000000001,49.000000000000014,52.500000000000036,51.60000000000002
31200,11,48.00000000000003,50.50000000000001,50.70000000000001,51.30000000000002,48.80000000000001,48.70000000000001,50.10000000000003,49.90000000000003
31200,12,46.80000000000004,46.400000000000006,48.60000000000001,51.100000000000016,51.000000000000014,51.000000000000014,52.60000000000004,52.10000000000003
31200,13,47.800000000000026,50.50000000000001,50.70000000000001,46.60000000000001,50.70000000000001,51.000000000000014,52.00000000000003,49.40000000000002
31200,14,52.70000000000004,50.80000000000001,51.000000000000014,49.100000000000016,44.70000000000001,50.90000000000001,52.500000000000036,52.00000000000003
31200,15,50.00000000000003,50.60000000000001,50.80000000000001,51.000000000000014,51.000000000000014,50.80000000000001,50.60000000000004,43.40000000000002
31200,16,52.10000000000003,48.60000000000001,50.80000000000001,51.100000000000016,50.80000000000001,46.60000000000001,44.00000000000003,49.700000000000024
31200,17,49.90000000000003,50.50000000000001,48.80000000000001,49.20000000000002,42.70000000000001,48.70000000000001,52.30000000000003,51.90000000000003
31200,18,44.30000000000003,50.50000000000001,50.80000000000001,48.70000000000001,50.80000000000001,51.000000000000014,52.500000000000036,51.800000000000026
31200,19,52.30000000000003,50.400000000000006,50.60000000000001,51.20000000000002,50.80000000000001,51.000000000000014,46.00000000000003,45.40000000000002
31200,20,48.400000000000034,50.70000000000001,50.80000000000001,49.20000000000002,48.70000000000001,51.100000000000016,52.60000000000004,52.00000000000003
31200,21,48.400000000000034,46.300000000000004,49.000000000000014,51.100000000000016,51.000000000000014,50.80000000000001,52.60000000000004,51.700000000000024
31200,22,49.800000000000026,50.70000000000001,50.80000000000001,50.80000000000001,50.70000000000001,51.000000000000014,47.90000000000003,47.800000000000026
31200,23,52.60000000000004,50.70000000000001,50.70000000000001,51.20000000000002,51.100000000000016,51.000000000000014,50.500000000000036,43.40000000000002
31200,24,48.80000000000004,48.400000000000006,50.70000000000001,51.20000000000002,50.90000000000001,50.90000000000001,52.400000000000034,51.60000000000002
31200,25,50.70000000000004,48.60000000000001,50.80000000000001,46.70000000000001,48.80000000000001,51.000000000000014,52.10000000000003,51.50000000000002
31200,26,49.90000000000003,50.400000000000006,50.80000000000001,46.60000000000001,51.000000000000014,50.80000000000001,50.20000000000003,51.800000000000026
31200,27,52.70000000000004,50.50000000000001,50.90000000000001,51.100000000000016,50.90000000000001,50.80000000000001,44.30000000000003,49.700000000000024
31200,28,49.800000000000026,50.400000000000006,48.60000000000001,51.30000000000002,48.80000000000001,50.80000000000001,52.30000000000003,47.40000000000002
31200,29,48.500000000000036,50.80000000000001,48.60000000000001,50.60000000000001,50.70000000000001,50.80000000000001,51.800000000000026,51.40000000000002
31800,0,43.40000000000002,50.300000000000004,50.60000000000001,51.20000000000002,50.70000000000001,50.90000000000001,51.800000000000026,51.40000000000002
31800,1,51.00000000000004,50.70000000000001,44.80000000000001,47.100000000000016,51.100000000000016,50.80000000000001,52.400000000000034,52.00000000000003
31800,2,50.70000000000004,50.300000000000004,50.90000000000001,48.70000000000001,51.20000000000002,44.50000000000001,50.400000000000034,51.700000000000024
31800,3,50.00000000000003,50.60000000000001,50.80000000000001,51.100000000000016,51.000000000000014,46.70000000000001,48.00000000000003,51.50000000000002
31800,4,46.400000000000034,50.50000000000001,51.000000000000014,50.60000000000001,51.100000000000016,50.80000000000001,52.70000000000004,52.00000000000003
31800,5,50.400000000000034,50.70000000000001,48.70000000000001,51.40000000000002,51.100000000000016,50.90000000000001,50.80000000000004,52.00000000000003
31800,6,52.70000000000004,50.70000000000001,50.90000000000001,51.20000000000002,48.70000000000001,48.70000000000001,44.00000000000003,51.90000000000003
31800,7,50.400000000000034,48.400000000000006,51.000000000000014,51.000000000000014,51.20000000000002,50.80000000000001,40.400000000000034,52.00000000000003
31800,8,50.400000000000034,50.300000000000004,51.000000000000014,48.90000000000001,49.000000000000014,48.80000000000001,50.70000000000004,51.800000000000026
31800,9,53.40000000000005,50.80000000000001,50.90000000000001,51.000000000000014,50.80000000000001,51.000000000000014,46.10000000000003,43.40000000000002
31800,10,50.10000000000003,50.60000000000001,46.70000000000001,51.000000000000014,50.80000000000001,49.000000000000014,52.500000000000036,51.60000000000002
31800,11,48.400000000000034,50.50000000000001,50.70000000000001,51.30000000000002,48.80000000000001,48.70000000000001,50.30000000000003,50.00000000000003
31800,12,46.80000000000004,46.400000000000006,48.60000000000001,51.100000000000016,51.000000000000014,51.000000000000014,52.60000000000004,52.10000000000003
31800,13,48.20000000000003,50.50000000000001,50.80000000000001,46.60000000000001,50.70000000000001,51.000000000000014,52.20000000000003,49.50000000000002
31800,14,53.100000000000044,50.80000000000001,51.100000000000016,49.100000000000016,44.70000000000001,50.90000000000001,52.70000000000004,52.10000000000003
31800,15,50.400000000000034,50.60000000000001,50.80000000000001,51.000000000000014,51.000000000000014,50.80000000000001,50.80000000000004,43.50000000000002
31800,16,50.10000000000003,48.60000000000001,50.90000000000001,51.100000000000016,50.80000000000001,46.60000000000001,44.00000000000003,49.700000000000024
31800,17,50.30000000000003,50.50000000000001,48.90000000000001,49.20000000000002,42.70000000000001,48.70000000000001,52.500000000000036,52.00000000000003
31800,18,44.30000000000003,50.50000000000001,50.80000000000001,48.70000000000001,50.80000000000001,51.000000000000014,52.500000000000036,51.800000000000026
31800,19,52.30000000000003,50.400000000000006,50.60000000000001,51.20000000000002,50.80000000000001,51.000000000000014,46.00000000000003,45.40000000000002
31800,20,48.500000000000036,50.70000000000001,50.80000000000001,49.20000000000002,48.70000000000001,51.100000000000016,52.60000000000004,52.00000000000003
31800,21,48.60000000000004,46.300000000000004,49.000000000000014,51.100000000000016,51.000000000000014,50.80000000000001,52.70000000000004,51.800000000000026
31800,22,49.800000000000026,50.70000000000001,50.80000000000001,50.80000000000001,50.70000000000001,51.000000000000014,47.90000000000003,47.800000000000026
31800,23,52.80000000000004,50.70000000000001,50.70000000000001,51.20000000000002,51.100000000000016,51.000000000000014,50.70000000000004,43.50000000000002
31800,24,49.200000000000045,48.400000000000006,50.80000000000001,51.20000000000002,50.90000000000001,50.90000000000001,52.60000000000004,51.700000000000024
31800,25,51.100000000000044,48.60000000000001,50.90000000000001,46.70000000000001,48.80000000000001,51.000000000000014,52.30000000000003,51.60000000000002
31800,26,49.90000000000003,50.400000000000006,48.80000000000001,46.60000000000001,51.000000000000014,50.80000000000001,50.20000000000003,51.800000000000026
31800,27,52.90000000000004,50.50000000000001,51.000000000000014,51.100000000000016,50.90000000000001,50.80000000000001,44.400000000000034,47.700000000000024
31800,28,48.10000000000003,50.400000000000006,48.70000000000001,51.30000000000002,48.80000000000001,50.80000000000001,52.500000000000036,47.50000000000002
31800,29,48.500000000000036,50.80000000000001,48.60000000000001,50.60000000000001,50.70000000000001,50.80000000000001,51.800000000000026,51.40000000000002
32400,0,43.60000000000002,50.400000000000006,50.60000000000001,51.20000000000002,50.70000000000001,50.90000000000001,51.800000000000026,51.40000000000002
32400,1,51.00000000000004,50.70000000000001,44.80000000000001,47.100000000000016,51.100000000000016,50.80000000000001,52.400000000000034,52.00000000000003
32400,2,51.200000000000045,50.400000000000006,50.90000000000001,48.70000000000001,51.20000000000002,44.50000000000001,50.400000000000034,51.800000000000026
32400,3,50.30000000000003,50.70000000000001,50.80000000000001,51.100000000000016,51.000000000000014,46.70000000000001,48.00000000000003,51.50000000000002
32400,4,46.400000000000034,50.50000000000001,51.000000000000014,50.60000000000001,51.100000000000016,50.80000000000001,52.70000000000004,52.00000000000003
32400,5,50.90000000000004,50.80000000000001,48.70000000000001,51.40000000000002,51.100000000000016,50.90000000000001,50.80000000000004,52.10000000000003
32400,6,53.200000000000045,50.80000000000001,50.90000000000001,51.20000000000002,48.70000000000001,48.70000000000001,44.00000000000003,52.00000000000003
32400,7,50.60000000000004,48.400000000000006,51.000000000000014,51.000000000000014,51.20000000000002,50.80000000000001,40.400000000000034,52.00000000000003
32400,8,48.60000000000004,50.300000000000004,51.000000000000014,48.90000000000001,49.000000000000014,48.80000000000001,50.70000000000004,51.90000000000003
32400,9,53.40000000000005,50.80000000000001,50.90000000000001,51.000000000000014,50.80000000000001,51.000000000000014,46.10000000000003,43.40000000000002
32400,10,50.60000000000004,50.70000000000001,46.70000000000001,51.000000000000014,50.80000000000001,49.000000000000014,52.500000000000036,51.700000000000024
32400,11,46.400000000000034,50.50000000000001,50.70000000000001,51.30000000000002,48.80000000000001,48.70000000000001,50.30000000000003,50.00000000000003
32400,12,47.30000000000005,46.50000000000001,48.60000000000001,51.100000000000016,51.000000000000014,51.000000000000014,52.60000000000004,52.20000000000003
32400,13,48.70000000000004,50.60000000000001,50.80000000000001,46.60000000000001,50.70000000000001,51.000000000000014,52.20000000000003,49.60000000000002
32400,14,53.60000000000005,50.90000000000001,51.100000000000016,49.100000000000016,44.70000000000001,50.90000000000001,52.70000000000004,52.20000000000003
32400,15,50.60000000000004,50.60000000000001,50.80000000000001,51.000000000000014,51.000000000000014,50.80000000000001,50.80000000000004,41.50000000000002
32400,16,50.10000000000003,48.60000000000001,50.90000000000001,51.100000000000016,50.80000000000001,46.60000000000001,44.00000000000003,49.700000000000024
32400,17,50.80000000000004,50.60000000000001,48.90000000000001,49.20000000000002,42.70000000000001,48.70000000000001,52.500000000000036,52.10000000000003
32400,18,44.30000000000003,50.50000000000001,50.80000000000001,48.70000000000001,50.80000000000001,51.000000000000014,52.500000000000036,51.800000000000026
32400,19,52.80000000000004,50.50000000000001,50.60000000000001,51.20000000000002,50.80000000000001,51.000000000000014,46.00000000000003,45.50000000000002
32400,20,46.60000000000004,50.70000000000001,50.80000000000001,49.20000000000002,48.70000000000001,51.100000000000016,52.60000000000004,52.00000000000003
32400,21,48.90000000000004,44.300000000000004,49.000000000000014,51.100000000000016,51.000000000000014,50.80000000000001,52.70000000000004,51.90000000000003
32400,22,50.10000000000003,50.80000000000001,50.80000000000001,50.80000000000001,50.70000000000001,51.000000000000014,47.90000000000003,47.800000000000026
32400,23,53.30000000000005,50.80000000000001,50.70000000000001,51.20000000000002,51.100000000000016,51.000000000000014,50.70000000000004,43.60000000000002
32400,24,49.70000000000005,48.50000000000001,50.80000000000001,51.20000000000002,50.90000000000001,50.90000000000001,52.60000000000004,51.800000000000026
32400,25,49.40000000000005,48.70000000000001,50.90000000000001,46.70000000000001,48.80000000000001,51.000000000000014,52.30000000000003,51.700000000000024
32400,26,50.10000000000003,50.50000000000001,48.80000000000001,46.60000000000001,51.000000000000014,50.80000000000001,50.20000000000003,51.800000000000026
32400,27,52.90000000000004,50.50000000000001,51.000000000000014,51.100000000000016,50.90000000000001,50.80000000000001,44.400000000000034,47.700000000000024
32400,28,48.400000000000034,50.50000000000001,48.70000000000001,51.30000000000002,48.80000000000001,50.80000000000001,52.500000000000036,47.60000000000002
32400,29,46.70000000000004,50.90000000000001,48.60000000000001,50.60000000000001,50.70000000000001,50.80000000000001,51.800000000000026,51.40000000000002
33000,0,41.800000000000026,50.400000000000006,50.60000000000001,51.40000000000002,50.70000000000001,51.100000000000016,51.90000000000003,51.40000000000002
33000,1,51.00000000000004,50.70000000000001,44.80000000000001,47.100000000000016,51.100000000000016,50.80000000000001,52.400000000000034,52.00000000000003
33000,2,49.30000000000005,50.400000000000006,50.90000000000001,48.90000000000001,51.20000000000002,44.70000000000001,50.500000000000036,51.800000000000026
33000,3,50.70000000000004,50.70000000000001,48.80000000000001,51.30000000000002,51.000000000000014,46.90000000000001,48.30000000000003,51.50000000000002
33000,4,46.500000000000036,50.50000000000001,51.100000000000016,50.70000000000001,51.100000000000016,50.80000000000001,52.80000000000004,52.00000000000003
33000,5,51.30000000000005,50.80000000000001,48.80000000000001,51.700000000000024,51.100000000000016,51.100000000000016,51.100000000000044,52.10000000000003
33000,6,53.30000000000005,50.80000000000001,50.90000000000001,49.30000000000002,48.70000000000001,48.90000000000001,44.10000000000003,52.00000000000003
33000,7,50.80000000000004,48.400000000000006,51.100000000000016,51.20000000000002,51.20000000000002,48.80000000000001,40.60000000000004,52.00000000000003
33000,8,48.60000000000004,50.300000000000004,51.000000000000014,48.90000000000001,49.000000000000014,48.80000000000001,50.70000000000004,51.90000000000003
33000,9,53.40000000000005,50.80000000000001,51.000000000000014,51.100000000000016,50.80000000000001,51.000000000000014,46.10000000000003,43.40000000000002
33000,10,51.00000000000004,50.70000000000001,46.80000000000001,49.20000000000002,50.80000000000001,49.20000000000002,52.80000000000004,51.700000000000024
33000,11,46.400000000000034,50.50000000000001,50.70000000000001,51.40000000000002,48.80000000000001,48.70000000000001,50.30000000000003,50.00000000000003
33000,12,47.70000000000005,46.50000000000001,48.70000000000001,51.40000000000002,51.000000000000014,51.20000000000002,52.90000000000004,52.20000000000003
33000,13,48.70000000000004,50.60000000000001,50.90000000000001,44.70000000000001,50.70000000000001,51.000000000000014,52.30000000000003,49.60000000000002
33000,14,54.00000000000006,50.90000000000001,51.20000000000002,49.40000000000002,44.70000000000001,51.100000000000016,53.00000000000004,52.20000000000003
33000,15,50.60000000000004,50.60000000000001,50.80000000000001,51.000000000000014,51.000000000000014,50.80000000000001,50.80000000000004,41.50000000000002
33000,16,50.20000000000003,48.60000000000001,51.000000000000014,51.20000000000002,50.80000000000001,46.60000000000001,44.10000000000003,49.700000000000024
33000,17,51.100000000000044,50.60000000000001,48.90000000000001,49.40000000000002,42.70000000000001,48.90000000000001,50.60000000000004,52.10000000000003
33000,18,44.30000000000003,50.50000000000001,50.80000000000001,48.70000000000001,50.80000000000001,51.000000000000014,52.500000000000036,51.800000000000026
33000,19,53.200000000000045,50.50000000000001,50.70000000000001,51.50000000000002,50.80000000000001,51.20000000000002,46.30000000000003,45.50000000000002
33000,20,46.60000000000004,50.70000000000001,50.80000000000001,49.20000000000002,48.70000000000001,51.100000000000016,52.60000000000004,52.00000000000003
33000,21,48.90000000000004,44.300000000000004,49.100000000000016,51.20000000000002,51.000000000000014,50.80000000000001,52.70000000000004,51.90000000000003
33000,22,50.10000000000003,50.80000000000001,50.80000000000001,50.80000000000001,50.70000000000001,51.000000000000014,45.90000000000003,47.800000000000026
33000,23,53.60000000000005,50.80000000000001,50.70000000000001,51.40000000000002,51.100000000000016,51.20000000000002,48.90000000000004,43.60000000000002
33000,24,48.00000000000006,48.50000000000001,50.80000000000001,51.40000000000002,50.90000000000001,51.100000000000016,52.90000000000004,51.800000000000026
33000,25,49.40000000000005,48.70000000000001,50.90000000000001,46.70000000000001,48.80000000000001,51.000000000000014,52.30000000000003,51.700000000000024
33000,26,48.10000000000003,50.50000000000001,48.80000000000001,46.70000000000001,51.000000000000014,50.80000000000001,50.30000000000003,51.800000000000026
33000,27,53.00000000000004,50.50000000000001,51.100000000000016,51.20000000000002,50.90000000000001,50.80000000000001,44.500000000000036,47.700000000000024
33000,28,48.500000000000036,50.50000000000001,48.70000000000001,51.40000000000002,48.80000000000001,48.90000000000001,52.60000000000004,47.60000000000002
33000,29,46.70000000000004,50.90000000000001,48.60000000000001,50.60000000000001,50.70000000000001,50.80000000000001,51.800000000000026,51.40000000000002
33600,0,41.800000000000026,50.400000000000006,50.60000000000001,51.40000000000002,50.70000000000001,51.100000000000016,51.90000000000003,51.40000000000002
33600,1,51.00000000000004,50.70000000000001,44.80000000000001,47.20000000000002,51.100000000000016,50.80000000000001,52.400000000000034,52.00000000000003
33600,2,49.30000000000005,50.400000000000006,50.90000000000001,48.90000000000001,51.20000000000002,44.70000000000001,50.500000000000036,51.800000000000026
33600,3,50.70000000000004,50.70000000000001,48.80000000000001,51.30000000000002,51.000000000000014,46.90000000000001,48.30000000000003,51.50000000000002
33600,4,46.500000000000036,50.50000000000001,51.100000000000016,50.80000000000001,51.100000000000016,50.80000000000001,53.00000000000004,52.00000000000003
33600,5,51.30000000000005,50.80000000000001,48.80000000000001,51.700000000000024,51.100000000000016,51.100000000000016,49.100000000000044,52.10000000000003
33600,6,53.30000000000005,50.80000000000001,50.90000000000001,49.30000000000002,48.70000000000001,48.90000000000001,44.10000000000003,52.00000000000003
33600,7,50.80000000000004,48.400000000000006,51.100000000000016,51.20000000000002,51.20000000000002,48.80000000000001,38.70000000000004,52.00000000000003
33600,8,48.60000000000004,50.300000000000004,51.000000000000014,49.000000000000014,49.000000000000014,48.80000000000001,50.70000000000004,51.90000000000003
33600,9,53.40000000000005,50.80000000000001,51.000000000000014,49.100000000000016,50.80000000000001,51.000000000000014,46.30000000000003,43.40000000000002
33600,10,51.00000000000004,50.70000000000001,46.80000000000001,49.30000000000002,50.80000000000001,49.20000000000002,52.80000000000004,51.700000000000024
33600,11,46.400000000000034,50.50000000000001,50.70000000000001,51.50000000000002,48.80000000000001,48.70000000000001,50.500000000000036,50.00000000000003
33600,12,47.70000000000005,46.50000000000001,48.70000000000001,51.50000000000002,51.000000000000014,51.20000000000002,53.100000000000044,52.20000000000003
33600,13,48.70000000000004,50.60000000000001,50.90000000000001,44.80000000000001,50.70000000000001,51.000000000000014,52.500000000000036,49.60000000000002
33600,14,54.00000000000006,50.90000000000001,51.20000000000002,49.50000000000002,44.70000000000001,51.100000000000016,53.200000000000045,52.20000000000003
33600,15,50.60000000000004,50.60000000000001,50.80000000000001,51.100000000000016,51.000000000000014,50.80000000000001,50.80000000000004,41.50000000000002
33600,16,50.20000000000003,48.60000000000001,51.000000000000014,51.30000000000002,50.80000000000001,46.60000000000001,44.30000000000003,49.700000000000024
33600,17,51.100000000000044,50.60000000000001,48.90000000000001,49.50000000000002,42.70000000000001,48.90000000000001,50.60000000000004,52.10000000000003
33600,18,44.30000000000003,50.50000000000001,50.80000000000001,48.80000000000001,50.80000000000001,51.000000000000014,52.500000000000036,51.800000000000026
33600,19,53.200000000000045,50.50000000000001,50.70000000000001,51.60000000000002,50.80000000000001,51.20000000000002,46.500000000000036,45.50000000000002
33600,20,46.60000000000004,50.70000000000001,50.80000000000001,49.30000000000002,48.70000000000001,51.100000000000016,52.60000000000004,52.00000000000003
33600,21,48.90000000000004,44.300000000000004,49.100000000000016,51.30000000000002,51.000000000000014,50.80000000000001,52.90000000000004,51.90000000000003
33600,22,50.10000000000003,50.80000000000001,50.80000000000001,50.90000000000001,50.70000000000001,51.000000000000014,45.90000000000003,47.800000000000026
33600,23,53.60000000000005,50.80000000000001,50.70000000000001,51.40000000000002,51.100000000000016,51.20000000000002,48.90000000000004,43.60000000000002
33600,24,48.00000000000006,48.50000000000001,50.80000000000001,51.40000000000002,50.90000000000001,51.100000000000016,52.90000000000004,51.800000000000026
33600,25,49.40000000000005,48.70000000000001,50.90000000000001,46.80000000000001,48.80000000000001,51.000000000000014,52.30000000000003,51.700000000000024
33600,26,48.10000000000003,50.50000000000001,48.80000000000001,46.70000000000001,51.000000000000014,50.80000000000001,50.30000000000003,51.800000000000026
33600,27,53.00000000000004,50.50000000000001,51.100000000000016,51.30000000000002,50.90000000000001,50.80000000000001,44.70000000000004,47.700000000000024
33600,28,48.500000000000036,50.50000000000001,48.70000000000001,51.50000000000002,48.80000000000001,48.90000000000001,52.60000000000004,47.60000000000002
33600,29,46.70000000000004,50.90000000000001,48.60000000000001,50.70000000000001,50.70000000000001,50.80000000000001,51.800000000000026,51.40000000000002
34200,0,41.800000000000026,50.400000000000006,50.60000000000001,51.40000000000002,50.70000000000001,51.100000000000016,51.90000000000003,51.40000000000002
34200,1,51.00000000000004,50.70000000000001,42.80000000000001,47.20000000000002,51.100000000000016,50.80000000000001,52.400000000000034,52.00000000000003
34200,2,49.30000000000005,50.400000000000006,50.90000000000001,48.90000000000001,51.20000000000002,44.70000000000001,50.500000000000036,51.800000000000026
34200,3,48.70000000000004,50.70000000000001,48.80000000000001,51.30000000000002,51.000000000000014,46.90000000000001,48.30000000000003,51.50000000000002
34200,4,46.80000000000004,50.50000000000001,51.20000000000002,50.90000000000001,51.100000000000016,50.90000000000001,53.00000000000004,52.00000000000003
34200,5,51.30000000000005,50.80000000000001,48.80000000000001,51.700000000000024,51.100000000000016,51.100000000000016,49.100000000000044,52.10000000000003
34200,6,53.60000000000005,50.80000000000001,50.90000000000001,49.40000000000002,48.70000000000001,48.90000000000001,44.10000000000003,52.00000000000003
34200,7,51.00000000000004,48.400000000000006,51.100000000000016,51.20000000000002,51.20000000000002,48.80000000000001,38.70000000000004,52.00000000000003
34200,8,46.70000000000004,50.300000000000004,51.100000000000016,49.100000000000016,49.000000000000014,48.90000000000001,50.70000000000004,51.90000000000003
34200,9,53.40000000000005,50.80000000000001,51.000000000000014,49.100000000000016,50.80000000000001,51.000000000000014,46.30000000000003,43.40000000000002
34200,10,51.30000000000005,50.70000000000001,46.90000000000001,49.40000000000002,50.80000000000001,49.30000000000002,52.80000000000004,51.700000000000024
34200,11,46.70000000000004,50.50000000000001,50.80000000000001,51.60000000000002,48.80000000000001,48.80000000000001,50.500000000000036,50.00000000000003
34200,12,48.00000000000006,46.50000000000001,48.80000000000001,51.60000000000002,51.000000000000014,51.30000000000002,53.100000000000044,52.20000000000003
34200,13,48.70000000000004,50.60000000000001,51.000000000000014,42.80000000000001,50.70000000000001,51.100000000000016,52.500000000000036,49.60000000000002
34200,14,54.00000000000006,50.90000000000001,51.30000000000002,49.50000000000002,44.70000000000001,49.100000000000016,53.200000000000045,52.20000000000003
34200,15,50.90000000000004,50.60000000000001,50.90000000000001,51.20000000000002,51.000000000000014,50.90000000000001,50.80000000000004,41.50000000000002
34200,16,50.500000000000036,48.60000000000001,51.100000000000016,51.40000000000002,50.80000000000001,46.70000000000001,44.30000000000003,49.700000000000024
34200,17,51.40000000000005,50.60000000000001,49.000000000000014,49.60000000000002,42.70000000000001,49.000000000000014,50.60000000000004,52.10000000000003
34200,18,44.60000000000004,50.50000000000001,50.90000000000001,48.90000000000001,50.80000000000001,51.100000000000016,52.500000000000036,51.800000000000026
34200,19,53.50000000000005,50.50000000000001,50.80000000000001,51.700000000000024,50.80000000000001,51.30000000000002,46.500000000000036,45.50000000000002
34200,20,44.60000000000004,50.70000000000001,50.90000000000001,49.40000000000002,48.70000000000001,51.20000000000002,52.60000000000004,52.00000000000003
34200,21,49.200000000000045,44.300000000000004,49.20000000000002,51.40000000000002,51.000000000000014,50.90000000000001,52.90000000000004,51.90000000000003
34200,22,50.400000000000034,50.80000000000001,50.90000000000001,51.000000000000014,50.70000000000001,51.100000000000016,45.90000000000003,47.800000000000026
34200,23,53.60000000000005,50.80000000000001,50.70000000000001,51.40000000000002,51.100000000000016,51.20000000000002,48.90000000000004,43.60000000000002
34200,24,48.20000000000006,48.50000000000001,50.80000000000001,51.40000000000002,50.90000000000001,51.100000000000016,52.90000000000004,51.800000000000026
34200,25,49.70000000000005,48.70000000000001,51.000000000000014,46.90000000000001,48.80000000000001,51.100000000000016,52.30000000000003,51.700000000000024
34200,26,48.20000000000003,50.50000000000001,48.80000000000001,46.70000000000001,51.000000000000014,50.80000000000001,50.30000000000003,51.800000000000026
34200,27,53.30000000000005,50.50000000000001,51.20000000000002,51.40000000000002,50.90000000000001,50.90000000000001,44.70000000000004,47.700000000000024
34200,28,48.80000000000004,50.50000000000001,48.80000000000001,51.60000000000002,48.80000000000001,49.000000000000014,52.60000000000004,47.60000000000002
34200,29,47.00000000000004,50.90000000000001,48.70000000000001,50.80000000000001,50.70000000000001,50.90000000000001,51.800000000000026,51.40000000000002
34800,0,41.800000000000026,50.400000000000006,50.60000000000001,51.40000000000002,50.70000000000001,51.100000000000016,51.90000000000003,51.40000000000002
34800,1,51.00000000000004,50.70000000000001,42.80000000000001,47.20000000000002,51.100000000000016,50.80000000000001,52.500000000000036,52.00000000000003
34800,2,49.30000000000005,50.400000000000006,50.90000000000001,48.90000000000001,51.20000000000002,44.70000000000001,50.500000000000036,51.800000000000026
34800,3,48.70000000000004,50.70000000000001,48.80000000000001,51.30000000000002,51.000000000000014,46.90000000000001,48.30000000000003,51.50000000000002
34800,4,46.80000000000004,50.50000000000001,51.20000000000002,50.90000000000001,51.100000000000016,51.000000000000014,53.30000000000005,52.00000000000003
34800,5,51.30000000000005,50.80000000000001,48.80000000000001,51.700000000000024,51.100000000000016,51.100000000000016,49.100000000000044,52.10000000000003
34800,6,53.60000000000005,50.80000000000001,50.90000000000001,49.40000000000002,48.70000000000001,49.000000000000014,44.400000000000034,52.00000000000003
34800,7,51.00000000000004,48.400000000000006,51.100000000000016,51.20000000000002,51.20000000000002,48.80000000000001,36.70000000000004,52.00000000000003
34800,8,46.70000000000004,50.300000000000004,51.100000000000016,49.100000000000016,49.000000000000014,48.90000000000001,50.70000000000004,51.90000000000003
34800,9,53.40000000000005,50.80000000000001,51.000000000000014,49.100000000000016,50.80000000000001,51.000000000000014,46.500000000000036,43.40000000000002
34800,10,51.30000000000005,50.70000000000001,46.90000000000001,49.40000000000002,50.80000000000001,49.40000000000002,53.100000000000044,51.700000000000024
34800,11,46.70000000000004,50.50000000000001,50.80000000000001,51.60000000000002,48.80000000000001,48.90000000000001,50.80000000000004,50.00000000000003
34800,12,48.00000000000006,46.50000000000001,48.80000000000001,51.60000000000002,51.000000000000014,51.40000000000002,53.40000000000005,52.20000000000003
34800,13,48.70000000000004,50.60000000000001,51.000000000000014,42.80000000000001,50.70000000000001,51.100000000000016,52.500000000000036,49.60000000000002
34800,14,54.00000000000006,50.90000000000001,51.30000000000002,49.50000000000002,44.70000000000001,49.100000000000016,53.30000000000005,52.20000000000003
34800,15,50.90000000000004,50.60000000000001,50.90000000000001,51.20000000000002,51.000000000000014,51.000000000000014,51.100000000000044,41.50000000000002
34800,16,50.500000000000036,48.60000000000001,51.100000000000016,51.40000000000002,50.80000000000001,46.80000000000001,44.60000000000004,49.700000000000024
34800,17,51.40000000000005,50.60000000000001,49.000000000000014,49.60000000000002,42.70000000000001,49.100000000000016,50.90000000000004,52.10000000000003
34800,18,44.60000000000004,50.50000000000001,50.90000000000001,48.90000000000001,50.80000000000001,51.20000000000002,52.80000000000004,51.800000000000026
34800,19,53.50000000000005,50.50000000000001,50.80000000000001,51.700000000000024,50.80000000000001,49.30000000000002,46.60000000000004,45.50000000000002
34800,20,44.60000000000004,50.70000000000001,50.90000000000001,49.40000000000002,48.70000000000001,51.20000000000002,52.80000000000004,52.00000000000003
34800,21,49.200000000000045,44.300000000000004,49.20000000000002,51.40000000000002,51.000000000000014,51.000000000000014,53.200000000000045,51.90000000000003
34800,22,50.400000000000034,50.80000000000001,50.90000000000001,51.000000000000014,50.70000000000001,51.20000000000002,46.20000000000003,47.800000000000026
34800,23,53.60000000000005,50.80000000000001,50.70000000000001,51.40000000000002,51.100000000000016,51.20000000000002,46.90000000000004,43.60000000000002
34800,24,48.20000000000006,48.50000000000001,50.80000000000001,51.40000000000002,50.90000000000001,51.20000000000002,53.200000000000045,51.800000000000026
34800,25,49.70000000000005,48.70000000000001,51.000000000000014,46.90000000000001,48.80000000000001,51.20000000000002,52.60000000000004,51.700000000000024
34800,26,48.20000000000003,50.50000000000001,48.80000000000001,46.70000000000001,51.000000000000014,50.90000000000001,50.60000000000004,51.800000000000026
34800,27,53.30000000000005,50.50000000000001,51.20000000000002,51.40000000000002,50.90000000000001,51.000000000000014,42.80000000000004,47.700000000000024
34800,28,48.80000000000004,50.50000000000001,48.80000000000001,51.60000000000002,48.80000000000001,49.100000000000016,52.90000000000004,47.60000000000002
34800,29,47.00000000000004,50.90000000000001,48.70000000000001,50.80000000000001,50.70000000000001,51.000000000000014,52.10000000000003,51.40000000000002
35400,0,41.800000000000026,50.400000000000006,50.60000000000001,51.50000000000002,50.70000000000001,51.100000000000016,51.90000000000003,51.50000000000002
35400,1,51.200000000000045,50.70000000000001,42.90000000000001,47.50000000000002,51.100000000000016,50.80000000000001,52.500000000000036,52.20000000000003
35400,2,49.50000000000005,50.400000000000006,51.000000000000014,49.100000000000016,51.20000000000002,44.70000000000001,50.500000000000036,51.90000000000003
35400,3,48.80000000000004,50.70000000000001,48.90000000000001,51.30000000000002,51.000000000000014,46.90000000000001,48.30000000000003,51.50000000000002
35400,4,47.00000000000004,50.50000000000001,51.30000000000002,51.20000000000002,51.100000000000016,51.000000000000014,53.30000000000005,52.20000000000003
35400,5,49.30000000000005,50.80000000000001,48.80000000000001,51.800000000000026,51.100000000000016,51.100000000000016,49.100000000000044,52.20000000000003
35400,6,53.800000000000054,50.80000000000001,51.000000000000014,49.700000000000024,48.70000000000001,49.000000000000014,44.400000000000034,52.20000000000003
35400,7,51.200000000000045,48.400000000000006,51.20000000000002,51.50000000000002,51.20000000000002,48.80000000000001,36.70000000000004,52.10000000000003
35400,8,46.70000000000004,50.300000000000004,51.100000000000016,49.100000000000016,49.000000000000014,48.90000000000001,50.70000000000004,51.90000000000003
35400,9,53.40000000000005,50.80000000000001,51.000000000000014,49.100000000000016,50.80000000000001,51.000000000000014,46.500000000000036,41.40000000000002
35400,10,51.40000000000005,50.70000000000001,44.90000000000001,49.700000000000024,50.80000000000001,49.40000000000002,53.100000000000044,51.90000000000003
35400,11,46.90000000000004,50.50000000000001,50.90000000000001,51.90000000000003,48.80000000000001,48.90000000000001,50.80000000000004,50.20000000000003
35400,12,48.10000000000006,46.50000000000001,48.80000000000001,49.800000000000026,51.000000000000014,51.40000000000002,53.40000000000005,52.400000000000034
35400,13,48.70000000000004,50.60000000000001,51.000000000000014,42.80000000000001,50.70000000000001,51.100000000000016,52.500000000000036,49.60000000000002
35400,14,54.20000000000006,50.90000000000001,51.40000000000002,49.800000000000026,44.70000000000001,49.100000000000016,53.30000000000005,52.400000000000034
35400,15,51.00000000000004,50.60000000000001,50.90000000000001,51.40000000000002,51.000000000000014,51.000000000000014,51.100000000000044,39.60000000000002
35400,16,50.500000000000036,48.60000000000001,51.100000000000016,49.40000000000002,50.80000000000001,46.80000000000001,44.60000000000004,49.800000000000026
35400,17,51.60000000000005,50.60000000000001,49.100000000000016,49.90000000000003,42.70000000000001,49.100000000000016,50.90000000000004,52.30000000000003
35400,18,44.80000000000004,50.50000000000001,51.000000000000014,49.20000000000002,50.80000000000001,51.20000000000002,52.80000000000004,52.00000000000003
35400,19,53.50000000000005,50.50000000000001,50.80000000000001,51.700000000000024,50.80000000000001,49.30000000000002,46.60000000000004,45.50000000000002
35400,20,44.80000000000004,50.70000000000001,51.000000000000014,49.700000000000024,48.70000000000001,51.20000000000002,52.80000000000004,52.20000000000003
35400,21,49.40000000000005,44.300000000000004,49.30000000000002,51.700000000000024,51.000000000000014,51.000000000000014,53.200000000000045,52.10000000000003
35400,22,50.60000000000004,50.80000000000001,51.000000000000014,51.30000000000002,50.70000000000001,51.20000000000002,46.20000000000003,48.00000000000003
35400,23,53.70000000000005,50.80000000000001,50.80000000000001,51.50000000000002,51.100000000000016,51.20000000000002,46.90000000000004,43.700000000000024
35400,24,48.40000000000006,48.50000000000001,50.90000000000001,51.700000000000024,50.90000000000001,51.20000000000002,53.200000000000045,52.00000000000003
35400,25,49.900000000000055,48.70000000000001,51.100000000000016,47.20000000000002,48.80000000000001,51.20000000000002,52.60000000000004,51.90000000000003
35400,26,48.30000000000003,50.50000000000001,48.80000000000001,44.80000000000001,51.000000000000014,50.90000000000001,50.60000000000004,51.90000000000003
35400,27,53.50000000000005,50.50000000000001,51.30000000000002,51.60000000000002,50.90000000000001,51.000000000000014,42.80000000000004,47.800000000000026
35400,28,49.00000000000004,50.50000000000001,48.90000000000001,51.90000000000003,48.80000000000001,49.100000000000016,52.90000000000004,47.800000000000026
35400,29,45.100000000000044,50.90000000000001,48.80000000000001,51.100000000000016,50.70000000000001,51.000000000000014,52.10000000000003,51.60000000000002
36000,0,41.800000000000026,50.400000000000006,50.60000000000001,51.50000000000002,50.70000000000001,51.100000000000016,51.90000000000003,51.50000000000002
36000,1,51.40000000000005,50.70000000000001,42.90000000000001,47.50000000000002,51.100000000000016,50.80000000000001,52.60000000000004,52.20000000000003
36000,2,49.70000000000005,50.400000000000006,51.000000000000014,49.100000000000016,51.20000000000002,44.70000000000001,50.60000000000004,51.90000000000003
36000,3,49.00000000000004,50.70000000000001,48.90000000000001,51.30000000000002,51.000000000000014,46.90000000000001,48.400000000000034,51.50000000000002
36000,4,47.200000000000045,50.50000000000001,51.30000000000002,51.20000000000002,51.100000000000016,51.000000000000014,53.40000000000005,52.20000000000003
36000,5,49.30000000000005,50.80000000000001,48.80000000000001,51.800000000000026,51.100000000000016,51.100000000000016,49.100000000000044,52.20000000000003
36000,6,54.00000000000006,50.80000000000001,51.000000000000014,49.700000000000024,48.70000000000001,49.000000000000014,44.500000000000036,52.20000000000003
36000,7,51.40000000000005,48.400000000000006,51.20000000000002,51.50000000000002,51.20000000000002,48.80000000000001,36.80000000000004,52.10000000000003
36000,8,46.90000000000004,50.300000000000004,51.100000000000016,49.100000000000016,49.000000000000014,48.90000000000001,50.80000000000004,51.90000000000003
36000,9,53.40000000000005,50.80000000000001,51.000000000000014,49.100000000000016,50.80000000000001,51.000000000000014,46.500000000000036,41.40000000000002
36000,10,51.40000000000005,50.70000000000001,44.90000000000001,49.700000000000024,50.80000000000001,49.40000000000002,53.100000000000044,51.90000000000003
36000,11,47.100000000000044,50.50000000000001,50.90000000000001,51.90000000000003,48.80000000000001,48.90000000000001,50.90000000000004,50.20000000000003
36000,12,48.10000000000006,46.50000000000001,48.80000000000001,49.800000000000026,51.000000000000014,51.40000000000002,53.40000000000005,52.400000000000034
36000,13,48.70000000000004,50.60000000000001,51.000000000000014,42.80000000000001,50.70000000000001,51.100000000000016,52.500000000000036,49.60000000000002
36000,14,54.40000000000006,50.90000000000001,51.40000000000002,49.800000000000026,44.70000000000001,49.100000000000016,53.40000000000005,52.400000000000034
36000,15,51.00000000000004,50.60000000000001,50.90000000000001,51.40000000000002,51.000000000000014,51.000000000000014,51.100000000000044,39.60000000000002
36000,16,50.70000000000004,48.60000000000001,51.100000000000016,49.40000000000002,50.80000000000001,46.80000000000001,44.70000000000004,49.800000000000026
36000,17,51.800000000000054,50.60000000000001,49.100000000000016,49.90000000000003,42.70000000000001,49.100000000000016,51.00000000000004,52.30000000000003
36000,18,42.90000000000004,50.50000000000001,51.000000000000014,49.20000000000002,50.80000000000001,51.20000000000002,52.90000000000004,52.00000000000003
36000,19,53.70000000000005,50.50000000000001,50.80000000000001,51.700000000000024,50.80000000000001,49.30000000000002,46.70000000000004,45.50000000000002
36000,20,45.00000000000004,50.70000000000001,51.000000000000014,49.700000000000024,48.70000000000001,51.20000000000002,52.90000000000004,52.20000000000003
36000,21,47.40000000000005,44.300000000000004,49.30000000000002,51.700000000000024,51.000000000000014,51.000000000000014,53.200000000000045,52.10000000000003
36000,22,50.70000000000004,50.80000000000001,51.000000000000014,51.30000000000002,50.70000000000001,51.20000000000002,44.20000000000003,48.00000000000003
36000,23,53.900000000000055,50.80000000000001,50.80000000000001,51.50000000000002,51.100000000000016,51.20000000000002,47.00000000000004,43.700000000000024
36000,24,48.600000000000065,48.50000000000001,50.90000000000001,51.700000000000024,50.90000000000001,51.20000000000002,53.30000000000005,52.00000000000003
36000,25,50.10000000000006,48.70000000000001,51.100000000000016,47.20000000000002,48.80000000000001,51.20000000000002,52.70000000000004,51.90000000000003
36000,26,48.500000000000036,50.50000000000001,48.80000000000001,44.80000000000001,51.000000000000014,50.90000000000001,50.70000000000004,51.90000000000003
36000,27,53.70000000000005,50.50000000000001,51.30000000000002,51.60000000000002,50.90000000000001,51.000000000000014,42.90000000000004,47.800000000000026
36000,28,49.200000000000045,50.50000000000001,48.90000000000001,51.90000000000003,48.80000000000001,49.100000000000016,53.00000000000004,47.800000000000026
36000,29,45.100000000000044,50.90000000000001,48.80000000000001,51.100000000000016,50.70000000000001,51.000000000000014,52.10000000000003,51.60000000000002
36600,0,41.800000000000026,50.400000000000006,50.60000000000001,51.50000000000002,50.70000000000001,51.100000000000016,51.90000000000003,51.50000000000002
36600,1,51.50000000000005,50.70000000000001,42.90000000000001,47.60000000000002,51.100000000000016,50.80000000000001,52.70000000000004,52.20000000000003
36600,2,49.800000000000054,50.400000000000006,51.000000000000014,49.20000000000002,51.20000000000002,44.70000000000001,50.70000000000004,51.90000000000003
36600,3,49.100000000000044,50.70000000000001,48.90000000000001,51.40000000000002,51.000000000000014,46.90000000000001,48.500000000000036,51.50000000000002
36600,4,47.30000000000005,50.50000000000001,51.30000000000002,51.30000000000002,51.100000000000016,51.000000000000014,53.50000000000005,52.20000000000003
36600,5,49.30000000000005,50.80000000000001,48.80000000000001,51.800000000000026,51.100000000000016,51.100000000000016,49.100000000000044,52.20000000000003
36600,6,52.00000000000006,50.80000000000001,51.000000000000014,49.800000000000026,48.70000000000001,49.000000000000014,44.60000000000004,52.20000000000003
36600,7,51.50000000000005,48.400000000000006,51.20000000000002,51.60000000000002,51.20000000000002,48.80000000000001,36.90000000000004,52.10000000000003
36600,8,47.00000000000004,50.300000000000004,51.100000000000016,49.20000000000002,49.000000000000014,48.90000000000001,50.90000000000004,51.90000000000003
36600,9,53.50000000000005,50.80000000000001,51.000000000000014,49.20000000000002,50.80000000000001,51.000000000000014,46.60000000000004,41.40000000000002
36600,10,51.40000000000005,50.70000000000001,44.90000000000001,49.700000000000024,50.80000000000001,49.40000000000002,53.100000000000044,51.90000000000003
36600,11,47.200000000000045,50.50000000000001,50.90000000000001,52.00000000000003,48.80000000000001,48.90000000000001,51.00000000000004,50.20000000000003
36600,12,48.20000000000006,46.50000000000001,48.80000000000001,49.90000000000003,51.000000000000014,51.40000000000002,53.50000000000005,52.400000000000034
36600,13,48.80000000000004,50.60000000000001,51.000000000000014,42.90000000000001,50.70000000000001,51.100000000000016,52.60000000000004,49.60000000000002
36600,14,54.500000000000064,50.90000000000001,51.40000000000002,49.90000000000003,44.70000000000001,49.100000000000016,53.50000000000005,52.400000000000034
36600,15,51.00000000000004,50.60000000000001,50.90000000000001,51.40000000000002,51.000000000000014,51.000000000000014,51.100000000000044,39.60000000000002
36600,16,50.80000000000004,48.60000000000001,51.100000000000016,49.50000000000002,50.80000000000001,46.80000000000001,44.80000000000004,49.800000000000026
36600,17,51.800000000000054,50.60000000000001,49.100000000000016,49.90000000000003,42.70000000000001,49.100000000000016,49.00000000000004,52.30000000000003
36600,18,42.90000000000004,50.50000000000001,51.000000000000014,49.20000000000002,50.80000000000001,51.20000000000002,52.90000000000004,52.00000000000003
36600,19,53.800000000000054,50.50000000000001,50.80000000000001,51.800000000000026,50.80000000000001,49.30000000000002,46.80000000000004,45.50000000000002
36600,20,45.100000000000044,50.70000000000001,51.000000000000014,49.800000000000026,48.70000000000001,51.20000000000002,53.00000000000004,52.20000000000003
36600,21,47.40000000000005,44.300000000000004,49.30000000000002,51.700000000000024,51.000000000000014,51.000000000000014,53.200000000000045,52.10000000000003
36600,22,50.70000000000004,50.80000000000001,51.000000000000014,51.30000000000002,50.70000000000001,51.20000000000002,44.20000000000003,48.00000000000003
36600,23,54.00000000000006,50.80000000000001,50.80000000000001,51.60000000000002,51.100000000000016,51.20000000000002,47.100000000000044,43.700000000000024
36600,24,48.70000000000007,48.50000000000001,50.90000000000001,51.800000000000026,50.90000000000001,51.20000000000002,53.40000000000005,52.00000000000003
36600,25,50.10000000000006,48.70000000000001,51.100000000000016,45.20000000000002,48.80000000000001,51.20000000000002,52.80000000000004,51.90000000000003
36600,26,48.60000000000004,50.50000000000001,48.80000000000001,44.90000000000001,51.000000000000014,50.90000000000001,50.80000000000004,51.90000000000003
36600,27,53.800000000000054,50.50000000000001,51.30000000000002,51.700000000000024,50.90000000000001,51.000000000000014,43.00000000000004,47.800000000000026
36600,28,49.30000000000005,50.50000000000001,48.90000000000001,52.00000000000003,48.80000000000001,49.100000000000016,53.100000000000044,47.800000000000026
36600,29,45.200000000000045,50.90000000000001,48.80000000000001,51.20000000000002,50.70000000000001,51.000000000000014,52.20000000000003,51.60000000000002
37200,0,41.800000000000026,50.400000000000006,50.60000000000001,51.50000000000002,50.70000000000001,51.100000000000016,51.90000000000003,49.50000000000002
37200,1,51.60000000000005,50.70000000000001,42.90000000000001,45.60000000000002,51.100000000000016,50.80000000000001,52.70000000000004,52.30000000000003
37200,2,50.10000000000006,50.400000000000006,51.000000000000014,49.30000000000002,51.20000000000002,44.70000000000001,50.80000000000004,52.00000000000003
37200,3,49.40000000000005,50.70000000000001,48.90000000000001,51.50000000000002,51.000000000000014,46.90000000000001,48.60000000000004,51.60000000000002
37200,4,47.60000000000005,50.50000000000001,51.30000000000002,51.40000000000002,51.100000000000016,51.000000000000014,53.60000000000005,52.30000000000003
37200,5,49.60000000000005,50.80000000000001,48.80000000000001,51.90000000000003,51.100000000000016,51.100000000000016,49.200000000000045,52.30000000000003
37200,6,52.00000000000006,50.80000000000001,51.000000000000014,49.800000000000026,48.70000000000001,49.000000000000014,44.60000000000004,52.20000000000003
37200,7,51.800000000000054,48.400000000000006,51.20000000000002,51.700000000000024,51.20000000000002,48.80000000000001,37.00000000000004,52.20000000000003
37200,8,47.30000000000005,50.300000000000004,51.100000000000016,49.30000000000002,49.000000000000014,48.90000000000001,51.00000000000004,52.00000000000003
37200,9,53.800000000000054,50.80000000000001,51.000000000000014,49.30000000000002,50.80000000000001,51.000000000000014,46.70000000000004,41.50000000000002
37200,10,51.70000000000005,50.70000000000001,44.90000000000001,49.800000000000026,50.80000000000001,49.40000000000002,53.200000000000045,52.00000000000003
37200,11,45.30000000000005,50.50000000000001,50.90000000000001,52.10000000000003,48.80000000000001,48.90000000000001,51.100000000000044,50.30000000000003
37200,12,48.500000000000064,46.50000000000001,48.80000000000001,50.00000000000003,51.000000000000014,51.40000000000002,53.60000000000005,52.500000000000036
37200,13,49.100000000000044,50.60000000000001,51.000000000000014,43.000000000000014,50.70000000000001,51.100000000000016,52.70000000000004,49.700000000000024
37200,14,54.80000000000007,50.90000000000001,51.40000000000002,50.00000000000003,44.70000000000001,49.100000000000016,53.60000000000005,52.500000000000036
37200,15,51.30000000000005,50.60000000000001,50.90000000000001,51.50000000000002,51.000000000000014,51.000000000000014,51.200000000000045,39.700000000000024
37200,16,51.100000000000044,48.60000000000001,51.100000000000016,49.60000000000002,50.80000000000001,46.80000000000001,44.90000000000004,49.90000000000003
37200,17,49.900000000000055,50.60000000000001,49.100000000000016,50.00000000000003,42.70000000000001,49.100000000000016,49.100000000000044,52.30000000000003
37200,18,42.90000000000004,50.50000000000001,51.000000000000014,49.20000000000002,50.80000000000001,51.20000000000002,52.90000000000004,52.00000000000003
37200,19,54.10000000000006,50.50000000000001,50.80000000000001,51.90000000000003,50.80000000000001,49.30000000000002,46.90000000000004,45.60000000000002
37200,20,45.40000000000005,50.70000000000001,51.000000000000014,49.90000000000003,48.70000000000001,51.20000000000002,53.100000000000044,52.30000000000003
37200,21,47.60000000000005,44.300000000000004,49.30000000000002,51.700000000000024,51.000000000000014,51.000000000000014,53.30000000000005,52.10000000000003
37200,22,50.90000000000004,50.80000000000001,51.000000000000014,51.40000000000002,50.70000000000001,51.20000000000002,44.30000000000003,48.00000000000003
37200,23,54.30000000000006,50.80000000000001,50.80000000000001,51.700000000000024,51.100000000000016,51.20000000000002,47.200000000000045,43.800000000000026
37200,24,46.70000000000007,48.50000000000001,50.90000000000001,51.800000000000026,50.90000000000001,51.20000000000002,53.40000000000005,52.10000000000003
37200,25,50.30000000000006,48.70000000000001,51.100000000000016,45.20000000000002,48.80000000000001,51.20000000000002,52.90000000000004,51.90000000000003
37200,26,48.90000000000004,50.50000000000001,48.80000000000001,45.000000000000014,51.000000000000014,50.90000000000001,50.90000000000004,52.00000000000003
37200,27,54.10000000000006,50.50000000000001,51.30000000000002,51.800000000000026,50.90000000000001,51.000000000000014,43.100000000000044,47.90000000000003
37200,28,49.40000000000005,50.50000000000001,48.90000000000001,52.10000000000003,48.80000000000001,49.100000000000016,51.100000000000044,47.90000000000003
37200,29,45.50000000000005,50.90000000000001,48.80000000000001,51.30000000000002,50.70000000000001,51.000000000000014,52.30000000000003,51.700000000000024
37800,0,41.800000000000026,50.400000000000006,50.60000000000001,51.50000000000002,50.70000000000001,51.100000000000016,51.90000000000003,49.50000000000002
37800,1,51.60000000000005,50.70000000000001,42.90000000000001,45.60000000000002,51.100000000000016,50.80000000000001,52.70000000000004,52.30000000000003
37800,2,50.10000000000006,50.400000000000006,51.000000000000014,49.30000000000002,51.20000000000002,44.70000000000001,50.80000000000004,52.10000000000003
37800,3,49.40000000000005,50.70000000000001,48.90000000000001,51.50000000000002,51.000000000000014,46.90000000000001,48.60000000000004,51.700000000000024
37800,4,47.60000000000005,50.50000000000001,51.30000000000002,51.40000000000002,51.100000000000016,51.000000000000014,53.60000000000005,52.400000000000034
37800,5,49.60000000000005,50.80000000000001,48.80000000000001,51.90000000000003,51.100000000000016,51.100000000000016,49.200000000000045,52.400000000000034
37800,6,52.00000000000006,50.80000000000001,51.000000000000014,49.800000000000026,48.70000000000001,49.000000000000014,44.60000000000004,52.20000000000003
37800,7,51.800000000000054,48.400000000000006,51.20000000000002,51.700000000000024,51.20000000000002,48.80000000000001,37.00000000000004,52.30000000000003
37800,8,47.30000000000005,50.300000000000004,51.100000000000016,49.30000000000002,49.000000000000014,48.90000000000001,51.00000000000004,52.10000000000003
37800,9,53.800000000000054,50.80000000000001,51.000000000000014,49.30000000000002,50.80000000000001,51.000000000000014,46.70000000000004,41.60000000000002
37800,10,51.70000000000005,50.70000000000001,44.90000000000001,49.800000000000026,50.80000000000001,49.40000000000002,53.200000000000045,52.10000000000003
37800,11,45.30000000000005,50.50000000000001,50.90000000000001,52.10000000000003,48.80000000000001,48.90000000000001,51.100000000000044,50.30000000000003
37800,12,48.500000000000064,46.50000000000001,48.80000000000001,50.00000000000003,51.000000000000014,51.40000000000002,53.60000000000005,52.60000000000004
37800,13,49.100000000000044,50.60000000000001,51.000000000000014,43.000000000000014,50.70000000000001,51.100000000000016,52.70000000000004,49.800000000000026
37800,14,54.80000000000007,50.90000000000001,51.40000000000002,50.00000000000003,44.70000000000001,49.100000000000016,53.60000000000005,52.60000000000004
37800,15,51.30000000000005,50.60000000000001,50.90000000000001,51.50000000000002,51.000000000000014,51.000000000000014,51.200000000000045,39.800000000000026
37800,16,51.100000000000044,48.60000000000001,51.100000000000016,49.60000000000002,50.80000000000001,46.80000000000001,44.90000000000004,47.90000000000003
37800,17,49.900000000000055,50.60000000000001,49.100000000000016,50.00000000000003,42.70000000000001,49.100000000000016,49.100000000000044,52.30000000000003
37800,18,42.90000000000004,50.50000000000001,51.000000000000014,49.20000000000002,50.80000000000001,51.20000000000002,52.90000000000004,52.00000000000003
37800,19,54.10000000000006,50.50000000000001,50.80000000000001,51.90000000000003,50.80000000000001,49.30000000000002,46.90000000000004,45.700000000000024
37800,20,45.40000000000005,50.70000000000001,51.000000000000014,49.90000000000003,48.70000000000001,51.20000000000002,53.100000000000044,52.400000000000034
37800,21,47.60000000000005,44.300000000000004,49.30000000000002,51.700000000000024,51.000000000000014,51.000000000000014,53.30000000000005,52.20000000000003
37800,22,50.90000000000004,50.80000000000001,51.000000000000014,51.40000000000002,50.70000000000001,51.20000000000002,44.30000000000003,48.10000000000003
37800,23,54.30000000000006,50.80000000000001,50.80000000000001,51.700000000000024,51.100000000000016,51.20000000000002,47.200000000000045,43.90000000000003
37800,24,46.70000000000007,48.50000000000001,50.90000000000001,51.800000000000026,50.90000000000001,51.20000000000002,53.40000000000005,52.10000000000003
37800,25,50.30000000000006,48.70000000000001,51.100000000000016,45.20000000000002,48.80000000000001,51.20000000000002,52.90000000000004,52.00000000000003
37800,26,48.90000000000004,50.50000000000001,48.80000000000001,45.000000000000014,51.000000000000014,50.90000000000001,50.90000000000004,52.10000000000003
37800,27,54.10000000000006,50.50000000000001,51.30000000000002,51.800000000000026,50.90000000000001,51.000000000000014,43.100000000000044,48.00000000000003
37800,28,49.40000000000005,50.50000000000001,48.90000000000001,52.10000000000003,48.80000000000001,49.100000000000016,51.100000000000044,47.90000000000003
37800,29,45.50000000000005,50.90000000000001,48.80000000000001,51.30000000000002,50.70000000000001,51.000000000000014,52.30000000000003,51.800000000000026
38400,0,41.90000000000003,50.400000000000006,50.60000000000001,51.50000000000002,48.70000000000001,51.100000000000016,51.90000000000003,49.50000000000002
38400,1,51.60000000000005,50.70000000000001,42.90000000000001,45.60000000000002,51.100000000000016,50.80000000000001,52.70000000000004,52.30000000000003
38400,2,50.20000000000006,50.400000000000006,51.000000000000014,49.30000000000002,51.30000000000002,44.70000000000001,50.80000000000004,52.10000000000003
38400,3,49.50000000000005,50.70000000000001,48.90000000000001,51.50000000000002,51.100000000000016,46.90000000000001,48.60000000000004,51.700000000000024
38400,4,45.60000000000005,50.50000000000001,51.30000000000002,51.40000000000002,51.100000000000016,51.000000000000014,53.60000000000005,52.400000000000034
38400,5,49.70000000000005,50.80000000000001,48.80000000000001,51.90000000000003,51.20000000000002,51.100000000000016,49.200000000000045,52.400000000000034
38400,6,52.00000000000006,50.80000000000001,51.000000000000014,49.800000000000026,48.70000000000001,49.000000000000014,44.60000000000004,52.20000000000003
38400,7,51.900000000000055,48.400000000000006,51.20000000000002,51.700000000000024,51.30000000000002,48.80000000000001,37.00000000000004,52.30000000000003
38400,8,47.40000000000005,50.300000000000004,51.100000000000016,49.30000000000002,49.100000000000016,48.90000000000001,51.00000000000004,52.10000000000003
38400,9,53.900000000000055,50.80000000000001,51.000000000000014,49.30000000000002,50.90000000000001,51.000000000000014,46.70000000000004,41.60000000000002
38400,10,51.800000000000054,50.70000000000001,44.90000000000001,49.800000000000026,50.90000000000001,49.40000000000002,53.200000000000045,52.10000000000003
38400,11,45.30000000000005,50.50000000000001,50.90000000000001,52.10000000000003,48.90000000000001,48.90000000000001,51.100000000000044,50.30000000000003
38400,12,48.600000000000065,46.50000000000001,48.80000000000001,50.00000000000003,51.100000000000016,51.40000000000002,53.60000000000005,52.60000000000004
38400,13,49.200000000000045,50.60000000000001,51.000000000000014,43.000000000000014,50.80000000000001,51.100000000000016,52.70000000000004,49.800000000000026
38400,14,54.90000000000007,50.90000000000001,51.40000000000002,50.00000000000003,44.80000000000001,49.100000000000016,53.60000000000005,52.60000000000004
38400,15,51.40000000000005,50.60000000000001,50.90000000000001,51.50000000000002,51.100000000000016,51.000000000000014,51.200000000000045,39.800000000000026
38400,16,51.100000000000044,48.60000000000001,51.100000000000016,49.60000000000002,50.80000000000001,46.80000000000001,44.90000000000004,47.90000000000003
38400,17,49.900000000000055,50.60000000000001,49.100000000000016,50.00000000000003,42.70000000000001,49.100000000000016,49.100000000000044,52.30000000000003
38400,18,42.90000000000004,50.50000000000001,51.000000000000014,49.20000000000002,50.80000000000001,51.20000000000002,52.90000000000004,52.00000000000003
38400,19,54.20000000000006,50.50000000000001,50.80000000000001,51.90000000000003,50.90000000000001,49.30000000000002,46.90000000000004,45.700000000000024
38400,20,45.50000000000005,50.70000000000001,51.000000000000014,49.90000000000003,48.80000000000001,51.20000000000002,53.100000000000044,52.400000000000034
38400,21,47.70000000000005,44.300000000000004,49.30000000000002,51.700000000000024,51.100000000000016,51.000000000000014,53.30000000000005,52.20000000000003
38400,22,51.00000000000004,50.80000000000001,51.000000000000014,51.40000000000002,50.80000000000001,51.20000000000002,44.30000000000003,48.10000000000003
38400,23,54.40000000000006,50.80000000000001,50.80000000000001,51.700000000000024,51.20000000000002,51.20000000000002,47.200000000000045,43.90000000000003
38400,24,46.70000000000007,48.50000000000001,50.90000000000001,51.800000000000026,50.90000000000001,51.20000000000002,53.40000000000005,52.10000000000003
38400,25,50.40000000000006,48.70000000000001,51.100000000000016,45.20000000000002,48.90000000000001,51.20000000000002,52.90000000000004,52.00000000000003
38400,26,49.00000000000004,50.50000000000001,48.80000000000001,45.000000000000014,51.100000000000016,50.90000000000001,50.90000000000004,52.10000000000003
38400,27,54.20000000000006,50.50000000000001,51.30000000000002,51.800000000000026,51.000000000000014,51.000000000000014,43.100000000000044,48.00000000000003
38400,28,49.50000000000005,50.50000000000001,48.90000000000001,52.10000000000003,48.90000000000001,49.100000000000016,51.100000000000044,47.90000000000003
38400,29,45.60000000000005,50.90000000000001,48.80000000000001,51.30000000000002,50.80000000000001,51.000000000000014,52.30000000000003,51.800000000000026
39000,0,41.90000000000003,50.400000000000006,50.60000000000001,51.50000000000002,48.70000000000001,51.100000000000016,51.90000000000003,49.700000000000024
39000,1,51.60000000000005,50.70000000000001,42.90000000000001,45.60000000000002,51.100000000000016,50.80000000000001,52.70000000000004,52.30000000000003
39000,2,50.20000000000006,50.400000000000006,51.000000000000014,49.30000000000002,51.30000000000002,44.70000000000001,50.80000000000004,52.400000000000034
39000,3,49.50000000000005,50.70000000000001,48.90000000000001,51.50000000000002,51.100000000000016,46.90000000000001,48.60000000000004,52.00000000000003
39000,4,45.60000000000005,50.50000000000001,51.30000000000002,51.40000000000002,51.100000000000016,51.000000000000014,53.60000000000005,52.60000000000004
39000,5,49.70000000000005,50.80000000000001,48.80000000000001,51.90000000000003,51.20000000000002,51.100000000000016,49.200000000000045,52.70000000000004
39000,6,52.00000000000006,50.80000000000001,51.000000000000014,49.800000000000026,48.70000000000001,49.000000000000014,44.60000000000004,52.20000000000003
39000,7,51.900000000000055,48.400000000000006,51.20000000000002,51.700000000000024,51.30000000000002,48.80000000000001,37.00000000000004,52.60000000000004
39000,8,47.40000000000005,50.300000000000004,51.100000000000016,49.30000000000002,49.100000000000016,48.90000000000001,51.00000000000004,52.400000000000034
39000,9,53.900000000000055,50.80000000000001,51.000000000000014,49.30000000000002,50.90000000000001,51.000000000000014,46.70000000000004,41.90000000000003
39000,10,51.800000000000054,50.70000000000001,44.90000000000001,49.800000000000026,50.90000000000001,49.40000000000002,53.200000000000045,52.400000000000034
39000,11,45.30000000000005,50.50000000000001,50.90000000000001,52.10000000000003,48.90000000000001,48.90000000000001,51.100000000000044,50.60000000000004
39000,12,48.600000000000065,46.50000000000001,48.80000000000001,50.00000000000003,51.100000000000016,51.40000000000002,53.60000000000005,52.90000000000004
39000,13,49.200000000000045,50.60000000000001,51.000000000000014,43.000000000000014,50.80000000000001,51.100000000000016,52.70000000000004,50.10000000000003
39000,14,54.90000000000007,50.90000000000001,51.40000000000002,50.00000000000003,44.80000000000001,49.100000000000016,53.60000000000005,52.90000000000004
39000,15,51.40000000000005,50.60000000000001,50.90000000000001,51.50000000000002,51.100000000000016,51.000000000000014,51.200000000000045,40.10000000000003
39000,16,51.100000000000044,48.60000000000001,51.100000000000016,49.60000000000002,50.80000000000001,46.80000000000001,44.90000000000004,48.20000000000003
39000,17,49.900000000000055,50.60000000000001,49.100000000000016,50.00000000000003,42.70000000000001,49.100000000000016,49.100000000000044,52.30000000000003
39000,18,42.90000000000004,50.50000000000001,51.000000000000014,49.20000000000002,50.80000000000001,51.20000000000002,52.90000000000004,52.00000000000003
39000,19,54.20000000000006,50.50000000000001,50.80000000000001,51.90000000000003,50.90000000000001,49.30000000000002,46.90000000000004,43.700000000000024
39000,20,45.50000000000005,50.70000000000001,51.000000000000014,49.90000000000003,48.80000000000001,51.20000000000002,53.100000000000044,52.70000000000004
39000,21,47.70000000000005,44.300000000000004,49.30000000000002,51.700000000000024,51.100000000000016,51.000000000000014,53.30000000000005,52.500000000000036
39000,22,51.00000000000004,50.80000000000001,51.000000000000014,51.40000000000002,50.80000000000001,51.20000000000002,44.30000000000003,48.400000000000034
39000,23,54.40000000000006,50.80000000000001,50.80000000000001,51.700000000000024,51.20000000000002,51.20000000000002,47.200000000000045,42.10000000000003
39000,24,46.70000000000007,48.50000000000001,50.90000000000001,51.800000000000026,50.90000000000001,51.20000000000002,53.40000000000005,52.30000000000003
39000,25,50.40000000000006,48.70000000000001,51.100000000000016,45.20000000000002,48.90000000000001,51.20000000000002,52.90000000000004,52.30000000000003
39000,26,49.00000000000004,50.50000000000001,48.80000000000001,45.000000000000014,51.100000000000016,50.90000000000001,50.90000000000004,52.400000000000034
39000,27,54.20000000000006,50.50000000000001,51.30000000000002,51.800000000000026,51.000000000000014,51.000000000000014,43.100000000000044,48.30000000000003
39000,28,49.50000000000005,50.50000000000001,48.90000000000001,52.10000000000003,48.90000000000001,49.100000000000016,51.100000000000044,46.00000000000003
39000,29,45.60000000000005,50.90000000000001,48.80000000000001,51.30000000000002,50.80000000000001,51.000000000000014,52.30000000000003,52.10000000000003
39600,0,42.00000000000003,50.400000000000006,50.60000000000001,51.50000000000002,48.70000000000001,51.100000000000016,52.00000000000003,47.700000000000024
39600,1,51.60000000000005,50.70000000000001,42.90000000000001,45.60000000000002,51.100000000000016,50.80000000000001,52.70000000000004,52.30000000000003
39600,2,50.500000000000064,50.400000000000006,51.000000000000014,49.30000000000002,51.30000000000002,44.70000000000001,51.00000000000004,52.60000000000004
39600,3,49.800000000000054,50.70000000000001,48.90000000000001,51.50000000000002,51.100000000000016,46.90000000000001,48.80000000000004,52.20000000000003
39600,4,45.900000000000055,50.50000000000001,51.30000000000002,51.40000000000002,51.100000000000016,51.000000000000014,53.800000000000054,52.80000000000004
39600,5,50.00000000000006,50.80000000000001,48.80000000000001,51.90000000000003,51.20000000000002,51.100000000000016,49.40000000000005,52.90000000000004
39600,6,52.00000000000006,50.80000000000001,51.000000000000014,49.800000000000026,48.70000000000001,49.000000000000014,44.60000000000004,52.20000000000003
39600,7,52.20000000000006,48.400000000000006,51.20000000000002,51.700000000000024,51.30000000000002,48.80000000000001,37.200000000000045,52.80000000000004
39600,8,47.60000000000005,50.300000000000004,51.100000000000016,49.30000000000002,49.100000000000016,48.90000000000001,51.200000000000045,50.500000000000036
39600,9,54.10000000000006,50.80000000000001,51.000000000000014,49.30000000000002,50.90000000000001,51.000000000000014,44.80000000000004,42.00000000000003
39600,10,52.10000000000006,50.70000000000001,44.90000000000001,49.800000000000026,50.90000000000001,49.40000000000002,53.40000000000005,52.60000000000004
39600,11,43.30000000000005,50.50000000000001,50.90000000000001,52.10000000000003,48.90000000000001,48.90000000000001,51.200000000000045,50.60000000000004
39600,12,48.90000000000007,46.50000000000001,48.80000000000001,50.00000000000003,51.100000000000016,51.40000000000002,53.800000000000054,53.100000000000044
39600,13,49.50000000000005,50.60000000000001,51.000000000000014,43.000000000000014,50.80000000000001,51.100000000000016,52.90000000000004,50.30000000000003
39600,14,54.90000000000007,50.90000000000001,51.40000000000002,50.00000000000003,44.80000000000001,49.100000000000016,51.60000000000005,52.90000000000004
39600,15,51.70000000000005,50.60000000000001,50.90000000000001,51.50000000000002,51.100000000000016,51.000000000000014,51.40000000000005,40.30000000000003
39600,16,51.40000000000005,48.60000000000001,51.100000000000016,49.60000000000002,50.80000000000001,46.80000000000001,45.100000000000044,48.400000000000034
39600,17,49.900000000000055,50.60000000000001,49.100000000000016,50.00000000000003,42.70000000000001,49.100000000000016,49.100000000000044,52.30000000000003
39600,18,43.00000000000004,50.50000000000001,51.000000000000014,49.20000000000002,50.80000000000001,51.20000000000002,52.90000000000004,52.10000000000003
39600,19,54.20000000000006,50.50000000000001,50.80000000000001,51.90000000000003,50.90000000000001,49.30000000000002,46.90000000000004,43.700000000000024
39600,20,43.60000000000005,50.70000000000001,51.000000000000014,49.90000000000003,48.80000000000001,51.20000000000002,53.200000000000045,52.80000000000004
39600,21,48.00000000000006,44.300000000000004,49.30000000000002,51.700000000000024,51.100000000000016,51.000000000000014,53.50000000000005,52.70000000000004
39600,22,51.30000000000005,50.80000000000001,51.000000000000014,51.40000000000002,50.80000000000001,51.20000000000002,44.500000000000036,48.60000000000004
39600,23,54.40000000000006,50.80000000000001,50.80000000000001,51.700000000000024,51.20000000000002,51.20000000000002,47.200000000000045,42.10000000000003
39600,24,47.00000000000007,48.50000000000001,50.90000000000001,51.800000000000026,50.90000000000001,51.20000000000002,53.60000000000005,52.500000000000036
39600,25,50.70000000000007,48.70000000000001,51.100000000000016,45.20000000000002,48.90000000000001,51.20000000000002,53.100000000000044,52.500000000000036
39600,26,49.30000000000005,50.50000000000001,48.80000000000001,45.000000000000014,51.100000000000016,50.90000000000001,51.100000000000044,52.60000000000004
39600,27,54.500000000000064,50.50000000000001,51.30000000000002,51.800000000000026,51.000000000000014,51.000000000000014,43.30000000000005,48.500000000000036
39600,28,49.50000000000005,50.50000000000001,48.90000000000001,52.10000000000003,48.90000000000001,49.100000000000016,51.100000000000044,46.00000000000003
39600,29,43.800000000000054,50.90000000000001,48.80000000000001,51.30000000000002,50.80000000000001,51.000000000000014,52.500000000000036,52.30000000000003
40200,0,42.00000000000003,50.400000000000006,50.60000000000001,51.50000000000002,48.70000000000001,51.100000000000016,52.00000000000003,47.700000000000024
40200,1,51.60000000000005,50.70000000000001,42.90000000000001,45.60000000000002,51.100000000000016,50.80000000000001,52.70000000000004,52.30000000000003
40200,2,50.600000000000065,50.400000000000006,51.000000000000014,49.40000000000002,51.30000000000002,44.80000000000001,51.40000000000005,52.70000000000004
40200,3,49.900000000000055,50.70000000000001,48.90000000000001,51.60000000000002,51.100000000000016,47.000000000000014,49.200000000000045,52.30000000000003
40200,4,46.00000000000006,50.50000000000001,51.30000000000002,51.50000000000002,51.100000000000016,51.100000000000016,54.20000000000006,52.90000000000004
40200,5,50.10000000000006,50.80000000000001,48.80000000000001,52.00000000000003,51.20000000000002,51.20000000000002,49.800000000000054,53.00000000000004
40200,6,52.00000000000006,50.80000000000001,51.000000000000014,49.800000000000026,48.70000000000001,49.000000000000014,44.60000000000004,52.20000000000003
40200,7,52.30000000000006,48.400000000000006,51.20000000000002,51.800000000000026,51.30000000000002,48.90000000000001,35.30000000000005,52.90000000000004
40200,8,47.60000000000005,50.300000000000004,51.100000000000016,49.30000000000002,49.100000000000016,48.90000000000001,51.200000000000045,50.500000000000036
40200,9,54.20000000000006,50.80000000000001,51.000000000000014,49.40000000000002,50.90000000000001,51.100000000000016,45.200000000000045,42.10000000000003
40200,10,52.20000000000006,50.70000000000001,44.90000000000001,49.90000000000003,50.90000000000001,49.50000000000002,53.800000000000054,52.70000000000004
40200,11,43.30000000000005,50.50000000000001,50.90000000000001,52.10000000000003,48.90000000000001,48.90000000000001,51.200000000000045,50.60000000000004
40200,12,49.00000000000007,46.50000000000001,48.80000000000001,50.10000000000003,51.100000000000016,51.50000000000002,54.20000000000006,53.200000000000045
40200,13,49.60000000000005,50.60000000000001,51.000000000000014,43.100000000000016,50.80000000000001,51.20000000000002,53.30000000000005,50.400000000000034
40200,14,54.90000000000007,50.90000000000001,51.40000000000002,50.00000000000003,44.80000000000001,49.100000000000016,51.60000000000005,52.90000000000004
40200,15,51.800000000000054,50.60000000000001,50.90000000000001,51.60000000000002,51.100000000000016,51.100000000000016,51.800000000000054,40.400000000000034
40200,16,51.40000000000005,48.60000000000001,51.100000000000016,49.60000000000002,50.80000000000001,46.90000000000001,43.40000000000005,48.500000000000036
40200,17,49.900000000000055,50.60000000000001,49.100000000000016,50.00000000000003,42.70000000000001,49.100000000000016,49.100000000000044,52.30000000000003
40200,18,43.00000000000004,50.50000000000001,51.000000000000014,49.20000000000002,50.80000000000001,49.20000000000002,52.90000000000004,52.10000000000003
40200,19,54.30000000000006,50.50000000000001,50.80000000000001,52.00000000000003,50.90000000000001,49.30000000000002,47.100000000000044,43.700000000000024
40200,20,43.60000000000005,50.70000000000001,51.000000000000014,49.90000000000003,48.80000000000001,51.20000000000002,53.200000000000045,52.80000000000004
40200,21,48.00000000000006,44.300000000000004,49.30000000000002,51.700000000000024,51.100000000000016,51.100000000000016,53.60000000000005,50.70000000000004
40200,22,51.30000000000005,50.80000000000001,51.000000000000014,51.40000000000002,50.80000000000001,51.30000000000002,42.70000000000004,48.70000000000004
40200,23,52.40000000000006,50.80000000000001,50.80000000000001,51.700000000000024,51.20000000000002,51.20000000000002,47.40000000000005,42.10000000000003
40200,24,47.10000000000007,48.50000000000001,50.90000000000001,51.90000000000003,50.90000000000001,51.30000000000002,54.00000000000006,52.60000000000004
40200,25,50.80000000000007,48.70000000000001,51.100000000000016,45.30000000000002,48.90000000000001,51.30000000000002,53.50000000000005,52.60000000000004
40200,26,49.40000000000005,50.50000000000001,48.80000000000001,43.000000000000014,51.100000000000016,51.000000000000014,51.50000000000005,52.70000000000004
40200,27,54.500000000000064,50.50000000000001,51.30000000000002,51.800000000000026,51.000000000000014,51.100000000000016,41.30000000000005,48.500000000000036
40200,28,49.50000000000005,50.50000000000001,48.90000000000001,52.10000000000003,48.90000000000001,49.100000000000016,51.100000000000044,46.00000000000003
40200,29,43.800000000000054,50.90000000000001,48.80000000000001,51.30000000000002,50.80000000000001,51.000000000000014,52.500000000000036,52.30000000000003
40800,0,42.10000000000003,50.400000000000006,50.70000000000001,51.50000000000002,48.70000000000001,51.100000000000016,52.00000000000003,47.700000000000024
40800,1,51.60000000000005,50.70000000000001,42.90000000000001,45.60000000000002,51.100000000000016,50.80000000000001,52.70000000000004,52.30000000000003
40800,2,50.70000000000007,50.50000000000001,51.100000000000016,49.40000000000002,51.30000000000002,44.80000000000001,51.40000000000005,52.80000000000004
40800,3,50.00000000000006,50.80000000000001,49.000000000000014,51.60000000000002,51.100000000000016,47.000000000000014,49.200000000000045,52.400000000000034
40800,4,46.10000000000006,50.60000000000001,49.30000000000002,51.50000000000002,51.100000000000016,51.100000000000016,54.20000000000006,53.00000000000004
40800,5,50.20000000000006,50.90000000000001,48.90000000000001,52.00000000000003,51.20000000000002,51.20000000000002,49.800000000000054,53.100000000000044
40800,6,52.10000000000006,50.90000000000001,51.100000000000016,49.800000000000026,48.70000000000001,49.000000000000014,44.60000000000004,52.30000000000003
40800,7,52.30000000000006,48.400000000000006,51.20000000000002,51.800000000000026,51.30000000000002,48.90000000000001,35.30000000000005,50.90000000000004
40800,8,47.60000000000005,50.300000000000004,51.100000000000016,49.30000000000002,49.100000000000016,48.90000000000001,51.200000000000045,50.500000000000036
40800,9,54.30000000000006,50.90000000000001,51.100000000000016,49.40000000000002,50.90000000000001,51.100000000000016,45.200000000000045,42.20000000000003
40800,10,52.30000000000006,50.80000000000001,45.000000000000014,49.90000000000003,50.90000000000001,49.50000000000002,53.800000000000054,52.80000000000004
40800,11,43.30000000000005,50.50000000000001,50.90000000000001,52.10000000000003,48.90000000000001,48.90000000000001,51.200000000000045,50.60000000000004
40800,12,49.10000000000007,46.60000000000001,48.90000000000001,50.10000000000003,51.100000000000016,51.50000000000002,54.20000000000006,53.30000000000005
40800,13,47.60000000000005,50.70000000000001,51.000000000000014,43.100000000000016,50.80000000000001,51.20000000000002,53.30000000000005,50.500000000000036
40800,14,54.90000000000007,50.90000000000001,51.40000000000002,50.00000000000003,44.80000000000001,49.100000000000016,51.60000000000005,52.90000000000004
40800,15,51.900000000000055,50.70000000000001,51.000000000000014,51.60000000000002,51.100000000000016,51.100000000000016,51.800000000000054,40.500000000000036
40800,16,51.40000000000005,48.60000000000001,51.100000000000016,49.60000000000002,50.80000000000001,46.90000000000001,43.40000000000005,48.500000000000036
40800,17,49.900000000000055,50.60000000000001,49.100000000000016,50.00000000000003,42.70000000000001,49.100000000000016,49.100000000000044,52.30000000000003
40800,18,43.00000000000004,48.50000000000001,51.000000000000014,49.20000000000002,50.80000000000001,49.20000000000002,52.90000000000004,52.10000000000003
40800,19,54.40000000000006,50.60000000000001,50.90000000000001,52.00000000000003,50.90000000000001,49.30000000000002,47.100000000000044,43.800000000000026
40800,20,43.60000000000005,50.70000000000001,51.000000000000014,49.90000000000003,48.80000000000001,51.20000000000002,53.200000000000045,52.80000000000004
40800,21,48.00000000000006,44.300000000000004,49.30000000000002,51.700000000000024,51.100000000000016,51.100000000000016,53.60000000000005,50.70000000000004
40800,22,51.30000000000005,50.80000000000001,51.000000000000014,51.40000000000002,50.80000000000001,51.30000000000002,42.70000000000004,48.70000000000004
40800,23,52.40000000000006,50.80000000000001,50.80000000000001,51.700000000000024,51.20000000000002,51.20000000000002,47.40000000000005,42.10000000000003
40800,24,47.200000000000074,48.60000000000001,51.000000000000014,51.90000000000003,50.90000000000001,51.30000000000002,54.00000000000006,52.70000000000004
40800,25,50.90000000000007,48.80000000000001,51.20000000000002,45.30000000000002,48.90000000000001,51.30000000000002,53.50000000000005,52.70000000000004
40800,26,49.40000000000005,50.50000000000001,48.80000000000001,43.000000000000014,51.100000000000016,51.000000000000014,51.50000000000005,52.70000000000004
40800,27,54.500000000000064,50.50000000000001,51.30000000000002,51.800000000000026,51.000000000000014,51.100000000000016,41.30000000000005,48.500000000000036
40800,28,49.60000000000005,50.60000000000001,49.000000000000014,52.10000000000003,48.90000000000001,49.100000000000016,51.100000000000044,46.00000000000003
40800,29,43.800000000000054,50.90000000000001,48.80000000000001,51.30000000000002,50.80000000000001,51.000000000000014,52.500000000000036,52.30000000000003
41400,0,40.10000000000003,50.50000000000001,50.70000000000001,51.50000000000002,48.70000000000001,51.100000000000016,52.10000000000003,47.700000000000024
41400,1,51.60000000000005,50.80000000000001,42.90000000000001,45.60000000000002,51.100000000000016,50.80000000000001,50.70000000000004,52.30000000000003
41400,2,50.90000000000007,50.60000000000001,51.100000000000016,49.40000000000002,51.30000000000002,44.80000000000001,51.50000000000005,52.80000000000004
41400,3,50.20000000000006,50.90000000000001,49.000000000000014,51.60000000000002,51.100000000000016,47.000000000000014,49.30000000000005,52.400000000000034
41400,4,46.10000000000006,50.60000000000001,49.30000000000002,51.50000000000002,51.100000000000016,51.100000000000016,54.20000000000006,53.00000000000004
41400,5,50.40000000000006,51.000000000000014,48.90000000000001,52.00000000000003,51.20000000000002,51.20000000000002,49.900000000000055,53.100000000000044
41400,6,52.30000000000006,51.000000000000014,51.100000000000016,49.800000000000026,48.70000000000001,49.000000000000014,44.70000000000004,52.30000000000003
41400,7,52.40000000000006,48.400000000000006,51.20000000000002,51.800000000000026,51.30000000000002,48.90000000000001,35.40000000000005,50.90000000000004
41400,8,45.70000000000005,50.400000000000006,51.100000000000016,49.30000000000002,49.100000000000016,48.90000000000001,51.30000000000005,50.500000000000036
41400,9,54.500000000000064,51.000000000000014,51.100000000000016,49.40000000000002,50.90000000000001,51.100000000000016,45.30000000000005,42.20000000000003
41400,10,52.500000000000064,50.90000000000001,45.000000000000014,49.90000000000003,50.90000000000001,49.50000000000002,53.900000000000055,52.80000000000004
41400,11,43.30000000000005,50.50000000000001,50.90000000000001,52.10000000000003,48.90000000000001,48.90000000000001,51.200000000000045,50.60000000000004
41400,12,49.300000000000075,46.70000000000001,48.90000000000001,50.10000000000003,51.100000000000016,51.50000000000002,54.30000000000006,53.30000000000005
41400,13,47.60000000000005,50.70000000000001,51.000000000000014,43.100000000000016,50.80000000000001,51.20000000000002,53.30000000000005,50.500000000000036
41400,14,54.90000000000007,50.90000000000001,51.40000000000002,50.00000000000003,44.80000000000001,49.100000000000016,51.60000000000005,52.90000000000004
41400,15,52.10000000000006,50.80000000000001,51.000000000000014,51.60000000000002,51.100000000000016,51.100000000000016,51.900000000000055,40.500000000000036
41400,16,51.40000000000005,48.60000000000001,51.100000000000016,49.60000000000002,50.80000000000001,46.90000000000001,43.40000000000005,48.500000000000036
41400,17,50.10000000000006,50.60000000000001,49.100000000000016,50.00000000000003,42.70000000000001,49.100000000000016,49.100000000000044,52.30000000000003
41400,18,43.00000000000004,48.50000000000001,51.000000000000014,49.20000000000002,50.80000000000001,49.20000000000002,52.90000000000004,52.10000000000003
41400,19,54.600000000000065,50.70000000000001,50.90000000000001,52.00000000000003,50.90000000000001,49.30000000000002,47.200000000000045,43.800000000000026
41400,20,43.800000000000054,50.80000000000001,51.000000000000014,49.90000000000003,48.80000000000001,51.20000000000002,53.30000000000005,52.80000000000004
41400,21,48.00000000000006,44.300000000000004,49.30000000000002,51.700000000000024,51.100000000000016,51.100000000000016,53.60000000000005,50.70000000000004
41400,22,51.30000000000005,50.80000000000001,51.000000000000014,51.40000000000002,50.80000000000001,51.30000000000002,42.70000000000004,48.70000000000004
41400,23,52.40000000000006,50.80000000000001,50.80000000000001,51.700000000000024,51.20000000000002,51.20000000000002,47.40000000000005,42.10000000000003
41400,24,47.40000000000008,48.70000000000001,51.000000000000014,51.90000000000003,50.90000000000001,51.30000000000002,54.10000000000006,52.70000000000004
41400,25,50.90000000000007,46.80000000000001,51.20000000000002,45.30000000000002,48.90000000000001,51.30000000000002,53.50000000000005,52.70000000000004
41400,26,49.40000000000005,50.50000000000001,48.80000000000001,43.000000000000014,51.100000000000016,51.000000000000014,51.50000000000005,52.70000000000004
41400,27,54.600000000000065,50.50000000000001,51.30000000000002,51.800000000000026,51.000000000000014,51.100000000000016,41.30000000000005,48.500000000000036
41400,28,49.800000000000054,50.70000000000001,49.000000000000014,52.10000000000003,48.90000000000001,49.100000000000016,51.200000000000045,46.00000000000003
41400,29,43.800000000000054,50.90000000000001,48.80000000000001,51.30000000000002,50.80000000000001,51.000000000000014,52.500000000000036,52.30000000000003
42000,0,40.10000000000003,50.50000000000001,50.70000000000001,51.50000000000002,48.70000000000001,51.100000000000016,52.10000000000003,47.700000000000024
42000,1,51.70000000000005,50.80000000000001,42.90000000000001,45.700000000000024,51.20000000000002,50.80000000000001,50.70000000000004,52.30000000000003
42000,2,51.00000000000007,50.60000000000001,51.100000000000016,49.50000000000002,51.40000000000002,44.80000000000001,51.50000000000005,52.80000000000004
42000,3,50.30000000000006,50.90000000000001,49.000000000000014,51.700000000000024,51.20000000000002,47.000000000000014,49.30000000000005,52.400000000000034
42000,4,46.20000000000006,50.60000000000001,49.30000000000002,51.60000000000002,51.20000000000002,51.100000000000016,54.20000000000006,53.00000000000004
42000,5,50.500000000000064,51.000000000000014,48.90000000000001,52.10000000000003,51.30000000000002,51.20000000000002,49.900000000000055,53.100000000000044
42000,6,52.30000000000006,51.000000000000014,51.100000000000016,49.90000000000003,46.70000000000001,49.000000000000014,44.70000000000004,52.30000000000003
42000,7,52.40000000000006,48.400000000000006,51.20000000000002,51.800000000000026,51.30000000000002,48.90000000000001,35.40000000000005,50.90000000000004
42000,8,45.70000000000005,50.400000000000006,51.100000000000016,49.30000000000002,49.100000000000016,48.90000000000001,51.30000000000005,50.500000000000036
42000,9,54.600000000000065,51.000000000000014,51.100000000000016,49.50000000000002,51.000000000000014,51.100000000000016,45.30000000000005,42.20000000000003
42000,10,52.600000000000065,50.90000000000001,45.000000000000014,50.00000000000003,51.000000000000014,49.50000000000002,53.900000000000055,52.80000000000004
42000,11,43.40000000000005,50.50000000000001,50.90000000000001,52.20000000000003,49.000000000000014,48.90000000000001,51.200000000000045,50.60000000000004
42000,12,49.40000000000008,46.70000000000001,48.90000000000001,50.20000000000003,51.20000000000002,51.50000000000002,54.30000000000006,53.30000000000005
42000,13,47.60000000000005,50.70000000000001,51.000000000000014,43.100000000000016,50.80000000000001,51.20000000000002,53.30000000000005,50.500000000000036
42000,14,54.90000000000007,50.90000000000001,51.40000000000002,50.00000000000003,44.80000000000001,49.100000000000016,51.60000000000005,52.90000000000004
42000,15,52.20000000000006,50.80000000000001,51.000000000000014,51.700000000000024,51.20000000000002,51.100000000000016,51.900000000000055,40.500000000000036
42000,16,51.50000000000005,48.60000000000001,51.100000000000016,49.700000000000024,50.90000000000001,46.90000000000001,43.40000000000005,48.500000000000036
42000,17,50.10000000000006,50.60000000000001,49.100000000000016,48.00000000000003,42.70000000000001,49.100000000000016,49.100000000000044,52.30000000000003
42000,18,43.00000000000004,48.50000000000001,51.000000000000014,49.20000000000002,50.80000000000001,49.20000000000002,52.90000000000004,52.10000000000003
42000,19,54.70000000000007,50.70000000000001,50.90000000000001,52.10000000000003,51.000000000000014,49.30000000000002,47.200000000000045,43.800000000000026
42000,20,43.900000000000055,50.80000000000001,51.000000000000014,50.00000000000003,48.90000000000001,51.20000000000002,53.30000000000005,52.80000000000004
42000,21,48.10000000000006,44.300000000000004,49.30000000000002,51.800000000000026,51.20000000000002,51.100000000000016,53.60000000000005,50.70000000000004
42000,22,51.30000000000005,50.80000000000001,51.000000000000014,51.40000000000002,50.80000000000001,51.30000000000002,42.70000000000004,48.70000000000004
42000,23,52.40000000000006,50.80000000000001,50.80000000000001,51.700000000000024,51.20000000000002,51.20000000000002,47.40000000000005,42.10000000000003
42000,24,47.50000000000008,48.70000000000001,51.000000000000014,52.00000000000003,51.000000000000014,51.30000000000002,54.10000000000006,52.70000000000004
42000,25,50.90000000000007,46.80000000000001,51.20000000000002,45.30000000000002,48.90000000000001,51.30000000000002,53.50000000000005,52.70000000000004
42000,26,47.40000000000005,50.50000000000001,48.80000000000001,43.000000000000014,51.100000000000016,51.000000000000014,51.50000000000005,52.70000000000004
42000,27,54.70000000000007,50.50000000000001,51.30000000000002,51.90000000000003,51.100000000000016,51.100000000000016,41.30000000000005,48.500000000000036
42000,28,49.900000000000055,50.70000000000001,49.000000000000014,52.20000000000003,49.000000000000014,49.100000000000016,51.200000000000045,46.00000000000003
42000,29,43.900000000000055,50.90000000000001,48.80000000000001,51.40000000000002,50.90000000000001,51.000000000000014,52.500000000000036,52.30000000000003
42600,0,40.10000000000003,50.50000000000001,50.70000000000001,51.50000000000002,48.70000000000001,51.100000000000016,52.10000000000003,47.700000000000024
42600,1,51.800000000000054,50.80000000000001,42.90000000000001,45.700000000000024,51.20000000000002,50.80000000000001,50.70000000000004,52.30000000000003
42600,2,51.10000000000007,50.60000000000001,51.100000000000016,49.50000000000002,51.40000000000002,44.80000000000001,51.50000000000005,52.80000000000004
42600,3,50.40000000000006,50.90000000000001,49.000000000000014,51.700000000000024,51.20000000000002,47.000000000000014,49.30000000000005,52.400000000000034
42600,4,46.30000000000006,50.60000000000001,49.30000000000002,51.60000000000002,51.20000000000002,51.100000000000016,54.20000000000006,53.00000000000004
42600,5,50.600000000000065,51.000000000000014,48.90000000000001,52.10000000000003,51.30000000000002,51.20000000000002,49.900000000000055,53.100000000000044
42600,6,52.30000000000006,51.000000000000014,51.100000000000016,49.90000000000003,46.70000000000001,49.000000000000014,44.70000000000004,52.30000000000003
42600,7,52.500000000000064,48.400000000000006,51.20000000000002,51.800000000000026,51.30000000000002,48.90000000000001,35.40000000000005,50.90000000000004
42600,8,45.70000000000005,50.400000000000006,51.100000000000016,49.30000000000002,49.100000000000016,48.90000000000001,51.30000000000005,50.500000000000036
42600,9,54.70000000000007,51.000000000000014,51.100000000000016,49.50000000000002,51.000000000000014,51.100000000000016,45.30000000000005,42.20000000000003
42600,10,52.70000000000007,50.90000000000001,45.000000000000014,50.00000000000003,51.000000000000014,49.50000000000002,53.900000000000055,52.80000000000004
42600,11,43.50000000000005,50.50000000000001,50.90000000000001,52.20000000000003,49.000000000000014,48.90000000000001,51.200000000000045,50.60000000000004
42600,12,49.50000000000008,46.70000000000001,48.90000000000001,50.20000000000003,51.20000000000002,51.50000000000002,54.30000000000006,53.30000000000005
42600,13,47.60000000000005,50.70000000000001,51.000000000000014,43.100000000000016,50.80000000000001,51.20000000000002,53.30000000000005,50.500000000000036
42600,14,54.90000000000007,50.90000000000001,51.40000000000002,50.00000000000003,44.80000000000001,49.100000000000016,51.60000000000005,52.90000000000004
42600,15,52.30000000000006,50.80000000000001,51.000000000000014,51.700000000000024,51.20000000000002,51.100000000000016,51.900000000000055,40.500000000000036
42600,16,51.60000000000005,48.60000000000001,51.100000000000016,49.700000000000024,50.90000000000001,46.90000000000001,43.40000000000005,48.500000000000036
42600,17,50.20000000000006,50.60000000000001,49.100000000000016,48.00000000000003,42.70000000000001,49.100000000000016,49.100000000000044,52.30000000000003
42600,18,43.00000000000004,48.50000000000001,51.000000000000014,49.20000000000002,50.80000000000001,49.20000000000002,52.90000000000004,52.10000000000003
42600,19,54.80000000000007,50.70000000000001,50.90000000000001,52.10000000000003,51.000000000000014,49.30000000000002,47.200000000000045,43.800000000000026
42600,20,44.00000000000006,50.80000000000001,51.000000000000014,50.00000000000003,48.90000000000001,51.20000000000002,53.30000000000005,52.80000000000004
42600,21,48.20000000000006,44.300000000000004,49.30000000000002,51.800000000000026,51.20000000000002,51.100000000000016,53.60000000000005,50.70000000000004
42600,22,51.40000000000005,50.80000000000001,51.000000000000014,51.40000000000002,50.80000000000001,51.30000000000002,42.70000000000004,48.70000000000004
42600,23,52.40000000000006,50.80000000000001,50.80000000000001,51.700000000000024,51.20000000000002,51.20000000000002,47.40000000000005,42.10000000000003
42600,24,47.60000000000008,48.70000000000001,51.000000000000014,52.00000000000003,51.000000000000014,51.30000000000002,54.10000000000006,52.70000000000004
42600,25,50.90000000000007,46.80000000000001,51.20000000000002,45.30000000000002,48.90000000000001,51.30000000000002,53.50000000000005,52.70000000000004
42600,26,47.40000000000005,50.50000000000001,48.80000000000001,43.000000000000014,51.100000000000016,51.000000000000014,51.50000000000005,52.70000000000004
42600,27,54.80000000000007,50.50000000000001,51.30000000000002,51.90000000000003,51.100000000000016,51.100000000000016,41.30000000000005,48.500000000000036
42600,28,50.00000000000006,50.70000000000001,49.000000000000014,52.20000000000003,49.000000000000014,49.100000000000016,51.200000000000045,46.00000000000003
42600,29,41.900000000000055,50.90000000000001,48.80000000000001,51.40000000000002,50.90000000000001,51.000000000000014,52.500000000000036,52.30000000000003
43200,0,40.10000000000003,50.50000000000001,50.70000000000001,51.50000000000002,48.70000000000001,51.100000000000016,52.10000000000003,47.700000000000024
43200,1,51.800000000000054,50.80000000000001,42.90000000000001,45.700000000000024,51.20000000000002,50.80000000000001,50.70000000000004,52.30000000000003
43200,2,51.10000000000007,50.60000000000001,51.100000000000016,49.50000000000002,51.40000000000002,44.80000000000001,51.50000000000005,52.80000000000004
43200,3,50.40000000000006,50.90000000000001,49.000000000000014,51.700000000000024,51.20000000000002,47.000000000000014,49.30000000000005,52.400000000000034
43200,4,46.30000000000006,50.60000000000001,49.30000000000002,51.60000000000002,51.20000000000002,51.100000000000016,54.20000000000006,53.00000000000004
43200,5,50.600000000000065,51.000000000000014,48.90000000000001,52.10000000000003,51.30000000000002,51.20000000000002,49.900000000000055,53.100000000000044
43200,6,52.30000000000006,51.000000000000014,51.100000000000016,49.90000000000003,46.70000000000001,49.000000000000014,44.70000000000004,52.30000000000003
43200,7,52.500000000000064,48.400000000000006,51.20000000000002,51.800000000000026,51.30000000000002,48.90000000000001,35.40000000000005,50.90000000000004
43200,8,45.70000000000005,50.400000000000006,51.100000000000016,49.30000000000002,49.100000000000016,48.90000000000001,51.30000000000005,50.500000000000036
43200,9,54.70000000000007,51.000000000000014,51.100000000000016,49.50000000000002,51.000000000000014,51.100000000000016,45.30000000000005,42.20000000000003
43200,10,52.70000000000007,50.90000000000001,45.000000000000014,50.00000000000003,51.000000000000014,49.50000000000002,53.900000000000055,52.80000000000004
43200,11,43.50000000000005,50.50000000000001,50.90000000000001,52.20000000000003,49.000000000000014,48.90000000000001,51.200000000000045,50.60000000000004
43200,12,49.50000000000008,46.70000000000001,48.90000000000001,50.20000000000003,51.20000000000002,51.50000000000002,54.30000000000006,53.30000000000005
43200,13,47.60000000000005,50.70000000000001,51.000000000000014,43.100000000000016,50.80000000000001,51.20000000000002,53.30000000000005,50.500000000000036
43200,14,54.90000000000007,50.90000000000001,51.40000000000002,50.00000000000003,44.80000000000001,49.100000000000016,51.60000000000005,52.90000000000004
43200,15,52.30000000000006,50.80000000000001,51.000000000000014,51.700000000000024,51.20000000000002,51.100000000000016,51.900000000000055,40.500000000000036
43200,16,51.60000000000005,48.60000000000001,51.100000000000016,49.700000000000024,50.90000000000001,46.90000000000001,43.40000000000005,48.500000000000036
43200,17,50.20000000000006,50.60000000000001,49.100000000000016,48.00000000000003,42.70000000000001,49.100000000000016,49.100000000000044,52.30000000000003
43200,18,43.00000000000004,48.50000000000001,51.000000000000014,49.20000000000002,50.80000000000001,49.20000000000002,52.90000000000004,52.10000000000003
43200,19,54.80000000000007,50.70000000000001,50.90000000000001,52.10000000000003,51.000000000000014,49.30000000000002,47.200000000000045,43.800000000000026
43200,20,44.00000000000006,50.80000000000001,51.000000000000014,50.00000000000003,48.90000000000001,51.20000000000002,53.30000000000005,52.80000000000004
43200,21,48.20000000000006,44.300000000000004,49.30000000000002,51.800000000000026,51.20000000000002,51.100000000000016,53.60000000000005,50.70000000000004
43200,22,51.40000000000005,50.80000000000001,51.000000000000014,51.40000000000002,50.80000000000001,51.30000000000002,42.70000000000004,48.70000000000004
43200,23,52.40000000000006,50.80000000000001,50.80000000000001,51.700000000000024,51.20000000000002,51.20000000000002,47.40000000000005,42.10000000000003
43200,24,47.60000000000008,48.70000000000001,51.000000000000014,52.00000000000003,51.000000000000014,51.30000000000002,54.10000000000006,52.70000000000004
43200,25,50.90000000000007,46.80000000000001,51.20000000000002,45.30000000000002,48.90000000000001,51.30000000000002,53.50000000000005,52.70000000000004
43200,26,47.40000000000005,50.50000000000001,48.80000000000001,43.000000000000014,51.100000000000016,51.000000000000014,51.50000000000005,52.70000000000004
43200,27,54.80000000000007,50.50000000000001,51.30000000000002,51.90000000000003,51.100000000000016,51.100000000000016,41.30000000000005,48.500000000000036
43200,28,50.00000000000006,50.70000000000001,49.000000000000014,52.20000000000003,49.000000000000014,49.100000000000016,51.200000000000045,46.00000000000003
43200,29,41.900000000000055,50.90000000000001,48.80000000000001,51.40000000000002,50.90000000000001,51.000000000000014,52.500000000000036,52.30000000000003
43800,0,40.10000000000003,50.50000000000001,50.70000000000001,51.50000000000002,48.70000000000001,51.100000000000016,52.10000000000003,47.700000000000024
43800,1,49.800000000000054,50.80000000000001,42.90000000000001,45.700000000000024,51.20000000000002,50.80000000000001,50.70000000000004,52.30000000000003
43800,2,51.200000000000074,50.60000000000001,51.100000000000016,49.50000000000002,51.40000000000002,44.80000000000001,51.50000000000005,52.80000000000004
43800,3,50.500000000000064,50.90000000000001,49.000000000000014,51.700000000000024,51.20000000000002,47.000000000000014,49.30000000000005,52.400000000000034
43800,4,46.40000000000006,50.60000000000001,49.30000000000002,51.60000000000002,51.20000000000002,51.100000000000016,54.20000000000006,53.00000000000004
43800,5,50.70000000000007,51.000000000000014,48.90000000000001,52.10000000000003,51.30000000000002,51.20000000000002,49.900000000000055,53.100000000000044
43800,6,52.40000000000006,51.000000000000014,51.100000000000016,49.90000000000003,46.70000000000001,49.000000000000014,44.70000000000004,52.30000000000003
43800,7,52.600000000000065,48.400000000000006,51.20000000000002,51.800000000000026,51.30000000000002,48.90000000000001,35.40000000000005,50.90000000000004
43800,8,45.800000000000054,50.400000000000006,51.100000000000016,49.30000000000002,49.100000000000016,48.90000000000001,51.30000000000005,50.500000000000036
43800,9,54.80000000000007,51.000000000000014,51.100000000000016,49.50000000000002,51.000000000000014,51.100000000000016,45.30000000000005,42.20000000000003
43800,10,52.80000000000007,50.90000000000001,45.000000000000014,50.00000000000003,51.000000000000014,49.50000000000002,53.900000000000055,52.80000000000004
43800,11,43.60000000000005,50.50000000000001,50.90000000000001,52.20000000000003,49.000000000000014,48.90000000000001,51.200000000000045,50.60000000000004
43800,12,49.60000000000008,46.70000000000001,48.90000000000001,50.20000000000003,51.20000000000002,51.50000000000002,54.30000000000006,53.30000000000005
43800,13,47.60000000000005,50.70000000000001,51.000000000000014,43.100000000000016,50.80000000000001,51.20000000000002,53.30000000000005,50.500000000000036
43800,14,55.00000000000007,50.90000000000001,51.40000000000002,50.00000000000003,44.80000000000001,49.100000000000016,51.60000000000005,52.90000000000004
43800,15,52.40000000000006,50.80000000000001,51.000000000000014,51.700000000000024,51.20000000000002,51.100000000000016,51.900000000000055,40.500000000000036
43800,16,51.70000000000005,48.60000000000001,51.100000000000016,49.700000000000024,50.90000000000001,46.90000000000001,43.40000000000005,48.500000000000036
43800,17,50.30000000000006,50.60000000000001,49.100000000000016,48.00000000000003,42.70000000000001,49.100000000000016,49.100000000000044,52.30000000000003
43800,18,43.100000000000044,48.50000000000001,51.000000000000014,49.20000000000002,50.80000000000001,49.20000000000002,52.90000000000004,52.10000000000003
43800,19,54.90000000000007,50.70000000000001,50.90000000000001,52.10000000000003,51.000000000000014,49.30000000000002,47.200000000000045,43.800000000000026
43800,20,44.10000000000006,50.80000000000001,51.000000000000014,50.00000000000003,48.90000000000001,51.20000000000002,53.30000000000005,52.80000000000004
43800,21,48.30000000000006,44.300000000000004,49.30000000000002,51.800000000000026,51.20000000000002,51.100000000000016,53.60000000000005,50.70000000000004
43800,22,51.50000000000005,50.80000000000001,51.000000000000014,51.40000000000002,50.80000000000001,51.30000000000002,42.70000000000004,48.70000000000004
43800,23,52.500000000000064,50.80000000000001,50.80000000000001,51.700000000000024,51.20000000000002,51.20000000000002,47.40000000000005,42.10000000000003
43800,24,47.70000000000008,48.70000000000001,51.000000000000014,52.00000000000003,51.000000000000014,51.30000000000002,54.10000000000006,52.70000000000004
43800,25,51.00000000000007,46.80000000000001,51.20000000000002,45.30000000000002,48.90000000000001,51.30000000000002,53.50000000000005,52.70000000000004
43800,26,47.50000000000005,50.50000000000001,48.80000000000001,43.000000000000014,51.100000000000016,51.000000000000014,51.50000000000005,52.70000000000004
43800,27,54.90000000000007,50.50000000000001,51.30000000000002,51.90000000000003,51.100000000000016,51.100000000000016,41.30000000000005,48.500000000000036
43800,28,50.10000000000006,50.70000000000001,49.000000000000014,52.20000000000003,49.000000000000014,49.100000000000016,51.200000000000045,46.00000000000003
43800,29,42.00000000000006,50.90000000000001,48.80000000000001,51.40000000000002,50.90000000000001,51.000000000000014,52.500000000000036,52.30000000000003
44400,0,40.10000000000003,50.50000000000001,50.70000000000001,51.50000000000002,48.70000000000001,51.100000000000016,52.10000000000003,47.700000000000024
44400,1,49.800000000000054,50.80000000000001,42.90000000000001,45.700000000000024,51.20000000000002,50.80000000000001,50.70000000000004,52.30000000000003
44400,2,51.200000000000074,50.60000000000001,51.100000000000016,49.60000000000002,51.40000000000002,44.80000000000001,51.50000000000005,52.90000000000004
44400,3,50.500000000000064,50.90000000000001,49.000000000000014,51.800000000000026,51.20000000000002,47.000000000000014,49.30000000000005,52.500000000000036
44400,4,46.40000000000006,50.60000000000001,49.30000000000002,51.700000000000024,51.20000000000002,51.100000000000016,54.20000000000006,53.100000000000044
44400,5,50.70000000000007,51.000000000000014,48.90000000000001,52.20000000000003,51.30000000000002,51.20000000000002,49.900000000000055,53.200000000000045
44400,6,52.40000000000006,51.000000000000014,51.100000000000016,50.00000000000003,46.70000000000001,49.000000000000014,44.70000000000004,52.400000000000034
44400,7,52.600000000000065,48.400000000000006,51.20000000000002,51.90000000000003,51.30000000000002,48.90000000000001,35.40000000000005,51.00000000000004
44400,8,45.800000000000054,50.400000000000006,51.100000000000016,49.40000000000002,49.100000000000016,48.90000000000001,51.30000000000005,50.60000000000004
44400,9,54.80000000000007,51.000000000000014,51.100000000000016,49.60000000000002,51.000000000000014,51.100000000000016,45.30000000000005,42.30000000000003
44400,10,52.80000000000007,50.90000000000001,45.000000000000014,50.10000000000003,51.000000000000014,49.50000000000002,53.900000000000055,52.90000000000004
44400,11,43.60000000000005,50.50000000000001,50.90000000000001,52.30000000000003,49.000000000000014,48.90000000000001,51.200000000000045,50.70000000000004
44400,12,49.60000000000008,46.70000000000001,48.90000000000001,50.30000000000003,51.20000000000002,51.50000000000002,54.30000000000006,53.40000000000005
44400,13,47.60000000000005,50.70000000000001,51.000000000000014,43.100000000000016,50.80000000000001,51.20000000000002,53.30000000000005,50.500000000000036
44400,14,55.00000000000007,50.90000000000001,51.40000000000002,48.00000000000003,44.80000000000001,49.100000000000016,51.60000000000005,52.90000000000004
44400,15,52.40000000000006,50.80000000000001,51.000000000000014,51.800000000000026,51.20000000000002,51.100000000000016,51.900000000000055,40.60000000000004
44400,16,51.70000000000005,48.60000000000001,51.100000000000016,49.800000000000026,50.90000000000001,46.90000000000001,43.40000000000005,48.60000000000004
44400,17,50.30000000000006,50.60000000000001,49.100000000000016,48.10000000000003,42.70000000000001,49.100000000000016,49.100000000000044,52.400000000000034
44400,18,43.100000000000044,48.50000000000001,51.000000000000014,49.30000000000002,50.80000000000001,49.20000000000002,52.90000000000004,50.10000000000003
44400,19,54.90000000000007,50.70000000000001,50.90000000000001,52.20000000000003,51.000000000000014,49.30000000000002,47.200000000000045,43.90000000000003
44400,20,44.10000000000006,50.80000000000001,51.000000000000014,50.10000000000003,48.90000000000001,51.20000000000002,53.30000000000005,52.90000000000004
44400,21,48.30000000000006,44.300000000000004,49.30000000000002,51.90000000000003,51.20000000000002,51.100000000000016,53.60000000000005,50.80000000000004
44400,22,51.50000000000005,50.80000000000001,51.000000000000014,51.50000000000002,50.80000000000001,51.30000000000002,42.70000000000004,48.80000000000004
44400,23,52.500000000000064,50.80000000000001,50.80000000000001,51.800000000000026,51.20000000000002,51.20000000000002,47.40000000000005,42.20000000000003
44400,24,47.70000000000008,48.70000000000001,51.000000000000014,52.10000000000003,51.000000000000014,51.30000000000002,54.10000000000006,52.80000000000004
44400,25,51.00000000000007,46.80000000000001,51.20000000000002,45.40000000000002,48.90000000000001,51.30000000000002,53.50000000000005,52.80000000000004
44400,26,47.50000000000005,50.50000000000001,48.80000000000001,43.100000000000016,51.100000000000016,51.000000000000014,51.50000000000005,52.80000000000004
44400,27,54.90000000000007,50.50000000000001,51.30000000000002,52.00000000000003,51.100000000000016,51.100000000000016,41.30000000000005,48.60000000000004
44400,28,50.10000000000006,50.70000000000001,49.000000000000014,52.30000000000003,49.000000000000014,49.100000000000016,51.200000000000045,46.10000000000003
44400,29,42.00000000000006,50.90000000000001,48.80000000000001,51.50000000000002,50.90000000000001,51.000000000000014,52.500000000000036,52.400000000000034
45000,0,40.20000000000003,50.50000000000001,50.80000000000001,51.50000000000002,48.80000000000001,51.100000000000016,52.20000000000003,47.700000000000024
45000,1,49.800000000000054,50.80000000000001,42.90000000000001,45.700000000000024,51.20000000000002,50.80000000000001,50.70000000000004,52.30000000000003
45000,2,51.300000000000075,50.60000000000001,51.20000000000002,49.60000000000002,51.50000000000002,44.80000000000001,51.60000000000005,52.90000000000004
45000,3,50.600000000000065,50.90000000000001,49.100000000000016,51.800000000000026,51.30000000000002,47.000000000000014,49.40000000000005,52.500000000000036
45000,4,46.500000000000064,50.60000000000001,49.40000000000002,51.700000000000024,51.30000000000002,51.100000000000016,54.30000000000006,53.100000000000044
45000,5,50.80000000000007,51.000000000000014,49.000000000000014,52.20000000000003,51.40000000000002,51.20000000000002,50.00000000000006,53.200000000000045
45000,6,52.500000000000064,51.000000000000014,51.20000000000002,50.00000000000003,46.80000000000001,49.000000000000014,44.80000000000004,52.400000000000034
45000,7,52.600000000000065,48.400000000000006,51.20000000000002,51.90000000000003,51.30000000000002,48.90000000000001,33.40000000000005,51.00000000000004
45000,8,45.900000000000055,50.400000000000006,51.20000000000002,49.40000000000002,49.20000000000002,48.90000000000001,51.40000000000005,50.60000000000004
45000,9,54.90000000000007,51.000000000000014,51.20000000000002,49.60000000000002,51.100000000000016,51.100000000000016,45.40000000000005,42.30000000000003
45000,10,52.90000000000007,50.90000000000001,45.100000000000016,50.10000000000003,51.100000000000016,49.50000000000002,54.00000000000006,52.90000000000004
45000,11,43.70000000000005,50.50000000000001,51.000000000000014,52.30000000000003,49.100000000000016,48.90000000000001,51.30000000000005,50.70000000000004
45000,12,49.70000000000008,46.70000000000001,49.000000000000014,50.30000000000003,51.30000000000002,51.50000000000002,54.40000000000006,53.40000000000005
45000,13,47.60000000000005,50.70000000000001,51.000000000000014,43.100000000000016,48.80000000000001,51.20000000000002,53.30000000000005,50.500000000000036
45000,14,53.00000000000007,50.90000000000001,51.40000000000002,48.00000000000003,44.80000000000001,49.100000000000016,51.70000000000005,52.90000000000004
45000,15,52.500000000000064,50.80000000000001,51.100000000000016,51.800000000000026,51.30000000000002,51.100000000000016,52.00000000000006,40.60000000000004
45000,16,51.800000000000054,48.60000000000001,51.20000000000002,49.800000000000026,51.000000000000014,46.90000000000001,43.50000000000005,48.60000000000004
45000,17,50.40000000000006,50.60000000000001,49.20000000000002,48.10000000000003,42.80000000000001,49.100000000000016,49.200000000000045,52.400000000000034
45000,18,43.200000000000045,48.50000000000001,51.100000000000016,49.30000000000002,50.90000000000001,49.20000000000002,53.00000000000004,50.10000000000003
45000,19,55.00000000000007,50.70000000000001,51.000000000000014,52.20000000000003,51.100000000000016,49.30000000000002,47.30000000000005,43.90000000000003
45000,20,44.20000000000006,50.80000000000001,51.100000000000016,50.10000000000003,49.000000000000014,51.20000000000002,53.40000000000005,52.90000000000004
45000,21,48.40000000000006,44.300000000000004,49.40000000000002,51.90000000000003,51.30000000000002,51.100000000000016,53.70000000000005,50.80000000000004
45000,22,51.60000000000005,50.80000000000001,51.100000000000016,51.50000000000002,50.90000000000001,51.30000000000002,42.80000000000004,48.80000000000004
45000,23,52.600000000000065,50.80000000000001,50.90000000000001,51.800000000000026,51.30000000000002,51.20000000000002,47.50000000000005,42.20000000000003
45000,24,47.80000000000008,48.70000000000001,51.100000000000016,52.10000000000003,51.100000000000016,51.30000000000002,54.20000000000006,52.80000000000004
45000,25,51.10000000000007,46.80000000000001,49.20000000000002,45.40000000000002,48.90000000000001,51.30000000000002,53.60000000000005,52.80000000000004
45000,26,47.60000000000005,50.50000000000001,48.90000000000001,43.100000000000016,51.20000000000002,51.000000000000014,51.60000000000005,52.80000000000004
45000,27,55.00000000000007,50.50000000000001,51.40000000000002,52.00000000000003,51.20000000000002,51.100000000000016,41.40000000000005,48.60000000000004
45000,28,50.20000000000006,50.70000000000001,49.100000000000016,52.30000000000003,49.100000000000016,49.100000000000016,51.30000000000005,46.10000000000003
45000,29,42.10000000000006,50.90000000000001,48.90000000000001,51.50000000000002,51.000000000000014,51.000000000000014,52.60000000000004,52.400000000000034
45600,0,40.20000000000003,50.50000000000001,50.80000000000001,49.60000000000002,48.80000000000001,51.100000000000016,52.20000000000003,47.700000000000024
45600,1,49.800000000000054,50.80000000000001,42.90000000000001,45.700000000000024,51.20000000000002,50.80000000000001,50.70000000000004,52.30000000000003
45600,2,51.300000000000075,50.60000000000001,51.20000000000002,49.800000000000026,51.50000000000002,44.80000000000001,51.60000000000005,52.90000000000004
45600,3,50.600000000000065,50.90000000000001,49.100000000000016,52.00000000000003,51.30000000000002,47.000000000000014,49.40000000000005,52.500000000000036
45600,4,46.500000000000064,50.60000000000001,49.40000000000002,51.90000000000003,51.30000000000002,51.100000000000016,54.30000000000006,53.100000000000044
45600,5,50.80000000000007,51.000000000000014,49.000000000000014,52.400000000000034,51.40000000000002,51.20000000000002,50.00000000000006,53.200000000000045
45600,6,52.500000000000064,51.000000000000014,51.20000000000002,50.20000000000003,46.80000000000001,49.000000000000014,44.80000000000004,52.400000000000034
45600,7,52.600000000000065,48.400000000000006,51.20000000000002,51.90000000000003,51.30000000000002,48.90000000000001,33.40000000000005,51.00000000000004
45600,8,45.900000000000055,50.400000000000006,51.20000000000002,49.60000000000002,49.20000000000002,48.90000000000001,51.40000000000005,50.60000000000004
45600,9,54.90000000000007,51.000000000000014,51.20000000000002,49.800000000000026,51.100000000000016,51.100000000000016,45.40000000000005,42.30000000000003
45600,10,52.90000000000007,50.90000000000001,45.100000000000016,50.30000000000003,51.100000000000016,49.50000000000002,54.00000000000006,52.90000000000004
45600,11,43.70000000000005,50.50000000000001,51.000000000000014,52.500000000000036,49.100000000000016,48.90000000000001,51.30000000000005,50.70000000000004
45600,12,49.70000000000008,46.70000000000001,49.000000000000014,50.500000000000036,51.30000000000002,51.50000000000002,54.40000000000006,53.40000000000005
45600,13,47.60000000000005,50.70000000000001,51.000000000000014,43.100000000000016,48.80000000000001,51.20000000000002,53.30000000000005,50.500000000000036
45600,14,53.00000000000007,50.90000000000001,51.40000000000002,48.00000000000003,44.80000000000001,49.100000000000016,51.70000000000005,52.90000000000004
45600,15,52.500000000000064,50.80000000000001,51.100000000000016,52.00000000000003,51.30000000000002,51.100000000000016,52.00000000000006,40.60000000000004
45600,16,51.800000000000054,48.60000000000001,51.20000000000002,50.00000000000003,51.000000000000014,46.90000000000001,43.50000000000005,48.60000000000004
45600,17,50.40000000000006,50.60000000000001,49.20000000000002,46.10000000000003,42.80000000000001,49.100000000000016,49.200000000000045,52.400000000000034
45600,18,43.200000000000045,48.50000000000001,51.100000000000016,49.50000000000002,50.90000000000001,49.20000000000002,53.00000000000004,50.10000000000003
45600,19,55.00000000000007,50.70000000000001,51.000000000000014,52.400000000000034,51.100000000000016,49.30000000000002,47.30000000000005,43.90000000000003
45600,20,44.20000000000006,50.80000000000001,51.100000000000016,50.30000000000003,49.000000000000014,51.20000000000002,53.40000000000005,52.90000000000004
45600,21,48.40000000000006,44.300000000000004,49.40000000000002,52.10000000000003,51.30000000000002,51.100000000000016,53.70000000000005,50.80000000000004
45600,22,51.60000000000005,50.80000000000001,51.100000000000016,51.700000000000024,50.90000000000001,51.30000000000002,42.80000000000004,48.80000000000004
45600,23,52.600000000000065,50.80000000000001,50.90000000000001,52.00000000000003,51.30000000000002,51.20000000000002,47.50000000000005,42.20000000000003
45600,24,47.80000000000008,48.70000000000001,51.100000000000016,52.30000000000003,51.100000000000016,51.30000000000002,54.20000000000006,52.80000000000004
45600,25,51.10000000000007,46.80000000000001,49.20000000000002,45.40000000000002,48.90000000000001,51.30000000000002,53.60000000000005,52.80000000000004
45600,26,47.60000000000005,50.50000000000001,48.90000000000001,43.30000000000002,51.20000000000002,51.000000000000014,51.60000000000005,52.80000000000004
45600,27,55.00000000000007,50.50000000000001,51.40000000000002,52.20000000000003,51.20000000000002,51.100000000000016,41.40000000000005,48.60000000000004
45600,28,50.20000000000006,50.70000000000001,49.100000000000016,52.500000000000036,49.100000000000016,49.100000000000016,51.30000000000005,46.10000000000003
45600,29,42.10000000000006,50.90000000000001,48.90000000000001,51.700000000000024,51.000000000000014,51.000000000000014,52.60000000000004,52.400000000000034
46200,0,40.20000000000003,50.60000000000001,50.80000000000001,49.60000000000002,48.80000000000001,51.100000000000016,52.20000000000003,47.700000000000024
46200,1,49.800000000000054,50.90000000000001,42.90000000000001,45.800000000000026,51.20000000000002,50.80000000000001,50.80000000000004,52.30000000000003
46200,2,51.300000000000075,50.70000000000001,51.20000000000002,49.90000000000003,51.50000000000002,44.80000000000001,51.70000000000005,52.90000000000004
46200,3,50.600000000000065,51.000000000000014,49.100000000000016,52.10000000000003,51.30000000000002,47.000000000000014,49.50000000000005,52.500000000000036
46200,4,46.500000000000064,50.70000000000001,49.40000000000002,52.00000000000003,51.30000000000002,51.100000000000016,54.40000000000006,53.100000000000044
46200,5,50.80000000000007,51.100000000000016,49.000000000000014,52.500000000000036,51.40000000000002,51.20000000000002,50.10000000000006,53.200000000000045
46200,6,52.500000000000064,51.100000000000016,51.20000000000002,50.30000000000003,46.80000000000001,49.000000000000014,44.90000000000004,52.400000000000034
46200,7,52.600000000000065,48.400000000000006,51.20000000000002,51.90000000000003,51.30000000000002,48.90000000000001,33.40000000000005,51.00000000000004
46200,8,45.900000000000055,50.50000000000001,51.20000000000002,49.700000000000024,49.20000000000002,48.90000000000001,51.50000000000005,50.60000000000004
46200,9,54.90000000000007,51.100000000000016,51.20000000000002,49.90000000000003,51.100000000000016,51.100000000000016,45.50000000000005,42.30000000000003
46200,10,52.90000000000007,51.000000000000014,45.100000000000016,50.400000000000034,51.100000000000016,49.50000000000002,54.10000000000006,52.90000000000004
46200,11,43.70000000000005,48.50000000000001,51.000000000000014,52.60000000000004,49.100000000000016,48.90000000000001,51.40000000000005,50.70000000000004
46200,12,49.70000000000008,46.80000000000001,49.000000000000014,50.60000000000004,51.30000000000002,51.50000000000002,54.500000000000064,53.40000000000005
46200,13,47.60000000000005,50.80000000000001,51.000000000000014,43.100000000000016,48.80000000000001,51.20000000000002,53.30000000000005,50.500000000000036
46200,14,53.00000000000007,51.000000000000014,51.40000000000002,48.10000000000003,44.80000000000001,49.100000000000016,51.800000000000054,52.90000000000004
46200,15,52.500000000000064,50.90000000000001,51.100000000000016,52.10000000000003,51.30000000000002,51.100000000000016,52.10000000000006,40.60000000000004
46200,16,51.800000000000054,48.70000000000001,51.20000000000002,50.10000000000003,51.000000000000014,46.90000000000001,43.60000000000005,48.60000000000004
46200,17,50.40000000000006,50.70000000000001,49.20000000000002,46.10000000000003,42.80000000000001,49.100000000000016,49.200000000000045,52.400000000000034
46200,18,43.200000000000045,48.60000000000001,51.100000000000016,49.60000000000002,50.90000000000001,49.20000000000002,53.100000000000044,50.10000000000003
46200,19,55.00000000000007,50.80000000000001,51.000000000000014,52.500000000000036,51.100000000000016,49.30000000000002,47.40000000000005,43.90000000000003
46200,20,44.20000000000006,50.90000000000001,51.100000000000016,50.400000000000034,49.000000000000014,51.20000000000002,53.50000000000005,52.90000000000004
46200,21,48.40000000000006,44.400000000000006,49.40000000000002,52.20000000000003,51.30000000000002,51.100000000000016,53.800000000000054,50.80000000000004
46200,22,51.60000000000005,50.80000000000001,51.100000000000016,51.700000000000024,50.90000000000001,51.30000000000002,40.80000000000004,48.80000000000004
46200,23,52.600000000000065,50.90000000000001,50.90000000000001,52.10000000000003,51.30000000000002,51.20000000000002,47.60000000000005,42.20000000000003
46200,24,47.80000000000008,48.80000000000001,51.100000000000016,52.400000000000034,51.100000000000016,51.30000000000002,54.30000000000006,52.80000000000004
46200,25,51.10000000000007,46.90000000000001,49.20000000000002,45.50000000000002,48.90000000000001,51.30000000000002,53.60000000000005,52.80000000000004
46200,26,47.60000000000005,50.50000000000001,48.90000000000001,41.30000000000002,51.20000000000002,51.000000000000014,51.70000000000005,52.80000000000004
46200,27,55.00000000000007,50.60000000000001,51.40000000000002,52.30000000000003,51.20000000000002,51.100000000000016,41.50000000000005,48.60000000000004
46200,28,50.20000000000006,50.80000000000001,49.100000000000016,52.60000000000004,49.100000000000016,49.100000000000016,51.40000000000005,46.10000000000003
46200,29,42.10000000000006,51.000000000000014,48.90000000000001,51.800000000000026,51.000000000000014,51.000000000000014,52.70000000000004,52.400000000000034
46800,0,40.30000000000003,50.60000000000001,50.80000000000001,49.60000000000002,48.80000000000001,51.100000000000016,52.20000000000003,47.700000000000024
46800,1,49.900000000000055,50.90000000000001,42.90000000000001,45.800000000000026,51.20000000000002,50.80000000000001,50.80000000000004,52.30000000000003
46800,2,51.40000000000008,50.70000000000001,51.20000000000002,49.90000000000003,51.50000000000002,44.80000000000001,51.70000000000005,52.90000000000004
46800,3,50.70000000000007,51.000000000000014,49.100000000000016,52.10000000000003,51.30000000000002,47.000000000000014,49.50000000000005,52.500000000000036
46800,4,46.600000000000065,50.70000000000001,49.40000000000002,52.00000000000003,51.30000000000002,51.100000000000016,54.40000000000006,53.100000000000044
46800,5,50.90000000000007,51.100000000000016,49.000000000000014,52.500000000000036,51.40000000000002,51.20000000000002,50.10000000000006,53.200000000000045
46800,6,52.600000000000065,51.100000000000016,51.20000000000002,50.30000000000003,46.80000000000001,49.000000000000014,44.90000000000004,52.400000000000034
46800,7,52.70000000000007,48.400000000000006,51.20000000000002,51.90000000000003,51.30000000000002,48.90000000000001,33.40000000000005,51.00000000000004
46800,8,46.00000000000006,50.50000000000001,51.20000000000002,49.700000000000024,49.20000000000002,48.90000000000001,51.50000000000005,50.60000000000004
46800,9,55.00000000000007,51.100000000000016,51.20000000000002,49.90000000000003,51.100000000000016,51.100000000000016,45.50000000000005,42.30000000000003
46800,10,53.00000000000007,51.000000000000014,45.100000000000016,50.400000000000034,51.100000000000016,49.50000000000002,54.10000000000006,52.90000000000004
46800,11,43.70000000000005,48.50000000000001,51.000000000000014,52.60000000000004,49.100000000000016,48.90000000000001,51.40000000000005,50.70000000000004
46800,12,49.80000000000008,46.80000000000001,49.000000000000014,50.60000000000004,51.30000000000002,51.50000000000002,54.500000000000064,53.40000000000005
46800,13,47.70000000000005,50.80000000000001,51.000000000000014,43.100000000000016,48.80000000000001,51.20000000000002,53.30000000000005,50.500000000000036
46800,14,53.10000000000007,51.000000000000014,51.40000000000002,48.10000000000003,44.80000000000001,49.100000000000016,51.800000000000054,52.90000000000004
46800,15,52.600000000000065,50.90000000000001,51.100000000000016,52.10000000000003,51.30000000000002,51.100000000000016,52.10000000000006,40.60000000000004
46800,16,51.900000000000055,48.70000000000001,51.20000000000002,50.10000000000003,51.000000000000014,46.90000000000001,43.60000000000005,48.60000000000004
46800,17,50.500000000000064,50.70000000000001,49.20000000000002,46.10000000000003,42.80000000000001,49.100000000000016,49.200000000000045,52.400000000000034
46800,18,43.30000000000005,48.60000000000001,51.100000000000016,49.60000000000002,50.90000000000001,49.20000000000002,53.100000000000044,50.10000000000003
46800,19,55.10000000000007,50.80000000000001,51.000000000000014,52.500000000000036,51.100000000000016,49.30000000000002,47.40000000000005,43.90000000000003
46800,20,44.30000000000006,50.90000000000001,51.100000000000016,50.400000000000034,49.000000000000014,51.20000000000002,53.50000000000005,52.90000000000004
46800,21,48.500000000000064,44.400000000000006,49.40000000000002,52.20000000000003,51.30000000000002,51.100000000000016,53.800000000000054,50.80000000000004
46800,22,51.60000000000005,50.80000000000001,51.100000000000016,51.700000000000024,50.90000000000001,51.30000000000002,40.80000000000004,48.80000000000004
46800,23,52.70000000000007,50.90000000000001,50.90000000000001,52.10000000000003,51.30000000000002,51.20000000000002,47.60000000000005,42.20000000000003
46800,24,47.900000000000084,48.80000000000001,51.100000000000016,52.400000000000034,51.100000000000016,51.30000000000002,54.30000000000006,52.80000000000004
46800,25,51.200000000000074,46.90000000000001,49.20000000000002,45.50000000000002,48.90000000000001,51.30000000000002,53.60000000000005,52.80000000000004
46800,26,45.60000000000005,50.50000000000001,48.90000000000001,41.30000000000002,51.20000000000002,51.000000000000014,51.70000000000005,52.80000000000004
46800,27,55.10000000000007,50.60000000000001,51.40000000000002,52.30000000000003,51.20000000000002,51.100000000000016,41.50000000000005,48.60000000000004
46800,28,50.30000000000006,50.80000000000001,49.100000000000016,52.60000000000004,49.100000000000016,49.100000000000016,51.40000000000005,46.10000000000003
46800,29,42.20000000000006,51.000000000000014,48.90000000000001,51.800000000000026,51.000000000000014,51.000000000000014,52.70000000000004,52.400000000000034
47400,0,40.30000000000003,50.60000000000001,50.80000000000001,49.60000000000002,48.80000000000001,51.20000000000002,52.30000000000003,47.700000000000024
47400,1,49.900000000000055,50.90000000000001,42.90000000000001,45.800000000000026,51.20000000000002,50.90000000000001,50.90000000000004,52.30000000000003
47400,2,51.40000000000008,50.70000000000001,51.20000000000002,49.90000000000003,51.50000000000002,44.90000000000001,51.800000000000054,52.90000000000004
47400,3,50.70000000000007,51.000000000000014,49.100000000000016,52.10000000000003,51.30000000000002,47.100000000000016,49.60000000000005,52.500000000000036
47400,4,46.600000000000065,50.70000000000001,49.40000000000002,52.00000000000003,51.30000000000002,51.20000000000002,54.500000000000064,53.100000000000044
47400,5,50.90000000000007,51.100000000000016,49.000000000000014,52.500000000000036,51.40000000000002,51.30000000000002,50.20000000000006,53.200000000000045
47400,6,52.600000000000065,51.100000000000016,51.20000000000002,50.30000000000003,46.80000000000001,49.100000000000016,45.00000000000004,52.400000000000034
47400,7,52.70000000000007,48.400000000000006,51.20000000000002,51.90000000000003,51.30000000000002,49.000000000000014,33.50000000000005,51.00000000000004
47400,8,46.00000000000006,50.50000000000001,51.20000000000002,49.700000000000024,49.20000000000002,49.000000000000014,51.60000000000005,50.60000000000004
47400,9,55.00000000000007,51.100000000000016,51.20000000000002,49.90000000000003,51.100000000000016,51.20000000000002,45.60000000000005,42.30000000000003
47400,10,53.00000000000007,51.000000000000014,45.100000000000016,50.400000000000034,51.100000000000016,49.60000000000002,54.20000000000006,52.90000000000004
47400,11,43.70000000000005,48.50000000000001,51.000000000000014,52.60000000000004,49.100000000000016,48.90000000000001,51.40000000000005,50.70000000000004
47400,12,49.80000000000008,46.80000000000001,49.000000000000014,50.60000000000004,51.30000000000002,51.60000000000002,54.600000000000065,53.40000000000005
47400,13,47.70000000000005,50.80000000000001,51.000000000000014,43.100000000000016,48.80000000000001,51.20000000000002,51.30000000000005,50.500000000000036
47400,14,53.10000000000007,51.000000000000014,51.40000000000002,48.10000000000003,44.80000000000001,49.20000000000002,51.900000000000055,52.90000000000004
47400,15,52.600000000000065,50.90000000000001,51.100000000000016,52.10000000000003,51.30000000000002,51.20000000000002,52.20000000000006,40.60000000000004
47400,16,51.900000000000055,48.70000000000001,51.20000000000002,50.10000000000003,51.000000000000014,44.90000000000001,43.70000000000005,48.60000000000004
47400,17,50.500000000000064,50.70000000000001,49.20000000000002,46.10000000000003,42.80000000000001,49.20000000000002,49.30000000000005,52.400000000000034
47400,18,43.30000000000005,48.60000000000001,51.100000000000016,49.60000000000002,50.90000000000001,49.30000000000002,53.200000000000045,50.10000000000003
47400,19,55.10000000000007,50.80000000000001,51.000000000000014,52.500000000000036,51.100000000000016,49.40000000000002,47.50000000000005,43.90000000000003
47400,20,44.30000000000006,50.90000000000001,51.100000000000016,50.400000000000034,49.000000000000014,51.30000000000002,53.60000000000005,52.90000000000004
47400,21,48.500000000000064,44.400000000000006,49.40000000000002,52.20000000000003,51.30000000000002,51.20000000000002,53.900000000000055,50.80000000000004
47400,22,51.60000000000005,50.80000000000001,51.100000000000016,51.700000000000024,50.90000000000001,51.30000000000002,40.80000000000004,48.80000000000004
47400,23,52.70000000000007,50.90000000000001,50.90000000000001,52.10000000000003,51.30000000000002,51.30000000000002,47.70000000000005,42.20000000000003
47400,24,47.900000000000084,48.80000000000001,51.100000000000016,52.400000000000034,51.100000000000016,51.40000000000002,54.40000000000006,52.80000000000004
47400,25,51.200000000000074,46.90000000000001,49.20000000000002,45.50000000000002,48.90000000000001,51.40000000000002,53.70000000000005,52.80000000000004
47400,26,45.60000000000005,50.50000000000001,48.90000000000001,41.30000000000002,51.20000000000002,51.100000000000016,51.70000000000005,52.80000000000004
47400,27,55.10000000000007,50.60000000000001,51.40000000000002,52.30000000000003,51.20000000000002,51.20000000000002,41.60000000000005,48.60000000000004
47400,28,50.30000000000006,50.80000000000001,49.100000000000016,52.60000000000004,49.100000000000016,49.20000000000002,51.50000000000005,46.10000000000003
47400,29,42.20000000000006,51.000000000000014,48.90000000000001,51.800000000000026,51.000000000000014,51.100000000000016,52.80000000000004,52.400000000000034
48000,0,40.500000000000036,50.60000000000001,50.80000000000001,49.60000000000002,48.80000000000001,51.20000000000002,52.400000000000034,47.700000000000024
48000,1,50.10000000000006,50.90000000000001,42.90000000000001,45.800000000000026,51.20000000000002,50.90000000000001,51.00000000000004,52.30000000000003
48000,2,51.60000000000008,50.70000000000001,51.20000000000002,49.90000000000003,51.50000000000002,44.90000000000001,51.900000000000055,52.90000000000004
48000,3,50.90000000000007,51.000000000000014,49.100000000000016,52.10000000000003,51.30000000000002,47.100000000000016,49.70000000000005,52.500000000000036
48000,4,46.80000000000007,50.70000000000001,49.40000000000002,52.00000000000003,51.30000000000002,51.20000000000002,54.600000000000065,53.100000000000044
48000,5,51.10000000000007,51.100000000000016,49.000000000000014,52.500000000000036,51.40000000000002,51.30000000000002,50.30000000000006,53.200000000000045
48000,6,52.80000000000007,51.100000000000016,51.20000000000002,50.30000000000003,46.80000000000001,49.100000000000016,45.100000000000044,52.400000000000034
48000,7,52.90000000000007,48.400000000000006,51.20000000000002,51.90000000000003,51.30000000000002,49.000000000000014,31.50000000000005,51.00000000000004
48000,8,44.10000000000006,50.50000000000001,51.20000000000002,49.700000000000024,49.20000000000002,49.000000000000014,51.60000000000005,50.60000000000004
48000,9,55.200000000000074,51.100000000000016,51.20000000000002,49.90000000000003,51.100000000000016,51.20000000000002,45.70000000000005,42.30000000000003
48000,10,53.200000000000074,51.000000000000014,45.100000000000016,50.400000000000034,51.100000000000016,49.60000000000002,54.30000000000006,52.90000000000004
48000,11,43.900000000000055,48.50000000000001,51.000000000000014,52.60000000000004,49.100000000000016,48.90000000000001,51.50000000000005,50.70000000000004
48000,12,50.000000000000085,46.80000000000001,49.000000000000014,50.60000000000004,51.30000000000002,51.60000000000002,54.70000000000007,53.40000000000005
48000,13,47.70000000000005,50.80000000000001,51.000000000000014,43.100000000000016,48.80000000000001,51.20000000000002,51.30000000000005,50.500000000000036
48000,14,53.300000000000075,51.000000000000014,51.40000000000002,48.10000000000003,44.80000000000001,49.20000000000002,52.00000000000006,52.90000000000004
48000,15,52.80000000000007,50.90000000000001,51.100000000000016,52.10000000000003,51.30000000000002,51.20000000000002,52.30000000000006,40.60000000000004
48000,16,51.900000000000055,48.70000000000001,51.20000000000002,50.10000000000003,51.000000000000014,44.90000000000001,43.70000000000005,48.60000000000004
48000,17,50.70000000000007,50.70000000000001,49.20000000000002,46.10000000000003,42.80000000000001,49.20000000000002,49.40000000000005,52.400000000000034
48000,18,43.50000000000005,48.60000000000001,51.100000000000016,49.60000000000002,50.90000000000001,49.30000000000002,53.30000000000005,50.10000000000003
48000,19,55.300000000000075,50.80000000000001,51.000000000000014,52.500000000000036,51.100000000000016,49.40000000000002,47.60000000000005,43.90000000000003
48000,20,44.500000000000064,50.90000000000001,51.100000000000016,50.400000000000034,49.000000000000014,51.30000000000002,53.70000000000005,52.90000000000004
48000,21,48.70000000000007,44.400000000000006,49.40000000000002,52.20000000000003,51.30000000000002,51.20000000000002,54.00000000000006,50.80000000000004
48000,22,51.800000000000054,50.80000000000001,51.100000000000016,51.700000000000024,50.90000000000001,51.30000000000002,40.90000000000004,48.80000000000004
48000,23,52.90000000000007,50.90000000000001,50.90000000000001,52.10000000000003,51.30000000000002,51.30000000000002,47.800000000000054,42.20000000000003
48000,24,48.10000000000009,48.80000000000001,51.100000000000016,52.400000000000034,51.100000000000016,51.40000000000002,54.500000000000064,52.80000000000004
48000,25,51.40000000000008,46.90000000000001,49.20000000000002,45.50000000000002,48.90000000000001,51.40000000000002,53.800000000000054,52.80000000000004
48000,26,45.800000000000054,50.50000000000001,48.90000000000001,41.30000000000002,51.20000000000002,51.100000000000016,51.800000000000054,52.80000000000004
48000,27,55.300000000000075,50.60000000000001,51.40000000000002,52.30000000000003,51.20000000000002,51.20000000000002,41.70000000000005,48.60000000000004
48000,28,50.500000000000064,50.80000000000001,49.100000000000016,52.60000000000004,49.100000000000016,49.20000000000002,51.60000000000005,46.10000000000003
48000,29,40.20000000000006,51.000000000000014,48.90000000000001,51.800000000000026,51.000000000000014,51.100000000000016,52.80000000000004,52.400000000000034
48600,0,40.500000000000036,50.60000000000001,50.80000000000001,49.60000000000002,48.80000000000001,51.20000000000002,52.400000000000034,47.700000000000024
48600,1,50.10000000000006,50.90000000000001,42.90000000000001,45.800000000000026,51.20000000000002,50.90000000000001,51.00000000000004,52.30000000000003
48600,2,51.60000000000008,50.70000000000001,51.20000000000002,49.90000000000003,51.50000000000002,44.90000000000001,51.900000000000055,52.90000000000004
48600,3,50.90000000000007,51.000000000000014,49.100000000000016,52.10000000000003,51.30000000000002,47.100000000000016,49.70000000000005,52.500000000000036
48600,4,46.80000000000007,50.70000000000001,49.40000000000002,52.00000000000003,51.30000000000002,51.20000000000002,54.600000000000065,53.100000000000044
48600,5,51.10000000000007,51.100000000000016,49.000000000000014,52.500000000000036,51.40000000000002,51.30000000000002,50.30000000000006,53.200000000000045
48600,6,52.80000000000007,51.100000000000016,51.20000000000002,50.30000000000003,46.80000000000001,49.100000000000016,45.100000000000044,52.400000000000034
48600,7,52.90000000000007,48.400000000000006,51.20000000000002,51.90000000000003,51.30000000000002,49.000000000000014,31.50000000000005,51.00000000000004
48600,8,44.10000000000006,50.50000000000001,51.20000000000002,49.700000000000024,49.20000000000002,49.000000000000014,51.60000000000005,50.60000000000004
48600,9,55.200000000000074,51.100000000000016,51.20000000000002,49.90000000000003,51.100000000000016,51.20000000000002,45.70000000000005,42.30000000000003
48600,10,53.200000000000074,51.000000000000014,45.100000000000016,50.400000000000034,51.100000000000016,49.60000000000002,54.30000000000006,52.90000000000004
48600,11,43.900000000000055,48.50000000000001,51.000000000000014,52.60000000000004,49.100000000000016,48.90000000000001,51.50000000000005,50.70000000000004
48600,12,50.000000000000085,46.80000000000001,49.000000000000014,50.60000000000004,51.30000000000002,51.60000000000002,54.70000000000007,53.40000000000005
48600,13,47.70000000000005,50.80000000000001,51.000000000000014,43.100000000000016,48.80000000000001,51.20000000000002,51.30000000000005,50.500000000000036
48600,14,53.300000000000075,51.000000000000014,51.40000000000002,48.10000000000003,44.80000000000001,49.20000000000002,52.00000000000006,52.90000000000004
48600,15,52.80000000000007,50.90000000000001,51.100000000000016,52.10000000000003,51.30000000000002,51.20000000000002,52.30000000000006,40.60000000000004
48600,16,51.900000000000055,48.70000000000001,51.20000000000002,50.10000000000003,51.000000000000014,44.90000000000001,43.70000000000005,48.60000000000004
48600,17,50.70000000000007,50.70000000000001,49.20000000000002,46.10000000000003,42.80000000000001,49.20000000000002,49.40000000000005,52.400000000000034
48600,18,43.50000000000005,48.60000000000001,51.100000000000016,49.60000000000002,50.90000000000001,49.30000000000002,53.30000000000005,50.10000000000003
48600,19,55.300000000000075,50.80000000000001,51.000000000000014,52.500000000000036,51.100000000000016,49.40000000000002,47.60000000000005,43.90000000000003
48600,20,44.500000000000064,50.90000000000001,51.100000000000016,50.400000000000034,49.000000000000014,51.30000000000002,53.70000000000005,52.90000000000004
48600,21,48.70000000000007,44.400000000000006,49.40000000000002,52.20000000000003,51.30000000000002,51.20000000000002,54.00000000000006,50.80000000000004
48600,22,51.800000000000054,50.80000000000001,51.100000000000016,51.700000000000024,50.90000000000001,51.30000000000002,40.90000000000004,48.80000000000004
48600,23,52.90000000000007,50.90000000000001,50.90000000000001,52.10000000000003,51.30000000000002,51.30000000000002,47.800000000000054,42.20000000000003
48600,24,48.10000000000009,48.80000000000001,51.100000000000016,52.400000000000034,51.100000000000016,51.40000000000002,54.500000000000064,52.80000000000004
48600,25,51.40000000000008,46.90000000000001,49.20000000000002,45.50000000000002,48.90000000000001,51.40000000000002,53.800000000000054,52.80000000000004
48600,26,45.800000000000054,50.50000000000001,48.90000000000001,41.30000000000002,51.20000000000002,51.100000000000016,51.800000000000054,52.80000000000004
48600,27,55.300000000000075,50.60000000000001,51.40000000000002,52.30000000000003,51.20000000000002,51.20000000000002,41.70000000000005,48.60000000000004
48600,28,50.500000000000064,50.80000000000001,49.100000000000016,52.60000000000004,49.100000000000016,49.20000000000002,51.60000000000005,46.10000000000003
48600,29,40.20000000000006,51.000000000000014,48.90000000000001,51.800000000000026,51.000000000000014,51.100000000000016,52.80000000000004,52.400000000000034
49200,0,40.500000000000036,50.60000000000001,50.80000000000001,49.700000000000024,48.80000000000001,51.20000000000002,52.500000000000036,47.800000000000026
49200,1,50.10000000000006,50.90000000000001,42.90000000000001,45.90000000000003,51.20000000000002,50.90000000000001,51.100000000000044,52.400000000000034
49200,2,51.60000000000008,50.70000000000001,51.20000000000002,50.00000000000003,51.50000000000002,44.90000000000001,52.00000000000006,53.00000000000004
49200,3,50.90000000000007,51.000000000000014,49.100000000000016,52.20000000000003,51.30000000000002,47.100000000000016,49.800000000000054,52.60000000000004
49200,4,46.80000000000007,50.70000000000001,49.40000000000002,52.10000000000003,51.30000000000002,51.20000000000002,54.70000000000007,53.200000000000045
49200,5,51.10000000000007,51.100000000000016,49.000000000000014,52.60000000000004,51.40000000000002,51.30000000000002,50.40000000000006,53.30000000000005
49200,6,52.80000000000007,51.100000000000016,51.20000000000002,50.400000000000034,46.80000000000001,49.100000000000016,45.200000000000045,52.500000000000036
49200,7,52.90000000000007,48.400000000000006,51.20000000000002,51.90000000000003,51.30000000000002,49.000000000000014,31.50000000000005,51.00000000000004
49200,8,44.10000000000006,50.50000000000001,51.20000000000002,49.800000000000026,49.20000000000002,49.000000000000014,51.60000000000005,50.60000000000004
49200,9,55.200000000000074,51.100000000000016,51.20000000000002,50.00000000000003,51.100000000000016,51.20000000000002,45.800000000000054,42.400000000000034
49200,10,53.200000000000074,51.000000000000014,45.100000000000016,50.500000000000036,51.100000000000016,49.60000000000002,54.40000000000006,53.00000000000004
49200,11,43.900000000000055,48.50000000000001,51.000000000000014,52.70000000000004,49.100000000000016,48.90000000000001,51.60000000000005,50.80000000000004
49200,12,50.000000000000085,46.80000000000001,49.000000000000014,50.70000000000004,51.30000000000002,51.60000000000002,54.80000000000007,53.50000000000005
49200,13,47.70000000000005,50.80000000000001,51.000000000000014,43.20000000000002,48.80000000000001,51.20000000000002,51.40000000000005,50.60000000000004
49200,14,53.300000000000075,51.000000000000014,51.40000000000002,48.20000000000003,44.80000000000001,49.20000000000002,52.10000000000006,53.00000000000004
49200,15,52.80000000000007,50.90000000000001,51.100000000000016,52.20000000000003,51.30000000000002,51.20000000000002,52.40000000000006,40.70000000000004
49200,16,51.900000000000055,48.70000000000001,51.20000000000002,50.20000000000003,51.000000000000014,44.90000000000001,43.800000000000054,48.70000000000004
49200,17,50.70000000000007,50.70000000000001,49.20000000000002,46.20000000000003,42.80000000000001,49.20000000000002,49.50000000000005,52.500000000000036
49200,18,43.50000000000005,48.60000000000001,51.100000000000016,49.700000000000024,50.90000000000001,49.30000000000002,53.40000000000005,50.20000000000003
49200,19,55.300000000000075,50.80000000000001,51.000000000000014,52.60000000000004,51.100000000000016,49.40000000000002,47.70000000000005,44.00000000000003
49200,20,44.500000000000064,50.90000000000001,51.100000000000016,50.500000000000036,49.000000000000014,51.30000000000002,53.800000000000054,53.00000000000004
49200,21,48.70000000000007,44.400000000000006,49.40000000000002,50.20000000000003,51.30000000000002,51.20000000000002,54.10000000000006,50.90000000000004
49200,22,51.800000000000054,50.80000000000001,51.100000000000016,51.700000000000024,50.90000000000001,51.30000000000002,38.90000000000004,48.90000000000004
49200,23,52.90000000000007,50.90000000000001,50.90000000000001,52.10000000000003,51.30000000000002,51.30000000000002,47.800000000000054,40.20000000000003
49200,24,48.10000000000009,48.80000000000001,51.100000000000016,52.500000000000036,51.100000000000016,51.40000000000002,54.600000000000065,52.90000000000004
49200,25,51.40000000000008,46.90000000000001,49.20000000000002,45.60000000000002,48.90000000000001,51.40000000000002,53.900000000000055,52.90000000000004
49200,26,45.800000000000054,50.50000000000001,48.90000000000001,41.40000000000002,51.20000000000002,51.100000000000016,51.900000000000055,52.90000000000004
49200,27,55.300000000000075,50.60000000000001,51.40000000000002,52.400000000000034,51.20000000000002,51.20000000000002,41.800000000000054,48.70000000000004
49200,28,50.500000000000064,50.80000000000001,49.100000000000016,52.70000000000004,49.100000000000016,49.20000000000002,51.70000000000005,46.20000000000003
49200,29,40.20000000000006,51.000000000000014,48.90000000000001,51.90000000000003,51.000000000000014,51.100000000000016,52.80000000000004,52.400000000000034
49800,0,40.60000000000004,50.60000000000001,50.90000000000001,49.700000000000024,48.80000000000001,51.20000000000002,52.500000000000036,47.800000000000026
49800,1,50.20000000000006,50.90000000000001,43.000000000000014,45.90000000000003,51.20000000000002,50.90000000000001,51.100000000000044,52.400000000000034
49800,2,51.70000000000008,50.70000000000001,51.30000000000002,50.00000000000003,51.50000000000002,44.90000000000001,52.00000000000006,53.00000000000004
49800,3,51.00000000000007,51.000000000000014,49.20000000000002,52.20000000000003,51.30000000000002,47.100000000000016,49.800000000000054,52.60000000000004
49800,4,46.90000000000007,50.70000000000001,49.50000000000002,52.10000000000003,51.30000000000002,51.20000000000002,54.70000000000007,53.200000000000045
49800,5,51.200000000000074,51.100000000000016,49.100000000000016,52.60000000000004,51.40000000000002,51.30000000000002,50.40000000000006,53.30000000000005
49800,6,52.90000000000007,51.100000000000016,51.30000000000002,50.400000000000034,46.80000000000001,49.100000000000016,45.200000000000045,52.500000000000036
49800,7,53.00000000000007,48.400000000000006,51.20000000000002,51.90000000000003,51.30000000000002,49.000000000000014,31.50000000000005,51.00000000000004
49800,8,44.10000000000006,50.50000000000001,49.20000000000002,49.800000000000026,49.20000000000002,49.000000000000014,51.60000000000005,50.60000000000004
49800,9,55.300000000000075,51.100000000000016,51.30000000000002,50.00000000000003,51.100000000000016,51.20000000000002,45.800000000000054,42.400000000000034
49800,10,53.300000000000075,51.000000000000014,45.20000000000002,50.500000000000036,51.100000000000016,49.60000000000002,54.40000000000006,53.00000000000004
49800,11,44.00000000000006,48.50000000000001,51.100000000000016,52.70000000000004,49.100000000000016,48.90000000000001,51.60000000000005,50.80000000000004
49800,12,50.10000000000009,46.80000000000001,49.100000000000016,50.70000000000004,51.30000000000002,51.60000000000002,54.80000000000007,53.50000000000005
49800,13,47.800000000000054,50.80000000000001,51.100000000000016,43.20000000000002,48.80000000000001,51.20000000000002,51.40000000000005,50.60000000000004
49800,14,53.40000000000008,51.000000000000014,51.50000000000002,48.20000000000003,44.80000000000001,49.20000000000002,52.10000000000006,53.00000000000004
49800,15,52.90000000000007,50.90000000000001,51.20000000000002,52.20000000000003,51.30000000000002,51.20000000000002,52.40000000000006,40.70000000000004
49800,16,52.00000000000006,48.70000000000001,51.30000000000002,50.20000000000003,51.000000000000014,44.90000000000001,43.800000000000054,48.70000000000004
49800,17,50.80000000000007,50.70000000000001,49.30000000000002,46.20000000000003,42.80000000000001,49.20000000000002,49.50000000000005,52.500000000000036
49800,18,43.60000000000005,48.60000000000001,51.20000000000002,49.700000000000024,50.90000000000001,49.30000000000002,53.40000000000005,50.20000000000003
49800,19,55.40000000000008,50.80000000000001,51.100000000000016,52.60000000000004,51.100000000000016,49.40000000000002,47.70000000000005,44.00000000000003
49800,20,44.600000000000065,50.90000000000001,51.20000000000002,50.500000000000036,49.000000000000014,51.30000000000002,53.800000000000054,53.00000000000004
49800,21,48.70000000000007,44.400000000000006,49.40000000000002,50.20000000000003,51.30000000000002,51.20000000000002,54.10000000000006,50.90000000000004
49800,22,51.800000000000054,50.80000000000001,51.100000000000016,51.700000000000024,50.90000000000001,51.30000000000002,38.90000000000004,48.90000000000004
49800,23,52.90000000000007,50.90000000000001,50.90000000000001,52.10000000000003,51.30000000000002,51.30000000000002,47.800000000000054,40.20000000000003
49800,24,48.20000000000009,48.80000000000001,51.20000000000002,52.500000000000036,51.100000000000016,51.40000000000002,54.600000000000065,52.90000000000004
49800,25,49.40000000000008,46.90000000000001,49.30000000000002,45.60000000000002,48.90000000000001,51.40000000000002,53.900000000000055,52.90000000000004
49800,26,45.900000000000055,50.50000000000001,49.000000000000014,41.40000000000002,51.20000000000002,51.100000000000016,51.900000000000055,52.90000000000004
49800,27,55.40000000000008,50.60000000000001,51.50000000000002,52.400000000000034,51.20000000000002,51.20000000000002,41.800000000000054,48.70000000000004
49800,28,50.600000000000065,50.80000000000001,49.20000000000002,52.70000000000004,49.100000000000016,49.20000000000002,51.70000000000005,46.20000000000003
49800,29,40.30000000000006,51.000000000000014,49.000000000000014,51.90000000000003,51.000000000000014,51.100000000000016,52.80000000000004,52.400000000000034
50400,0,40.60000000000004,50.70000000000001,50.90000000000001,49.700000000000024,48.80000000000001,51.20000000000002,52.60000000000004,47.800000000000026
50400,1,50.20000000000006,48.90000000000001,43.000000000000014,45.90000000000003,51.20000000000002,50.90000000000001,51.100000000000044,52.400000000000034
50400,2,51.70000000000008,50.80000000000001,51.30000000000002,50.00000000000003,51.50000000000002,44.90000000000001,52.10000000000006,53.00000000000004
50400,3,51.00000000000007,51.100000000000016,49.20000000000002,52.20000000000003,51.30000000000002,47.100000000000016,49.900000000000055,52.60000000000004
50400,4,46.90000000000007,50.80000000000001,49.50000000000002,52.10000000000003,51.30000000000002,51.20000000000002,54.80000000000007,53.200000000000045
50400,5,51.200000000000074,51.20000000000002,49.100000000000016,52.60000000000004,51.40000000000002,51.30000000000002,50.500000000000064,53.30000000000005
50400,6,52.90000000000007,51.20000000000002,51.30000000000002,50.400000000000034,46.80000000000001,49.100000000000016,45.30000000000005,52.500000000000036
50400,7,53.00000000000007,48.50000000000001,51.20000000000002,51.90000000000003,51.30000000000002,49.000000000000014,31.60000000000005,51.00000000000004
50400,8,44.10000000000006,50.50000000000001,49.20000000000002,49.800000000000026,49.20000000000002,49.000000000000014,51.60000000000005,50.60000000000004
50400,9,55.300000000000075,51.20000000000002,51.30000000000002,50.00000000000003,51.100000000000016,51.20000000000002,45.900000000000055,42.400000000000034
50400,10,53.300000000000075,51.100000000000016,45.20000000000002,50.500000000000036,51.100000000000016,49.60000000000002,54.500000000000064,53.00000000000004
50400,11,44.00000000000006,48.60000000000001,51.100000000000016,52.70000000000004,49.100000000000016,48.90000000000001,51.70000000000005,50.80000000000004
50400,12,50.10000000000009,46.90000000000001,49.100000000000016,50.70000000000004,51.30000000000002,51.60000000000002,54.90000000000007,53.50000000000005
50400,13,47.800000000000054,50.90000000000001,51.100000000000016,43.20000000000002,48.80000000000001,51.20000000000002,51.50000000000005,50.60000000000004
50400,14,53.40000000000008,51.100000000000016,51.50000000000002,48.20000000000003,44.80000000000001,49.20000000000002,52.20000000000006,53.00000000000004
50400,15,52.90000000000007,51.000000000000014,51.20000000000002,52.20000000000003,51.30000000000002,51.20000000000002,52.500000000000064,40.70000000000004
50400,16,52.00000000000006,48.80000000000001,51.30000000000002,50.20000000000003,51.000000000000014,44.90000000000001,41.800000000000054,48.70000000000004
50400,17,50.80000000000007,50.80000000000001,49.30000000000002,46.20000000000003,42.80000000000001,49.20000000000002,49.60000000000005,52.500000000000036
50400,18,43.60000000000005,48.70000000000001,51.20000000000002,49.700000000000024,50.90000000000001,49.30000000000002,53.50000000000005,50.20000000000003
50400,19,55.40000000000008,50.90000000000001,51.100000000000016,52.60000000000004,51.100000000000016,49.40000000000002,47.800000000000054,44.00000000000003
50400,20,44.600000000000065,51.000000000000014,51.20000000000002,50.500000000000036,49.000000000000014,51.30000000000002,53.900000000000055,53.00000000000004
50400,21,48.70000000000007,44.400000000000006,49.40000000000002,50.20000000000003,51.30000000000002,51.20000000000002,54.10000000000006,50.90000000000004
50400,22,51.800000000000054,50.80000000000001,51.100000000000016,51.700000000000024,50.90000000000001,51.30000000000002,38.90000000000004,48.90000000000004
50400,23,52.90000000000007,51.000000000000014,50.90000000000001,52.10000000000003,51.30000000000002,51.30000000000002,47.900000000000055,40.20000000000003
50400,24,48.20000000000009,48.90000000000001,51.20000000000002,52.500000000000036,51.100000000000016,51.40000000000002,54.70000000000007,52.90000000000004
50400,25,49.40000000000008,46.90000000000001,49.30000000000002,45.60000000000002,48.90000000000001,51.40000000000002,53.900000000000055,52.90000000000004
50400,26,45.900000000000055,50.60000000000001,49.000000000000014,41.40000000000002,51.20000000000002,51.100000000000016,52.00000000000006,52.90000000000004
50400,27,55.40000000000008,50.70000000000001,51.50000000000002,52.400000000000034,51.20000000000002,51.20000000000002,41.900000000000055,48.70000000000004
50400,28,50.600000000000065,50.90000000000001,49.20000000000002,52.70000000000004,49.100000000000016,49.20000000000002,51.800000000000054,46.20000000000003
50400,29,40.30000000000006,51.100000000000016,49.000000000000014,51.90000000000003,51.000000000000014,51.100000000000016,52.90000000000004,52.400000000000034
51000,0,40.70000000000004,50.70000000000001,50.90000000000001,49.700000000000024,48.90000000000001,51.30000000000002,52.70000000000004,47.800000000000026
51000,1,50.30000000000006,48.90000000000001,43.000000000000014,45.90000000000003,51.30000000000002,51.000000000000014,51.100000000000044,52.400000000000034
51000,2,51.80000000000008,50.80000000000001,51.30000000000002,50.00000000000003,51.60000000000002,45.000000000000014,52.20000000000006,53.00000000000004
51000,3,51.10000000000007,51.100000000000016,49.20000000000002,52.20000000000003,51.40000000000002,47.20000000000002,50.00000000000006,52.60000000000004
51000,4,47.00000000000007,50.80000000000001,49.50000000000002,52.10000000000003,51.40000000000002,51.30000000000002,54.90000000000007,53.200000000000045
51000,5,51.300000000000075,51.20000000000002,49.100000000000016,52.60000000000004,51.50000000000002,51.40000000000002,50.600000000000065,53.30000000000005
51000,6,53.00000000000007,51.20000000000002,51.30000000000002,50.400000000000034,46.90000000000001,49.20000000000002,45.40000000000005,52.500000000000036
51000,7,53.10000000000007,48.50000000000001,51.20000000000002,51.90000000000003,51.40000000000002,49.100000000000016,31.700000000000053,51.00000000000004
51000,8,44.10000000000006,50.50000000000001,49.20000000000002,49.800000000000026,49.20000000000002,49.000000000000014,51.60000000000005,50.60000000000004
51000,9,55.40000000000008,51.20000000000002,51.30000000000002,50.00000000000003,51.20000000000002,51.30000000000002,46.00000000000006,42.400000000000034
51000,10,53.40000000000008,51.100000000000016,45.20000000000002,50.500000000000036,51.20000000000002,49.700000000000024,54.600000000000065,53.00000000000004
51000,11,42.00000000000006,48.60000000000001,51.100000000000016,52.70000000000004,49.20000000000002,49.000000000000014,51.800000000000054,50.80000000000004
51000,12,50.20000000000009,46.90000000000001,49.100000000000016,50.70000000000004,51.40000000000002,51.700000000000024,55.00000000000007,53.50000000000005
51000,13,47.900000000000055,50.90000000000001,51.100000000000016,43.20000000000002,48.90000000000001,51.30000000000002,51.60000000000005,50.60000000000004
51000,14,53.40000000000008,51.100000000000016,51.50000000000002,48.20000000000003,42.80000000000001,49.30000000000002,52.30000000000006,53.00000000000004
51000,15,53.00000000000007,51.000000000000014,51.20000000000002,52.20000000000003,51.40000000000002,51.30000000000002,52.600000000000065,40.70000000000004
51000,16,52.10000000000006,48.80000000000001,51.30000000000002,50.20000000000003,51.100000000000016,45.000000000000014,41.900000000000055,48.70000000000004
51000,17,50.90000000000007,50.80000000000001,49.30000000000002,46.20000000000003,42.90000000000001,49.30000000000002,49.70000000000005,52.500000000000036
51000,18,43.70000000000005,48.70000000000001,51.20000000000002,49.700000000000024,51.000000000000014,49.40000000000002,53.60000000000005,50.20000000000003
51000,19,55.50000000000008,50.90000000000001,51.100000000000016,52.60000000000004,51.20000000000002,49.50000000000002,47.900000000000055,44.00000000000003
51000,20,44.70000000000007,51.000000000000014,51.20000000000002,50.500000000000036,49.100000000000016,51.40000000000002,54.00000000000006,53.00000000000004
51000,21,48.80000000000007,44.400000000000006,49.40000000000002,50.20000000000003,51.40000000000002,51.30000000000002,54.20000000000006,50.90000000000004
51000,22,51.800000000000054,50.80000000000001,51.100000000000016,51.700000000000024,50.90000000000001,49.30000000000002,39.00000000000004,48.90000000000004
51000,23,52.90000000000007,51.000000000000014,50.90000000000001,52.10000000000003,51.30000000000002,51.30000000000002,45.900000000000055,40.20000000000003
51000,24,48.30000000000009,48.90000000000001,51.20000000000002,52.500000000000036,51.20000000000002,51.50000000000002,54.80000000000007,52.90000000000004
51000,25,49.40000000000008,46.90000000000001,49.30000000000002,45.60000000000002,48.90000000000001,51.40000000000002,53.900000000000055,52.90000000000004
51000,26,46.00000000000006,50.60000000000001,49.000000000000014,41.40000000000002,51.30000000000002,51.20000000000002,52.10000000000006,52.90000000000004
51000,27,55.50000000000008,50.70000000000001,51.50000000000002,52.400000000000034,51.30000000000002,51.30000000000002,42.00000000000006,48.70000000000004
51000,28,50.70000000000007,50.90000000000001,49.20000000000002,52.70000000000004,49.20000000000002,49.30000000000002,51.900000000000055,46.20000000000003
51000,29,40.40000000000006,51.100000000000016,49.000000000000014,51.90000000000003,51.100000000000016,51.20000000000002,53.00000000000004,52.400000000000034
51600,0,40.90000000000004,50.70000000000001,51.000000000000014,49.700000000000024,48.90000000000001,51.30000000000002,52.80000000000004,47.90000000000003
51600,1,48.30000000000006,48.90000000000001,43.100000000000016,45.90000000000003,51.30000000000002,51.000000000000014,51.100000000000044,52.400000000000034
51600,2,52.000000000000085,50.80000000000001,51.40000000000002,50.00000000000003,51.60000000000002,45.000000000000014,52.30000000000006,53.100000000000044
51600,3,51.300000000000075,51.100000000000016,49.30000000000002,52.20000000000003,51.40000000000002,47.20000000000002,50.10000000000006,52.70000000000004
51600,4,47.200000000000074,50.80000000000001,49.60000000000002,52.10000000000003,51.40000000000002,51.30000000000002,55.00000000000007,53.30000000000005
51600,5,51.50000000000008,51.20000000000002,49.20000000000002,52.60000000000004,51.50000000000002,51.40000000000002,50.70000000000007,53.40000000000005
51600,6,53.200000000000074,51.20000000000002,51.40000000000002,50.400000000000034,46.90000000000001,49.20000000000002,45.50000000000005,52.60000000000004
51600,7,53.200000000000074,48.50000000000001,51.30000000000002,51.90000000000003,51.40000000000002,49.100000000000016,29.700000000000053,51.00000000000004
51600,8,44.10000000000006,50.50000000000001,49.20000000000002,49.800000000000026,49.20000000000002,49.000000000000014,51.60000000000005,50.60000000000004
51600,9,55.60000000000008,51.20000000000002,51.40000000000002,50.00000000000003,51.20000000000002,51.30000000000002,46.10000000000006,42.500000000000036
51600,10,53.60000000000008,51.100000000000016,45.30000000000002,50.500000000000036,51.20000000000002,49.700000000000024,54.70000000000007,53.100000000000044
51600,11,42.00000000000006,48.60000000000001,51.100000000000016,52.70000000000004,49.20000000000002,49.000000000000014,51.800000000000054,50.80000000000004
51600,12,50.40000000000009,46.90000000000001,49.20000000000002,50.70000000000004,51.40000000000002,51.700000000000024,55.10000000000007,53.60000000000005
51600,13,48.10000000000006,50.90000000000001,51.20000000000002,43.20000000000002,48.90000000000001,51.30000000000002,51.70000000000005,50.70000000000004
51600,14,53.40000000000008,51.100000000000016,51.50000000000002,48.20000000000003,42.80000000000001,49.30000000000002,52.30000000000006,53.00000000000004
51600,15,53.200000000000074,51.000000000000014,51.30000000000002,52.20000000000003,51.40000000000002,51.30000000000002,52.70000000000007,40.80000000000004
51600,16,52.30000000000006,48.80000000000001,51.40000000000002,50.20000000000003,51.100000000000016,45.000000000000014,42.00000000000006,48.80000000000004
51600,17,50.90000000000007,50.80000000000001,47.30000000000002,46.20000000000003,42.90000000000001,49.30000000000002,49.70000000000005,52.500000000000036
51600,18,43.900000000000055,48.70000000000001,51.30000000000002,49.700000000000024,51.000000000000014,49.40000000000002,53.70000000000005,50.30000000000003
51600,19,55.70000000000008,50.90000000000001,51.20000000000002,52.60000000000004,51.20000000000002,49.50000000000002,48.00000000000006,44.10000000000003
51600,20,44.90000000000007,51.000000000000014,51.30000000000002,50.500000000000036,49.100000000000016,51.40000000000002,54.10000000000006,53.100000000000044
51600,21,48.90000000000007,44.400000000000006,49.50000000000002,50.20000000000003,51.40000000000002,51.30000000000002,54.30000000000006,48.90000000000004
51600,22,51.900000000000055,50.80000000000001,51.100000000000016,51.700000000000024,50.90000000000001,49.30000000000002,39.00000000000004,49.00000000000004
51600,23,52.90000000000007,51.000000000000014,50.90000000000001,52.10000000000003,51.30000000000002,51.30000000000002,45.900000000000055,40.20000000000003
51600,24,48.50000000000009,48.90000000000001,51.30000000000002,52.500000000000036,51.20000000000002,51.50000000000002,54.90000000000007,53.00000000000004
51600,25,49.60000000000008,46.90000000000001,49.40000000000002,45.60000000000002,48.90000000000001,51.40000000000002,54.00000000000006,53.00000000000004
51600,26,46.20000000000006,50.60000000000001,49.100000000000016,41.40000000000002,51.30000000000002,51.20000000000002,52.20000000000006,53.00000000000004
51600,27,55.70000000000008,50.70000000000001,51.60000000000002,52.400000000000034,51.30000000000002,51.30000000000002,42.10000000000006,48.80000000000004
51600,28,50.90000000000007,50.90000000000001,49.30000000000002,52.70000000000004,49.20000000000002,49.30000000000002,52.00000000000006,46.30000000000003
51600,29,38.500000000000064,51.100000000000016,49.100000000000016,51.90000000000003,51.100000000000016,51.20000000000002,53.100000000000044,52.500000000000036
52200,0,41.100000000000044,50.70000000000001,51.000000000000014,49.700000000000024,48.90000000000001,51.30000000000002,52.90000000000004,47.90000000000003
52200,1,48.30000000000006,48.90000000000001,43.100000000000016,45.90000000000003,51.30000000000002,51.000000000000014,51.100000000000044,52.400000000000034
52200,2,52.20000000000009,50.80000000000001,51.40000000000002,50.00000000000003,51.60000000000002,45.000000000000014,52.40000000000006,53.100000000000044
52200,3,51.50000000000008,51.100000000000016,49.30000000000002,52.20000000000003,51.40000000000002,47.20000000000002,50.20000000000006,52.70000000000004
52200,4,45.200000000000074,50.80000000000001,49.60000000000002,52.10000000000003,51.40000000000002,51.30000000000002,55.00000000000007,53.30000000000005
52200,5,51.70000000000008,51.20000000000002,49.20000000000002,52.60000000000004,51.50000000000002,51.40000000000002,50.80000000000007,53.40000000000005
52200,6,53.40000000000008,51.20000000000002,51.40000000000002,50.400000000000034,46.90000000000001,49.20000000000002,45.60000000000005,52.60000000000004
52200,7,53.200000000000074,48.50000000000001,51.30000000000002,51.90000000000003,51.40000000000002,49.100000000000016,29.700000000000053,51.00000000000004
52200,8,42.20000000000006,50.50000000000001,49.20000000000002,49.800000000000026,49.20000000000002,49.000000000000014,51.60000000000005,50.60000000000004
52200,9,55.80000000000008,51.20000000000002,51.40000000000002,50.00000000000003,51.20000000000002,51.30000000000002,46.20000000000006,42.500000000000036
52200,10,53.80000000000008,51.100000000000016,45.30000000000002,50.500000000000036,51.20000000000002,49.700000000000024,54.80000000000007,53.100000000000044
52200,11,42.00000000000006,48.60000000000001,51.100000000000016,52.70000000000004,49.20000000000002,49.000000000000014,51.800000000000054,50.80000000000004
52200,12,50.600000000000094,46.90000000000001,49.20000000000002,50.70000000000004,51.40000000000002,51.700000000000024,55.200000000000074,53.60000000000005
52200,13,48.30000000000006,50.90000000000001,51.20000000000002,43.20000000000002,48.90000000000001,51.30000000000002,51.800000000000054,50.70000000000004
52200,14,53.40000000000008,51.100000000000016,51.50000000000002,48.20000000000003,42.80000000000001,49.30000000000002,52.40000000000006,53.00000000000004
52200,15,53.40000000000008,51.000000000000014,51.30000000000002,52.20000000000003,51.40000000000002,51.30000000000002,52.80000000000007,40.80000000000004
52200,16,52.500000000000064,48.80000000000001,51.40000000000002,50.20000000000003,51.100000000000016,45.000000000000014,40.00000000000006,48.80000000000004
52200,17,50.90000000000007,50.80000000000001,47.30000000000002,46.20000000000003,42.90000000000001,49.30000000000002,49.70000000000005,52.500000000000036
52200,18,44.10000000000006,48.70000000000001,51.30000000000002,49.700000000000024,51.000000000000014,49.40000000000002,53.800000000000054,50.30000000000003
52200,19,55.900000000000084,50.90000000000001,51.20000000000002,52.60000000000004,51.20000000000002,49.50000000000002,48.10000000000006,44.10000000000003
52200,20,45.10000000000007,51.000000000000014,51.30000000000002,50.500000000000036,49.100000000000016,51.40000000000002,54.20000000000006,53.100000000000044
52200,21,48.90000000000007,44.400000000000006,49.50000000000002,50.20000000000003,51.40000000000002,51.30000000000002,54.30000000000006,48.90000000000004
52200,22,52.10000000000006,50.80000000000001,51.100000000000016,51.700000000000024,50.90000000000001,49.30000000000002,39.100000000000044,49.00000000000004
52200,23,52.90000000000007,51.000000000000014,50.90000000000001,52.10000000000003,51.30000000000002,51.30000000000002,46.00000000000006,40.20000000000003
52200,24,48.700000000000095,48.90000000000001,51.30000000000002,52.500000000000036,51.20000000000002,51.50000000000002,55.00000000000007,53.00000000000004
52200,25,49.80000000000008,46.90000000000001,49.40000000000002,45.60000000000002,48.90000000000001,51.40000000000002,54.10000000000006,53.00000000000004
52200,26,46.40000000000006,50.60000000000001,49.100000000000016,41.40000000000002,51.30000000000002,51.20000000000002,52.30000000000006,53.00000000000004
52200,27,55.900000000000084,50.70000000000001,51.60000000000002,52.400000000000034,51.30000000000002,51.30000000000002,42.20000000000006,48.80000000000004
52200,28,51.10000000000007,50.90000000000001,49.30000000000002,52.70000000000004,49.20000000000002,49.30000000000002,52.10000000000006,46.30000000000003
52200,29,38.500000000000064,51.100000000000016,49.100000000000016,51.90000000000003,51.100000000000016,51.20000000000002,53.100000000000044,52.500000000000036
52800,0,41.200000000000045,50.70000000000001,51.000000000000014,49.800000000000026,49.000000000000014,51.30000000000002,53.00000000000004,47.90000000000003
52800,1,48.30000000000006,48.90000000000001,43.100000000000016,45.90000000000003,51.30000000000002,51.000000000000014,51.100000000000044,52.400000000000034
52800,2,52.30000000000009,50.80000000000001,51.40000000000002,50.10000000000003,51.700000000000024,45.000000000000014,52.500000000000064,53.100000000000044
52800,3,51.60000000000008,51.100000000000016,49.30000000000002,52.30000000000003,51.50000000000002,47.20000000000002,50.30000000000006,52.70000000000004
52800,4,45.200000000000074,50.80000000000001,49.60000000000002,52.10000000000003,51.40000000000002,51.30000000000002,55.00000000000007,53.30000000000005
52800,5,51.80000000000008,51.20000000000002,49.20000000000002,52.70000000000004,51.60000000000002,51.40000000000002,50.90000000000007,53.40000000000005
52800,6,53.50000000000008,51.20000000000002,51.40000000000002,50.500000000000036,47.000000000000014,49.20000000000002,43.60000000000005,52.60000000000004
52800,7,53.300000000000075,48.50000000000001,51.30000000000002,52.00000000000003,51.50000000000002,49.100000000000016,29.800000000000054,51.00000000000004
52800,8,42.20000000000006,50.50000000000001,49.20000000000002,49.800000000000026,49.20000000000002,49.000000000000014,51.60000000000005,50.60000000000004
52800,9,55.900000000000084,51.20000000000002,51.40000000000002,50.10000000000003,51.30000000000002,51.30000000000002,46.30000000000006,42.500000000000036
52800,10,53.900000000000084,51.100000000000016,45.30000000000002,50.60000000000004,51.30000000000002,49.700000000000024,54.90000000000007,53.100000000000044
52800,11,42.00000000000006,48.60000000000001,51.100000000000016,52.70000000000004,49.20000000000002,49.000000000000014,51.800000000000054,50.80000000000004
52800,12,50.700000000000095,46.90000000000001,49.20000000000002,50.80000000000004,51.50000000000002,51.700000000000024,55.300000000000075,53.60000000000005
52800,13,48.40000000000006,50.90000000000001,51.20000000000002,43.30000000000002,49.000000000000014,51.30000000000002,51.900000000000055,50.70000000000004
52800,14,53.40000000000008,51.100000000000016,51.50000000000002,46.20000000000003,42.80000000000001,49.30000000000002,52.40000000000006,53.00000000000004
52800,15,53.50000000000008,51.000000000000014,51.30000000000002,52.30000000000003,51.50000000000002,51.30000000000002,52.90000000000007,40.80000000000004
52800,16,52.500000000000064,48.80000000000001,51.40000000000002,50.20000000000003,51.100000000000016,45.000000000000014,40.00000000000006,48.80000000000004
52800,17,50.90000000000007,50.80000000000001,47.30000000000002,46.20000000000003,42.90000000000001,49.30000000000002,49.800000000000054,52.500000000000036
52800,18,44.20000000000006,48.70000000000001,51.30000000000002,49.800000000000026,51.100000000000016,49.40000000000002,53.900000000000055,50.30000000000003
52800,19,56.000000000000085,50.90000000000001,51.20000000000002,52.70000000000004,51.30000000000002,49.50000000000002,48.20000000000006,44.10000000000003
52800,20,45.200000000000074,51.000000000000014,51.30000000000002,50.60000000000004,49.20000000000002,51.40000000000002,54.30000000000006,53.100000000000044
52800,21,48.90000000000007,44.400000000000006,49.50000000000002,50.20000000000003,51.50000000000002,51.30000000000002,54.40000000000006,48.90000000000004
52800,22,52.20000000000006,50.80000000000001,51.100000000000016,51.800000000000026,51.000000000000014,49.30000000000002,39.200000000000045,49.00000000000004
52800,23,53.00000000000007,51.000000000000014,50.90000000000001,52.20000000000003,51.40000000000002,51.30000000000002,46.10000000000006,40.20000000000003
52800,24,48.8000000000001,48.90000000000001,51.30000000000002,52.60000000000004,51.30000000000002,51.50000000000002,55.10000000000007,53.00000000000004
52800,25,47.80000000000008,46.90000000000001,49.40000000000002,45.700000000000024,48.90000000000001,51.40000000000002,54.10000000000006,53.00000000000004
52800,26,46.500000000000064,50.60000000000001,49.100000000000016,41.50000000000002,51.40000000000002,51.20000000000002,52.40000000000006,53.00000000000004
52800,27,56.000000000000085,50.70000000000001,51.60000000000002,52.500000000000036,51.40000000000002,51.30000000000002,42.30000000000006,48.80000000000004
52800,28,51.200000000000074,50.90000000000001,49.30000000000002,52.80000000000004,49.30000000000002,49.30000000000002,52.20000000000006,46.30000000000003
52800,29,38.600000000000065,51.100000000000016,49.100000000000016,52.00000000000003,49.100000000000016,51.20000000000002,53.100000000000044,52.500000000000036
53400,0,41.200000000000045,50.70000000000001,51.000000000000014,49.90000000000003,49.000000000000014,51.30000000000002,53.00000000000004,47.90000000000003
53400,1,48.30000000000006,48.90000000000001,43.100000000000016,45.90000000000003,51.30000000000002,51.000000000000014,51.100000000000044,52.400000000000034
53400,2,52.30000000000009,50.80000000000001,51.40000000000002,50.20000000000003,51.700000000000024,45.000000000000014,52.500000000000064,53.100000000000044
53400,3,51.60000000000008,51.100000000000016,49.30000000000002,52.400000000000034,51.50000000000002,47.20000000000002,50.30000000000006,52.70000000000004
53400,4,45.200000000000074,50.80000000000001,49.60000000000002,52.20000000000003,51.40000000000002,51.30000000000002,55.00000000000007,53.30000000000005
53400,5,51.80000000000008,51.20000000000002,49.20000000000002,52.80000000000004,51.60000000000002,51.40000000000002,50.90000000000007,53.40000000000005
53400,6,53.50000000000008,51.20000000000002,51.40000000000002,50.500000000000036,47.000000000000014,49.20000000000002,43.60000000000005,52.60000000000004
53400,7,53.300000000000075,48.50000000000001,51.30000000000002,52.10000000000003,51.50000000000002,49.100000000000016,29.800000000000054,51.00000000000004
53400,8,42.20000000000006,50.50000000000001,49.20000000000002,49.800000000000026,49.20000000000002,49.000000000000014,51.60000000000005,50.60000000000004
53400,9,55.900000000000084,51.20000000000002,51.40000000000002,50.20000000000003,51.30000000000002,51.30000000000002,46.30000000000006,42.500000000000036
53400,10,53.900000000000084,51.100000000000016,45.30000000000002,50.70000000000004,51.30000000000002,49.700000000000024,54.90000000000007,53.100000000000044
53400,11,42.00000000000006,48.60000000000001,51.100000000000016,52.80000000000004,49.20000000000002,49.000000000000014,51.800000000000054,50.80000000000004
53400,12,50.700000000000095,46.90000000000001,49.20000000000002,50.90000000000004,51.50000000000002,51.700000000000024,55.300000000000075,53.60000000000005
53400,13,48.40000000000006,50.90000000000001,51.20000000000002,43.40000000000002,49.000000000000014,51.30000000000002,51.900000000000055,50.70000000000004
53400,14,53.40000000000008,51.100000000000016,51.50000000000002,46.30000000000003,42.80000000000001,49.30000000000002,52.40000000000006,53.00000000000004
53400,15,53.50000000000008,51.000000000000014,51.30000000000002,52.400000000000034,51.50000000000002,51.30000000000002,52.90000000000007,40.80000000000004
53400,16,52.500000000000064,48.80000000000001,51.40000000000002,50.20000000000003,51.100000000000016,45.000000000000014,40.00000000000006,48.80000000000004
53400,17,50.90000000000007,50.80000000000001,47.30000000000002,44.20000000000003,42.90000000000001,49.30000000000002,49.800000000000054,52.500000000000036
53400,18,44.20000000000006,48.70000000000001,51.30000000000002,49.90000000000003,51.100000000000016,49.40000000000002,53.900000000000055,50.30000000000003
53400,19,56.000000000000085,50.90000000000001,51.20000000000002,52.80000000000004,51.30000000000002,49.50000000000002,48.20000000000006,44.10000000000003
53400,20,45.200000000000074,51.000000000000014,51.30000000000002,50.70000000000004,49.20000000000002,51.40000000000002,54.30000000000006,53.100000000000044
53400,21,48.90000000000007,44.400000000000006,49.50000000000002,50.30000000000003,51.50000000000002,51.30000000000002,54.40000000000006,48.90000000000004
53400,22,52.20000000000006,50.80000000000001,51.100000000000016,51.90000000000003,51.000000000000014,49.30000000000002,39.200000000000045,49.00000000000004
53400,23,53.00000000000007,51.000000000000014,50.90000000000001,52.30000000000003,51.40000000000002,51.30000000000002,46.10000000000006,40.20000000000003
53400,24,48.8000000000001,48.90000000000001,51.30000000000002,52.70000000000004,51.30000000000002,51.50000000000002,55.10000000000007,53.00000000000004
53400,25,47.80000000000008,46.90000000000001,49.40000000000002,45.800000000000026,48.90000000000001,51.40000000000002,54.10000000000006,53.00000000000004
53400,26,46.500000000000064,50.60000000000001,49.100000000000016,41.60000000000002,51.40000000000002,51.20000000000002,52.40000000000006,53.00000000000004
53400,27,56.000000000000085,50.70000000000001,51.60000000000002,52.60000000000004,51.40000000000002,51.30000000000002,42.30000000000006,48.80000000000004
53400,28,51.200000000000074,50.90000000000001,49.30000000000002,52.90000000000004,49.30000000000002,49.30000000000002,52.20000000000006,46.30000000000003
53400,29,38.600000000000065,51.100000000000016,49.100000000000016,52.10000000000003,49.100000000000016,51.20000000000002,53.100000000000044,52.500000000000036
54000,0,41.200000000000045,50.80000000000001,51.000000000000014,50.20000000000003,49.100000000000016,51.30000000000002,53.00000000000004,48.00000000000003
54000,1,48.30000000000006,48.90000000000001,43.100000000000016,45.90000000000003,51.30000000000002,51.000000000000014,51.100000000000044,52.400000000000034
54000,2,52.30000000000009,50.90000000000001,51.40000000000002,50.500000000000036,51.800000000000026,45.000000000000014,52.500000000000064,53.200000000000045
54000,3,51.60000000000008,51.20000000000002,49.30000000000002,52.70000000000004,51.60000000000002,47.20000000000002,50.30000000000006,52.80000000000004
54000,4,45.200000000000074,50.90000000000001,49.60000000000002,52.500000000000036,51.50000000000002,51.30000000000002,55.00000000000007,53.40000000000005
54000,5,51.80000000000008,51.30000000000002,49.20000000000002,53.100000000000044,51.700000000000024,51.40000000000002,50.90000000000007,53.50000000000005
54000,6,53.50000000000008,51.20000000000002,51.40000000000002,50.500000000000036,47.000000000000014,49.20000000000002,43.60000000000005,52.60000000000004
54000,7,53.300000000000075,48.60000000000001,51.30000000000002,52.400000000000034,51.60000000000002,49.100000000000016,29.800000000000054,51.100000000000044
54000,8,42.20000000000006,50.60000000000001,49.20000000000002,50.10000000000003,49.30000000000002,49.000000000000014,51.60000000000005,50.70000000000004
54000,9,55.900000000000084,51.20000000000002,51.40000000000002,50.20000000000003,51.30000000000002,51.30000000000002,46.30000000000006,40.500000000000036
54000,10,53.900000000000084,51.20000000000002,45.30000000000002,51.00000000000004,51.40000000000002,49.700000000000024,54.90000000000007,53.200000000000045
54000,11,42.00000000000006,48.70000000000001,51.100000000000016,53.100000000000044,49.30000000000002,49.000000000000014,51.800000000000054,50.90000000000004
54000,12,50.700000000000095,47.000000000000014,49.20000000000002,51.200000000000045,51.60000000000002,51.700000000000024,55.300000000000075,53.70000000000005
54000,13,48.40000000000006,50.90000000000001,51.20000000000002,41.40000000000002,49.000000000000014,51.30000000000002,51.900000000000055,50.80000000000004
54000,14,53.40000000000008,51.20000000000002,51.50000000000002,46.60000000000004,40.80000000000001,49.30000000000002,52.40000000000006,53.100000000000044
54000,15,53.50000000000008,51.100000000000016,51.30000000000002,52.70000000000004,51.60000000000002,51.30000000000002,52.90000000000007,40.90000000000004
54000,16,52.500000000000064,48.80000000000001,51.40000000000002,50.20000000000003,51.20000000000002,45.000000000000014,40.00000000000006,48.80000000000004
54000,17,50.90000000000007,50.80000000000001,47.30000000000002,44.20000000000003,42.90000000000001,49.30000000000002,49.800000000000054,52.500000000000036
54000,18,44.20000000000006,48.80000000000001,51.30000000000002,50.20000000000003,51.20000000000002,49.40000000000002,53.900000000000055,50.400000000000034
54000,19,56.000000000000085,51.000000000000014,51.20000000000002,53.100000000000044,51.40000000000002,49.50000000000002,48.20000000000006,44.20000000000003
54000,20,45.200000000000074,51.100000000000016,51.30000000000002,51.00000000000004,49.30000000000002,51.40000000000002,54.30000000000006,53.200000000000045
54000,21,48.90000000000007,44.400000000000006,49.50000000000002,48.400000000000034,51.50000000000002,51.30000000000002,54.40000000000006,49.00000000000004
54000,22,52.20000000000006,50.90000000000001,51.100000000000016,52.20000000000003,51.100000000000016,49.30000000000002,39.200000000000045,49.100000000000044
54000,23,53.00000000000007,51.100000000000016,50.90000000000001,52.60000000000004,51.50000000000002,51.30000000000002,46.10000000000006,40.30000000000003
54000,24,48.8000000000001,49.000000000000014,51.30000000000002,53.00000000000004,51.40000000000002,51.50000000000002,55.10000000000007,53.100000000000044
54000,25,47.80000000000008,47.000000000000014,49.40000000000002,46.10000000000003,49.000000000000014,51.40000000000002,54.10000000000006,53.100000000000044
54000,26,46.500000000000064,50.60000000000001,49.100000000000016,39.800000000000026,51.40000000000002,51.20000000000002,52.40000000000006,53.100000000000044
54000,27,56.000000000000085,50.80000000000001,51.60000000000002,52.90000000000004,51.50000000000002,51.30000000000002,42.30000000000006,48.90000000000004
54000,28,51.200000000000074,51.000000000000014,49.30000000000002,53.200000000000045,49.40000000000002,49.30000000000002,52.20000000000006,46.400000000000034
54000,29,38.600000000000065,49.100000000000016,49.100000000000016,52.400000000000034,49.100000000000016,51.20000000000002,53.100000000000044,52.60000000000004
54600,0,41.200000000000045,50.90000000000001,51.000000000000014,50.30000000000003,49.20000000000002,51.30000000000002,53.00000000000004,48.00000000000003
54600,1,48.30000000000006,49.000000000000014,43.100000000000016,45.90000000000003,51.30000000000002,51.000000000000014,51.100000000000044,52.400000000000034
54600,2,52.30000000000009,51.000000000000014,51.40000000000002,50.60000000000004,51.90000000000003,45.000000000000014,52.500000000000064,53.200000000000045
54600,3,51.60000000000008,51.30000000000002,49.30000000000002,52.80000000000004,51.700000000000024,47.20000000000002,50.30000000000006,52.80000000000004
54600,4,45.200000000000074,51.000000000000014,49.60000000000002,52.60000000000004,51.60000000000002,51.30000000000002,55.00000000000007,53.40000000000005
54600,5,51.80000000000008,51.40000000000002,49.20000000000002,53.200000000000045,51.800000000000026,51.40000000000002,50.90000000000007,53.50000000000005
54600,6,53.50000000000008,51.20000000000002,51.40000000000002,48.500000000000036,47.000000000000014,49.20000000000002,43.60000000000005,52.60000000000004
54600,7,53.300000000000075,48.70000000000001,51.30000000000002,52.500000000000036,51.700000000000024,49.100000000000016,29.800000000000054,51.100000000000044
54600,8,42.20000000000006,48.60000000000001,49.20000000000002,50.20000000000003,49.40000000000002,49.000000000000014,51.60000000000005,50.70000000000004
54600,9,55.900000000000084,51.20000000000002,51.40000000000002,50.20000000000003,51.30000000000002,51.30000000000002,46.30000000000006,40.500000000000036
54600,10,53.900000000000084,51.30000000000002,45.30000000000002,51.100000000000044,51.50000000000002,49.700000000000024,54.90000000000007,53.200000000000045
54600,11,42.00000000000006,48.80000000000001,51.100000000000016,53.200000000000045,49.40000000000002,49.000000000000014,51.800000000000054,50.90000000000004
54600,12,50.700000000000095,47.100000000000016,49.20000000000002,51.30000000000005,51.700000000000024,51.700000000000024,55.300000000000075,53.70000000000005
54600,13,48.40000000000006,51.000000000000014,51.20000000000002,41.40000000000002,49.100000000000016,51.30000000000002,51.900000000000055,50.80000000000004
54600,14,53.40000000000008,51.20000000000002,51.50000000000002,46.60000000000004,40.80000000000001,49.30000000000002,52.40000000000006,53.100000000000044
54600,15,53.50000000000008,51.20000000000002,51.30000000000002,52.80000000000004,51.700000000000024,51.30000000000002,52.90000000000007,40.90000000000004
54600,16,52.500000000000064,48.90000000000001,51.40000000000002,50.30000000000003,51.30000000000002,45.000000000000014,40.00000000000006,48.80000000000004
54600,17,50.90000000000007,50.80000000000001,47.30000000000002,44.20000000000003,42.90000000000001,49.30000000000002,49.800000000000054,52.500000000000036
54600,18,44.20000000000006,48.90000000000001,51.30000000000002,50.30000000000003,51.30000000000002,49.40000000000002,53.900000000000055,50.400000000000034
54600,19,56.000000000000085,51.100000000000016,51.20000000000002,53.200000000000045,51.50000000000002,49.50000000000002,48.20000000000006,44.20000000000003
54600,20,45.200000000000074,51.20000000000002,51.30000000000002,51.100000000000044,49.40000000000002,51.40000000000002,54.30000000000006,53.200000000000045
54600,21,48.90000000000007,44.400000000000006,49.50000000000002,48.400000000000034,51.50000000000002,51.30000000000002,54.40000000000006,49.00000000000004
54600,22,52.20000000000006,51.000000000000014,51.100000000000016,52.30000000000003,51.20000000000002,49.30000000000002,39.200000000000045,49.100000000000044
54600,23,53.00000000000007,51.100000000000016,50.90000000000001,52.70000000000004,49.50000000000002,51.30000000000002,46.10000000000006,40.30000000000003
54600,24,48.8000000000001,49.100000000000016,51.30000000000002,53.100000000000044,51.50000000000002,51.50000000000002,55.10000000000007,53.100000000000044
54600,25,47.80000000000008,47.100000000000016,49.40000000000002,46.20000000000003,49.100000000000016,51.40000000000002,54.10000000000006,53.100000000000044
54600,26,46.500000000000064,50.60000000000001,49.100000000000016,39.800000000000026,51.40000000000002,51.20000000000002,52.40000000000006,53.100000000000044
54600,27,56.000000000000085,50.90000000000001,51.60000000000002,53.00000000000004,51.60000000000002,51.30000000000002,42.30000000000006,48.90000000000004
54600,28,51.200000000000074,51.100000000000016,49.30000000000002,53.30000000000005,49.50000000000002,49.30000000000002,52.20000000000006,46.400000000000034
54600,29,38.600000000000065,49.20000000000002,49.100000000000016,52.500000000000036,49.20000000000002,51.20000000000002,53.100000000000044,52.60000000000004
55200,0,41.30000000000005,50.90000000000001,51.000000000000014,50.30000000000003,49.20000000000002,51.30000000000002,53.200000000000045,48.00000000000003
55200,1,48.40000000000006,49.000000000000014,43.100000000000016,45.90000000000003,51.30000000000002,51.000000000000014,51.30000000000005,52.400000000000034
55200,2,52.40000000000009,51.000000000000014,51.40000000000002,50.60000000000004,51.90000000000003,45.000000000000014,52.70000000000007,53.200000000000045
55200,3,51.70000000000008,51.30000000000002,49.30000000000002,52.80000000000004,51.700000000000024,47.20000000000002,50.500000000000064,52.80000000000004
55200,4,45.300000000000075,51.000000000000014,49.60000000000002,52.60000000000004,51.60000000000002,51.30000000000002,55.200000000000074,53.40000000000005
55200,5,51.900000000000084,51.40000000000002,49.20000000000002,53.200000000000045,51.800000000000026,51.40000000000002,51.10000000000007,53.50000000000005
55200,6,53.50000000000008,51.20000000000002,51.40000000000002,48.500000000000036,47.000000000000014,49.20000000000002,43.60000000000005,52.60000000000004
55200,7,53.300000000000075,48.70000000000001,51.30000000000002,52.500000000000036,51.700000000000024,49.100000000000016,27.900000000000055,51.100000000000044
55200,8,42.20000000000006,48.60000000000001,49.20000000000002,50.20000000000003,49.40000000000002,49.000000000000014,51.60000000000005,50.70000000000004
55200,9,55.900000000000084,51.20000000000002,51.40000000000002,50.20000000000003,51.30000000000002,51.30000000000002,46.30000000000006,40.500000000000036
55200,10,54.000000000000085,51.30000000000002,45.30000000000002,51.100000000000044,51.50000000000002,49.700000000000024,55.10000000000007,53.200000000000045
55200,11,40.00000000000006,48.80000000000001,51.100000000000016,53.200000000000045,49.40000000000002,49.000000000000014,52.00000000000006,50.90000000000004
55200,12,50.8000000000001,47.100000000000016,49.20000000000002,51.30000000000005,51.700000000000024,51.700000000000024,55.50000000000008,53.70000000000005
55200,13,48.500000000000064,51.000000000000014,51.20000000000002,41.40000000000002,49.100000000000016,51.30000000000002,52.10000000000006,50.80000000000004
55200,14,53.50000000000008,51.20000000000002,51.50000000000002,46.60000000000004,40.80000000000001,49.30000000000002,52.600000000000065,53.100000000000044
55200,15,53.60000000000008,51.20000000000002,51.30000000000002,52.80000000000004,51.700000000000024,51.30000000000002,53.10000000000007,40.90000000000004
55200,16,52.600000000000065,48.90000000000001,51.40000000000002,50.30000000000003,51.30000000000002,45.000000000000014,40.20000000000006,48.80000000000004
55200,17,51.00000000000007,50.80000000000001,47.30000000000002,44.20000000000003,42.90000000000001,49.30000000000002,50.00000000000006,52.500000000000036
55200,18,44.30000000000006,48.90000000000001,51.30000000000002,50.30000000000003,51.30000000000002,49.40000000000002,54.10000000000006,50.400000000000034
55200,19,56.10000000000009,51.100000000000016,51.20000000000002,53.200000000000045,51.50000000000002,49.50000000000002,48.40000000000006,44.20000000000003
55200,20,45.300000000000075,51.20000000000002,51.30000000000002,51.100000000000044,49.40000000000002,51.40000000000002,54.500000000000064,53.200000000000045
55200,21,49.00000000000007,44.400000000000006,49.50000000000002,48.400000000000034,51.50000000000002,51.30000000000002,54.600000000000065,49.00000000000004
55200,22,52.20000000000006,51.000000000000014,51.100000000000016,52.30000000000003,51.20000000000002,49.30000000000002,37.200000000000045,49.100000000000044
55200,23,53.00000000000007,51.100000000000016,50.90000000000001,52.70000000000004,49.50000000000002,51.30000000000002,46.10000000000006,40.30000000000003
55200,24,48.9000000000001,49.100000000000016,51.30000000000002,53.100000000000044,51.50000000000002,51.50000000000002,55.300000000000075,53.100000000000044
55200,25,47.900000000000084,47.100000000000016,49.40000000000002,46.20000000000003,49.100000000000016,51.40000000000002,54.30000000000006,53.100000000000044
55200,26,46.600000000000065,50.60000000000001,49.100000000000016,39.800000000000026,51.40000000000002,51.20000000000002,52.600000000000065,53.100000000000044
55200,27,56.10000000000009,50.90000000000001,51.60000000000002,53.00000000000004,51.60000000000002,51.30000000000002,42.500000000000064,48.90000000000004
55200,28,51.300000000000075,51.100000000000016,49.30000000000002,53.30000000000005,49.50000000000002,49.30000000000002,52.40000000000006,46.400000000000034
55200,29,38.70000000000007,49.20000000000002,49.100000000000016,52.500000000000036,49.20000000000002,51.20000000000002,53.30000000000005,52.60000000000004
55800,0,41.40000000000005,50.90000000000001,51.100000000000016,50.30000000000003,49.20000000000002,51.40000000000002,53.200000000000045,48.00000000000003
55800,1,48.500000000000064,49.000000000000014,43.20000000000002,45.90000000000003,51.30000000000002,51.100000000000016,51.30000000000005,52.400000000000034
55800,2,52.50000000000009,51.000000000000014,51.50000000000002,50.60000000000004,51.90000000000003,45.100000000000016,52.70000000000007,53.200000000000045
55800,3,51.80000000000008,51.30000000000002,49.40000000000002,52.80000000000004,51.700000000000024,47.30000000000002,50.500000000000064,52.80000000000004
55800,4,45.40000000000008,51.000000000000014,49.700000000000024,52.60000000000004,51.60000000000002,51.40000000000002,55.200000000000074,53.40000000000005
55800,5,52.000000000000085,51.40000000000002,49.30000000000002,53.200000000000045,51.800000000000026,51.50000000000002,51.10000000000007,53.50000000000005
55800,6,53.60000000000008,51.20000000000002,51.50000000000002,48.500000000000036,47.000000000000014,49.30000000000002,43.60000000000005,52.60000000000004
55800,7,53.300000000000075,48.70000000000001,51.30000000000002,52.500000000000036,51.700000000000024,49.100000000000016,27.900000000000055,51.100000000000044
55800,8,42.20000000000006,48.60000000000001,49.20000000000002,50.20000000000003,49.40000000000002,49.000000000000014,51.60000000000005,50.70000000000004
55800,9,53.900000000000084,51.20000000000002,51.40000000000002,50.20000000000003,51.30000000000002,51.30000000000002,46.30000000000006,40.500000000000036
55800,10,54.10000000000009,51.30000000000002,45.40000000000002,51.100000000000044,51.50000000000002,49.800000000000026,55.10000000000007,53.200000000000045
55800,11,40.00000000000006,48.80000000000001,51.100000000000016,53.200000000000045,49.40000000000002,49.000000000000014,52.00000000000006,50.90000000000004
55800,12,50.9000000000001,47.100000000000016,49.30000000000002,51.30000000000005,51.700000000000024,51.800000000000026,55.50000000000008,53.70000000000005
55800,13,48.600000000000065,51.000000000000014,51.30000000000002,41.40000000000002,49.100000000000016,51.40000000000002,52.10000000000006,50.80000000000004
55800,14,53.60000000000008,51.20000000000002,51.60000000000002,46.60000000000004,40.80000000000001,49.40000000000002,52.600000000000065,53.100000000000044
55800,15,53.70000000000008,51.20000000000002,51.40000000000002,52.80000000000004,51.700000000000024,51.40000000000002,53.10000000000007,40.90000000000004
55800,16,52.600000000000065,48.90000000000001,51.40000000000002,50.30000000000003,51.30000000000002,43.000000000000014,40.20000000000006,48.80000000000004
55800,17,51.10000000000007,50.80000000000001,47.40000000000002,44.20000000000003,42.90000000000001,49.40000000000002,50.00000000000006,52.500000000000036
55800,18,44.40000000000006,48.90000000000001,51.40000000000002,50.30000000000003,51.30000000000002,49.50000000000002,54.10000000000006,50.400000000000034
55800,19,56.20000000000009,51.100000000000016,51.30000000000002,53.200000000000045,51.50000000000002,49.60000000000002,48.40000000000006,44.20000000000003
55800,20,45.40000000000008,51.20000000000002,51.40000000000002,51.100000000000044,49.40000000000002,51.50000000000002,54.500000000000064,53.200000000000045
55800,21,49.10000000000007,44.400000000000006,49.60000000000002,48.400000000000034,51.50000000000002,51.40000000000002,54.600000000000065,49.00000000000004
55800,22,52.30000000000006,51.000000000000014,51.20000000000002,52.30000000000003,51.20000000000002,49.40000000000002,37.200000000000045,49.100000000000044
55800,23,53.10000000000007,51.100000000000016,50.90000000000001,52.70000000000004,49.50000000000002,51.30000000000002,46.10000000000006,40.30000000000003
55800,24,49.0000000000001,49.100000000000016,51.40000000000002,53.100000000000044,51.50000000000002,51.60000000000002,55.300000000000075,53.100000000000044
55800,25,47.900000000000084,47.100000000000016,47.40000000000002,46.20000000000003,49.100000000000016,51.50000000000002,54.30000000000006,53.100000000000044
55800,26,46.70000000000007,50.60000000000001,49.20000000000002,39.800000000000026,51.40000000000002,51.30000000000002,52.600000000000065,53.100000000000044
55800,27,56.20000000000009,50.90000000000001,51.700000000000024,53.00000000000004,51.60000000000002,51.40000000000002,42.500000000000064,48.90000000000004
55800,28,51.40000000000008,51.100000000000016,49.40000000000002,53.30000000000005,49.50000000000002,49.40000000000002,52.40000000000006,46.400000000000034
55800,29,38.80000000000007,49.20000000000002,49.20000000000002,52.500000000000036,49.20000000000002,51.30000000000002,53.30000000000005,52.60000000000004
56400,0,41.50000000000005,51.000000000000014,51.30000000000002,50.30000000000003,49.20000000000002,51.50000000000002,53.50000000000005,48.20000000000003
56400,1,48.500000000000064,49.000000000000014,41.30000000000002,45.90000000000003,51.30000000000002,51.20000000000002,51.50000000000005,52.60000000000004
56400,2,52.600000000000094,51.100000000000016,51.700000000000024,50.60000000000004,51.90000000000003,45.20000000000002,53.00000000000007,53.40000000000005
56400,3,51.900000000000084,51.40000000000002,49.60000000000002,52.80000000000004,51.700000000000024,47.40000000000002,50.80000000000007,53.00000000000004
56400,4,45.50000000000008,51.100000000000016,49.90000000000003,52.60000000000004,51.60000000000002,51.50000000000002,55.50000000000008,53.60000000000005
56400,5,52.10000000000009,51.50000000000002,49.50000000000002,53.200000000000045,51.800000000000026,51.60000000000002,51.40000000000008,53.70000000000005
56400,6,53.60000000000008,51.20000000000002,51.700000000000024,48.500000000000036,47.000000000000014,49.40000000000002,41.800000000000054,52.80000000000004
56400,7,53.300000000000075,48.70000000000001,51.40000000000002,52.500000000000036,51.700000000000024,49.20000000000002,26.000000000000057,51.30000000000005
56400,8,42.30000000000006,48.70000000000001,49.40000000000002,50.20000000000003,49.40000000000002,49.100000000000016,51.900000000000055,50.90000000000004
56400,9,53.900000000000084,51.20000000000002,51.40000000000002,50.20000000000003,51.30000000000002,51.30000000000002,46.30000000000006,40.500000000000036
56400,10,54.20000000000009,51.40000000000002,45.60000000000002,51.100000000000044,51.50000000000002,49.90000000000003,55.40000000000008,53.40000000000005
56400,11,40.10000000000006,48.90000000000001,51.100000000000016,53.200000000000045,49.40000000000002,49.000000000000014,52.10000000000006,50.90000000000004
56400,12,51.0000000000001,47.20000000000002,49.50000000000002,51.30000000000005,51.700000000000024,51.90000000000003,55.80000000000008,53.900000000000055
56400,13,48.70000000000007,51.100000000000016,51.50000000000002,41.40000000000002,49.100000000000016,51.50000000000002,52.40000000000006,51.00000000000004
56400,14,53.70000000000008,51.30000000000002,51.800000000000026,46.60000000000004,40.80000000000001,49.50000000000002,52.90000000000007,53.30000000000005
56400,15,53.80000000000008,51.30000000000002,51.60000000000002,52.80000000000004,51.700000000000024,51.50000000000002,53.40000000000008,41.100000000000044
56400,16,50.600000000000065,48.90000000000001,51.50000000000002,50.30000000000003,51.30000000000002,43.000000000000014,40.30000000000006,48.80000000000004
56400,17,51.200000000000074,50.90000000000001,47.60000000000002,44.20000000000003,42.90000000000001,49.50000000000002,50.30000000000006,52.70000000000004
56400,18,44.40000000000006,48.90000000000001,49.40000000000002,50.30000000000003,51.30000000000002,49.50000000000002,54.20000000000006,50.400000000000034
56400,19,56.30000000000009,51.20000000000002,51.50000000000002,53.200000000000045,51.50000000000002,49.700000000000024,48.70000000000007,44.400000000000034
56400,20,45.50000000000008,51.30000000000002,51.60000000000002,51.100000000000044,49.40000000000002,51.60000000000002,54.80000000000007,53.40000000000005
56400,21,49.200000000000074,42.400000000000006,49.800000000000026,48.400000000000034,51.50000000000002,51.50000000000002,54.90000000000007,49.200000000000045
56400,22,52.40000000000006,51.100000000000016,51.30000000000002,52.30000000000003,51.20000000000002,49.40000000000002,35.40000000000005,49.100000000000044
56400,23,53.10000000000007,51.100000000000016,51.000000000000014,52.70000000000004,49.50000000000002,51.40000000000002,46.20000000000006,38.30000000000003
56400,24,49.1000000000001,49.20000000000002,51.60000000000002,53.100000000000044,51.50000000000002,51.700000000000024,55.60000000000008,53.30000000000005
56400,25,48.000000000000085,47.20000000000002,47.60000000000002,46.20000000000003,49.100000000000016,51.60000000000002,54.500000000000064,53.30000000000005
56400,26,46.70000000000007,50.60000000000001,49.30000000000002,39.800000000000026,51.40000000000002,51.40000000000002,52.70000000000007,51.200000000000045
56400,27,56.30000000000009,51.000000000000014,51.90000000000003,53.00000000000004,51.60000000000002,51.50000000000002,42.80000000000007,49.100000000000044
56400,28,51.50000000000008,51.20000000000002,49.60000000000002,53.30000000000005,49.50000000000002,49.50000000000002,52.70000000000007,46.60000000000004
56400,29,38.80000000000007,49.20000000000002,49.30000000000002,52.500000000000036,49.20000000000002,49.30000000000002,53.40000000000005,52.60000000000004
57000,0,41.70000000000005,51.000000000000014,51.30000000000002,50.30000000000003,49.20000000000002,51.50000000000002,53.70000000000005,48.20000000000003
57000,1,48.500000000000064,49.000000000000014,41.30000000000002,45.90000000000003,51.30000000000002,51.20000000000002,51.50000000000005,52.60000000000004
57000,2,52.8000000000001,51.100000000000016,51.700000000000024,50.60000000000004,51.90000000000003,45.20000000000002,53.200000000000074,53.40000000000005
57000,3,52.10000000000009,51.40000000000002,49.60000000000002,52.80000000000004,51.700000000000024,47.40000000000002,51.00000000000007,53.00000000000004
57000,4,45.70000000000008,51.100000000000016,49.90000000000003,52.60000000000004,51.60000000000002,51.50000000000002,55.70000000000008,53.60000000000005
57000,5,52.30000000000009,51.50000000000002,49.50000000000002,53.200000000000045,51.800000000000026,51.60000000000002,51.60000000000008,53.70000000000005
57000,6,53.60000000000008,51.20000000000002,51.700000000000024,48.500000000000036,47.000000000000014,49.40000000000002,41.800000000000054,52.80000000000004
57000,7,53.50000000000008,48.70000000000001,51.40000000000002,52.500000000000036,51.700000000000024,49.20000000000002,24.10000000000006,51.30000000000005
57000,8,42.500000000000064,48.70000000000001,49.40000000000002,50.20000000000003,49.40000000000002,49.100000000000016,52.10000000000006,50.90000000000004
57000,9,53.900000000000084,51.20000000000002,51.40000000000002,50.20000000000003,51.30000000000002,51.30000000000002,46.40000000000006,40.500000000000036
57000,10,54.40000000000009,51.40000000000002,45.60000000000002,51.100000000000044,51.50000000000002,49.90000000000003,55.60000000000008,53.40000000000005
57000,11,40.30000000000006,48.90000000000001,51.100000000000016,53.200000000000045,49.40000000000002,49.000000000000014,52.30000000000006,50.90000000000004
57000,12,51.2000000000001,47.20000000000002,49.50000000000002,51.30000000000005,51.700000000000024,51.90000000000003,56.000000000000085,53.900000000000055
57000,13,48.90000000000007,51.100000000000016,51.50000000000002,41.40000000000002,49.100000000000016,51.50000000000002,52.600000000000065,51.00000000000004
57000,14,51.70000000000008,51.30000000000002,51.800000000000026,46.60000000000004,40.80000000000001,49.50000000000002,53.00000000000007,53.30000000000005
57000,15,54.000000000000085,51.30000000000002,51.60000000000002,52.80000000000004,51.700000000000024,51.50000000000002,53.60000000000008,41.100000000000044
57000,16,50.600000000000065,48.90000000000001,51.50000000000002,50.30000000000003,51.30000000000002,43.000000000000014,40.30000000000006,48.80000000000004
57000,17,51.40000000000008,50.90000000000001,47.60000000000002,44.20000000000003,42.90000000000001,49.50000000000002,50.500000000000064,52.70000000000004
57000,18,44.40000000000006,48.90000000000001,49.40000000000002,50.30000000000003,51.30000000000002,49.50000000000002,54.30000000000006,50.400000000000034
57000,19,56.50000000000009,51.20000000000002,51.50000000000002,53.200000000000045,51.50000000000002,49.700000000000024,48.90000000000007,44.400000000000034
57000,20,45.70000000000008,51.30000000000002,51.60000000000002,51.100000000000044,49.40000000000002,51.60000000000002,55.00000000000007,53.40000000000005
57000,21,49.200000000000074,42.400000000000006,49.800000000000026,48.400000000000034,51.50000000000002,51.50000000000002,54.90000000000007,49.200000000000045
57000,22,52.600000000000065,51.100000000000016,51.30000000000002,52.30000000000003,51.20000000000002,49.40000000000002,35.60000000000005,49.100000000000044
57000,23,53.10000000000007,51.100000000000016,51.000000000000014,52.70000000000004,49.50000000000002,51.40000000000002,46.20000000000006,38.30000000000003
57000,24,47.2000000000001,49.20000000000002,51.60000000000002,53.100000000000044,51.50000000000002,51.700000000000024,55.70000000000008,53.30000000000005
57000,25,48.000000000000085,47.20000000000002,47.60000000000002,46.20000000000003,49.100000000000016,51.60000000000002,52.500000000000064,53.30000000000005
57000,26,46.70000000000007,50.60000000000001,49.30000000000002,39.800000000000026,51.40000000000002,51.40000000000002,52.70000000000007,51.200000000000045
57000,27,56.50000000000009,51.000000000000014,51.90000000000003,53.00000000000004,51.60000000000002,51.50000000000002,43.00000000000007,49.100000000000044
57000,28,51.70000000000008,51.20000000000002,49.60000000000002,53.30000000000005,49.50000000000002,49.50000000000002,52.90000000000007,46.60000000000004
57000,29,39.00000000000007,49.20000000000002,49.30000000000002,52.500000000000036,49.20000000000002,49.30000000000002,53.60000000000005,52.60000000000004
57600,0,41.800000000000054,51.000000000000014,51.30000000000002,50.30000000000003,49.20000000000002,51.60000000000002,53.800000000000054,48.20000000000003
57600,1,48.500000000000064,49.000000000000014,41.30000000000002,45.90000000000003,51.30000000000002,51.20000000000002,51.50000000000005,52.60000000000004
57600,2,52.9000000000001,51.100000000000016,51.700000000000024,50.60000000000004,51.90000000000003,45.30000000000002,53.300000000000075,53.40000000000005
57600,3,52.20000000000009,51.40000000000002,49.60000000000002,52.80000000000004,51.700000000000024,47.50000000000002,51.10000000000007,53.00000000000004
57600,4,45.80000000000008,51.100000000000016,49.90000000000003,52.60000000000004,51.60000000000002,51.60000000000002,55.80000000000008,53.60000000000005
57600,5,52.40000000000009,51.50000000000002,49.50000000000002,53.200000000000045,51.800000000000026,51.700000000000024,51.70000000000008,53.70000000000005
57600,6,53.60000000000008,51.20000000000002,51.700000000000024,48.500000000000036,47.000000000000014,49.50000000000002,41.800000000000054,52.80000000000004
57600,7,53.60000000000008,48.70000000000001,51.40000000000002,52.500000000000036,51.700000000000024,49.30000000000002,24.20000000000006,51.30000000000005
57600,8,42.600000000000065,48.70000000000001,49.40000000000002,50.20000000000003,49.40000000000002,49.20000000000002,52.20000000000006,50.90000000000004
57600,9,53.900000000000084,51.20000000000002,51.40000000000002,50.20000000000003,51.30000000000002,51.30000000000002,44.40000000000006,40.500000000000036
57600,10,54.50000000000009,51.40000000000002,45.60000000000002,51.100000000000044,51.50000000000002,50.00000000000003,55.70000000000008,53.40000000000005
57600,11,40.40000000000006,48.90000000000001,51.100000000000016,53.200000000000045,49.40000000000002,49.100000000000016,52.40000000000006,50.90000000000004
57600,12,51.300000000000104,47.20000000000002,49.50000000000002,51.30000000000005,51.700000000000024,52.00000000000003,56.10000000000009,53.900000000000055
57600,13,49.00000000000007,51.100000000000016,51.50000000000002,41.40000000000002,49.100000000000016,51.60000000000002,52.70000000000007,51.00000000000004
57600,14,51.70000000000008,51.30000000000002,51.800000000000026,46.60000000000004,40.80000000000001,49.60000000000002,53.00000000000007,53.30000000000005
57600,15,54.10000000000009,51.30000000000002,51.60000000000002,52.80000000000004,51.700000000000024,51.60000000000002,53.70000000000008,41.100000000000044
57600,16,50.600000000000065,48.90000000000001,51.50000000000002,50.30000000000003,51.30000000000002,43.000000000000014,40.30000000000006,48.80000000000004
57600,17,51.50000000000008,50.90000000000001,47.60000000000002,44.20000000000003,42.90000000000001,49.60000000000002,50.600000000000065,52.70000000000004
57600,18,44.500000000000064,48.90000000000001,49.40000000000002,50.30000000000003,51.30000000000002,49.60000000000002,54.40000000000006,50.400000000000034
57600,19,56.600000000000094,51.20000000000002,51.50000000000002,53.200000000000045,51.50000000000002,49.800000000000026,49.00000000000007,44.400000000000034
57600,20,45.80000000000008,51.30000000000002,51.60000000000002,51.100000000000044,49.40000000000002,51.700000000000024,55.10000000000007,53.40000000000005
57600,21,49.200000000000074,42.400000000000006,49.800000000000026,48.400000000000034,51.50000000000002,51.60000000000002,54.90000000000007,49.200000000000045
57600,22,52.70000000000007,51.100000000000016,51.30000000000002,52.30000000000003,51.20000000000002,49.50000000000002,35.70000000000005,49.100000000000044
57600,23,53.200000000000074,51.100000000000016,51.000000000000014,52.70000000000004,49.50000000000002,49.40000000000002,46.30000000000006,38.30000000000003
57600,24,47.2000000000001,49.20000000000002,51.60000000000002,53.100000000000044,51.50000000000002,51.700000000000024,55.70000000000008,53.30000000000005
57600,25,48.10000000000009,47.20000000000002,47.60000000000002,46.20000000000003,49.100000000000016,51.700000000000024,52.600000000000065,53.30000000000005
57600,26,46.70000000000007,50.60000000000001,49.30000000000002,39.800000000000026,51.40000000000002,51.40000000000002,52.70000000000007,51.200000000000045
57600,27,56.600000000000094,51.000000000000014,51.90000000000003,53.00000000000004,51.60000000000002,51.60000000000002,43.10000000000007,49.100000000000044
57600,28,51.80000000000008,51.20000000000002,49.60000000000002,53.30000000000005,49.50000000000002,49.60000000000002,53.00000000000007,46.60000000000004
57600,29,37.00000000000007,49.20000000000002,49.30000000000002,52.500000000000036,49.20000000000002,49.30000000000002,53.70000000000005,52.60000000000004
58200,0,41.900000000000055,51.000000000000014,51.30000000000002,50.500000000000036,49.20000000000002,51.60000000000002,53.900000000000055,48.30000000000003
58200,1,48.600000000000065,49.000000000000014,41.30000000000002,46.10000000000003,51.30000000000002,51.20000000000002,51.60000000000005,52.70000000000004
58200,2,53.0000000000001,51.100000000000016,51.700000000000024,50.80000000000004,51.90000000000003,45.30000000000002,53.40000000000008,53.50000000000005
58200,3,52.30000000000009,51.40000000000002,49.60000000000002,53.00000000000004,51.700000000000024,47.50000000000002,51.200000000000074,53.100000000000044
58200,4,45.900000000000084,51.100000000000016,49.90000000000003,52.80000000000004,51.60000000000002,51.60000000000002,55.900000000000084,53.70000000000005
58200,5,52.50000000000009,51.50000000000002,49.50000000000002,53.40000000000005,51.800000000000026,51.700000000000024,51.80000000000008,53.800000000000054
58200,6,53.70000000000008,51.20000000000002,51.700000000000024,48.70000000000004,47.000000000000014,49.50000000000002,41.900000000000055,52.90000000000004
58200,7,53.60000000000008,48.70000000000001,51.40000000000002,52.500000000000036,51.700000000000024,49.30000000000002,24.20000000000006,49.30000000000005
58200,8,40.600000000000065,48.70000000000001,49.40000000000002,50.400000000000034,49.40000000000002,49.20000000000002,52.30000000000006,51.00000000000004
58200,9,53.900000000000084,51.20000000000002,51.40000000000002,50.20000000000003,51.30000000000002,51.30000000000002,42.40000000000006,40.60000000000004
58200,10,54.600000000000094,51.40000000000002,45.60000000000002,51.30000000000005,51.50000000000002,50.00000000000003,55.80000000000008,53.50000000000005
58200,11,40.500000000000064,48.90000000000001,51.100000000000016,53.40000000000005,49.40000000000002,49.100000000000016,52.500000000000064,51.00000000000004
58200,12,51.400000000000105,47.20000000000002,49.50000000000002,51.50000000000005,51.700000000000024,52.00000000000003,56.20000000000009,54.00000000000006
58200,13,49.00000000000007,51.100000000000016,51.50000000000002,39.50000000000002,49.100000000000016,51.60000000000002,52.80000000000007,51.100000000000044
58200,14,51.80000000000008,51.30000000000002,51.800000000000026,46.80000000000004,40.80000000000001,49.60000000000002,53.10000000000007,53.40000000000005
58200,15,54.20000000000009,51.30000000000002,51.60000000000002,53.00000000000004,51.700000000000024,51.60000000000002,53.80000000000008,41.200000000000045
58200,16,50.600000000000065,48.90000000000001,51.50000000000002,50.30000000000003,51.30000000000002,43.000000000000014,40.30000000000006,48.80000000000004
58200,17,51.50000000000008,50.90000000000001,47.60000000000002,42.20000000000003,42.90000000000001,49.60000000000002,50.70000000000007,52.80000000000004
58200,18,44.600000000000065,48.90000000000001,49.40000000000002,50.500000000000036,51.30000000000002,49.60000000000002,54.500000000000064,50.500000000000036
58200,19,56.700000000000095,51.20000000000002,51.50000000000002,53.40000000000005,51.50000000000002,49.800000000000026,49.10000000000007,44.500000000000036
58200,20,45.900000000000084,51.30000000000002,51.60000000000002,51.30000000000005,49.40000000000002,51.700000000000024,55.200000000000074,53.50000000000005
58200,21,49.300000000000075,42.400000000000006,49.800000000000026,48.60000000000004,51.50000000000002,51.60000000000002,55.00000000000007,49.30000000000005
58200,22,52.80000000000007,51.100000000000016,51.30000000000002,52.500000000000036,51.20000000000002,49.50000000000002,35.800000000000054,49.200000000000045
58200,23,53.200000000000074,51.100000000000016,51.000000000000014,52.70000000000004,49.50000000000002,49.40000000000002,46.30000000000006,38.30000000000003
58200,24,47.300000000000104,49.20000000000002,51.60000000000002,53.100000000000044,51.50000000000002,51.700000000000024,55.70000000000008,53.30000000000005
58200,25,48.20000000000009,47.20000000000002,47.60000000000002,46.400000000000034,49.100000000000016,51.700000000000024,52.70000000000007,53.40000000000005
58200,26,46.70000000000007,50.60000000000001,49.30000000000002,39.800000000000026,51.40000000000002,51.40000000000002,52.70000000000007,51.200000000000045
58200,27,56.700000000000095,51.000000000000014,51.90000000000003,53.200000000000045,51.60000000000002,51.60000000000002,43.200000000000074,49.200000000000045
58200,28,51.900000000000084,51.20000000000002,49.60000000000002,53.50000000000005,49.50000000000002,49.60000000000002,53.10000000000007,46.70000000000004
58200,29,37.10000000000007,49.20000000000002,49.30000000000002,52.500000000000036,49.20000000000002,49.30000000000002,53.70000000000005,52.60000000000004
58800,0,42.00000000000006,51.000000000000014,51.30000000000002,50.500000000000036,49.40000000000002,51.60000000000002,54.20000000000006,48.30000000000003
58800,1,48.70000000000007,49.000000000000014,41.30000000000002,46.10000000000003,51.50000000000002,51.20000000000002,51.900000000000055,52.70000000000004
58800,2,53.1000000000001,51.100000000000016,51.700000000000024,50.80000000000004,52.10000000000003,45.30000000000002,53.70000000000008,53.50000000000005
58800,3,52.40000000000009,51.40000000000002,49.60000000000002,53.00000000000004,51.90000000000003,47.50000000000002,51.50000000000008,53.100000000000044
58800,4,46.000000000000085,51.100000000000016,49.90000000000003,52.80000000000004,51.800000000000026,51.60000000000002,56.20000000000009,53.70000000000005
58800,5,52.600000000000094,51.50000000000002,49.50000000000002,53.40000000000005,52.00000000000003,51.700000000000024,52.10000000000009,53.800000000000054
58800,6,53.80000000000008,51.20000000000002,51.700000000000024,48.70000000000004,47.20000000000002,49.50000000000002,42.20000000000006,52.90000000000004
58800,7,53.60000000000008,48.70000000000001,51.40000000000002,52.500000000000036,51.700000000000024,49.30000000000002,24.20000000000006,49.30000000000005
58800,8,40.600000000000065,48.70000000000001,49.40000000000002,50.400000000000034,49.40000000000002,49.20000000000002,52.30000000000006,51.00000000000004
58800,9,54.000000000000085,51.20000000000002,51.40000000000002,50.20000000000003,51.40000000000002,51.30000000000002,40.40000000000006,40.60000000000004
58800,10,54.700000000000095,51.40000000000002,45.60000000000002,51.30000000000005,51.700000000000024,50.00000000000003,56.10000000000009,53.50000000000005
58800,11,38.500000000000064,48.90000000000001,51.100000000000016,53.40000000000005,49.50000000000002,49.100000000000016,52.70000000000007,51.00000000000004
58800,12,51.50000000000011,47.20000000000002,49.50000000000002,51.50000000000005,51.90000000000003,52.00000000000003,56.50000000000009,54.00000000000006
58800,13,49.00000000000007,51.100000000000016,51.50000000000002,39.50000000000002,49.20000000000002,51.60000000000002,52.90000000000007,51.100000000000044
58800,14,51.900000000000084,51.30000000000002,51.800000000000026,46.80000000000004,38.90000000000001,49.60000000000002,53.300000000000075,53.40000000000005
58800,15,54.30000000000009,51.30000000000002,51.60000000000002,53.00000000000004,51.90000000000003,51.60000000000002,54.10000000000009,41.200000000000045
58800,16,50.600000000000065,48.90000000000001,51.50000000000002,50.30000000000003,51.30000000000002,43.000000000000014,40.30000000000006,48.80000000000004
58800,17,51.50000000000008,50.90000000000001,47.60000000000002,42.20000000000003,42.90000000000001,49.60000000000002,50.70000000000007,52.80000000000004
58800,18,44.600000000000065,48.90000000000001,49.40000000000002,50.500000000000036,51.30000000000002,49.60000000000002,52.500000000000064,50.500000000000036
58800,19,56.8000000000001,51.20000000000002,51.50000000000002,53.40000000000005,51.700000000000024,49.800000000000026,49.40000000000008,44.500000000000036
58800,20,46.000000000000085,51.30000000000002,51.60000000000002,51.30000000000005,49.60000000000002,51.700000000000024,55.50000000000008,53.50000000000005
58800,21,49.40000000000008,42.400000000000006,49.800000000000026,48.60000000000004,51.700000000000024,51.60000000000002,55.300000000000075,49.30000000000005
58800,22,52.80000000000007,51.100000000000016,51.30000000000002,52.500000000000036,51.30000000000002,49.50000000000002,34.00000000000006,49.200000000000045
58800,23,53.300000000000075,51.100000000000016,51.000000000000014,52.70000000000004,49.700000000000024,49.40000000000002,46.600000000000065,38.30000000000003
58800,24,47.400000000000105,49.20000000000002,51.60000000000002,53.100000000000044,51.700000000000024,51.700000000000024,56.000000000000085,53.30000000000005
58800,25,48.20000000000009,47.20000000000002,47.60000000000002,46.400000000000034,47.100000000000016,51.700000000000024,52.90000000000007,53.40000000000005
58800,26,46.80000000000007,50.60000000000001,49.30000000000002,39.800000000000026,51.50000000000002,51.40000000000002,52.80000000000007,51.200000000000045
58800,27,56.8000000000001,51.000000000000014,51.90000000000003,53.200000000000045,51.800000000000026,51.60000000000002,43.50000000000008,49.200000000000045
58800,28,52.000000000000085,51.20000000000002,49.60000000000002,53.50000000000005,49.700000000000024,49.60000000000002,53.40000000000008,46.70000000000004
58800,29,37.200000000000074,49.20000000000002,49.30000000000002,52.500000000000036,49.40000000000002,49.30000000000002,54.00000000000006,52.60000000000004
59400,0,42.00000000000006,51.100000000000016,51.30000000000002,50.500000000000036,49.40000000000002,51.700000000000024,54.30000000000006,48.30000000000003
59400,1,48.70000000000007,49.100000000000016,41.30000000000002,46.10000000000003,51.50000000000002,51.30000000000002,52.00000000000006,52.70000000000004
59400,2,53.1000000000001,51.20000000000002,51.700000000000024,50.80000000000004,52.10000000000003,45.40000000000002,53.80000000000008,53.50000000000005
59400,3,52.40000000000009,51.50000000000002,49.60000000000002,53.00000000000004,51.90000000000003,47.60000000000002,51.60000000000008,53.100000000000044
59400,4,46.000000000000085,51.20000000000002,49.90000000000003,52.80000000000004,51.800000000000026,51.700000000000024,56.30000000000009,53.70000000000005
59400,5,52.600000000000094,51.60000000000002,49.50000000000002,53.40000000000005,52.00000000000003,51.800000000000026,52.20000000000009,53.800000000000054
59400,6,53.80000000000008,51.30000000000002,51.700000000000024,48.70000000000004,47.20000000000002,49.60000000000002,42.30000000000006,52.90000000000004
59400,7,53.60000000000008,48.70000000000001,51.40000000000002,52.500000000000036,51.700000000000024,49.40000000000002,24.30000000000006,49.30000000000005
59400,8,40.600000000000065,48.70000000000001,49.40000000000002,50.400000000000034,49.40000000000002,49.20000000000002,52.30000000000006,51.00000000000004
59400,9,54.000000000000085,51.20000000000002,51.40000000000002,50.20000000000003,51.40000000000002,51.30000000000002,40.40000000000006,40.60000000000004
59400,10,54.700000000000095,51.50000000000002,45.60000000000002,51.30000000000005,51.700000000000024,50.10000000000003,56.20000000000009,53.50000000000005
59400,11,38.500000000000064,48.90000000000001,51.100000000000016,53.40000000000005,49.50000000000002,49.100000000000016,52.70000000000007,51.00000000000004
59400,12,51.50000000000011,47.30000000000002,49.50000000000002,51.50000000000005,51.90000000000003,52.10000000000003,56.600000000000094,54.00000000000006
59400,13,49.00000000000007,51.20000000000002,51.50000000000002,39.50000000000002,49.20000000000002,51.700000000000024,53.00000000000007,51.100000000000044
59400,14,51.900000000000084,51.30000000000002,51.800000000000026,46.80000000000004,38.90000000000001,49.60000000000002,53.300000000000075,53.40000000000005
59400,15,54.30000000000009,51.40000000000002,51.60000000000002,53.00000000000004,51.90000000000003,51.700000000000024,54.20000000000009,41.200000000000045
59400,16,50.600000000000065,48.90000000000001,51.50000000000002,50.30000000000003,51.30000000000002,43.100000000000016,40.30000000000006,48.80000000000004
59400,17,51.50000000000008,50.90000000000001,47.60000000000002,42.20000000000003,42.90000000000001,49.700000000000024,50.80000000000007,52.80000000000004
59400,18,44.600000000000065,48.90000000000001,49.40000000000002,50.500000000000036,51.30000000000002,49.60000000000002,52.500000000000064,50.500000000000036
59400,19,56.8000000000001,51.30000000000002,51.50000000000002,53.40000000000005,51.700000000000024,49.90000000000003,49.50000000000008,44.500000000000036
59400,20,46.000000000000085,51.40000000000002,51.60000000000002,51.30000000000005,49.60000000000002,51.800000000000026,55.60000000000008,53.50000000000005
59400,21,49.40000000000008,40.400000000000006,49.800000000000026,48.60000000000004,51.700000000000024,51.60000000000002,55.300000000000075,49.30000000000005
59400,22,52.80000000000007,51.20000000000002,51.30000000000002,52.500000000000036,51.30000000000002,47.50000000000002,34.10000000000006,49.200000000000045
59400,23,53.300000000000075,51.20000000000002,51.000000000000014,52.70000000000004,49.700000000000024,49.50000000000002,46.70000000000007,38.30000000000003
59400,24,47.400000000000105,49.30000000000002,51.60000000000002,53.100000000000044,51.700000000000024,51.800000000000026,56.10000000000009,53.30000000000005
59400,25,48.20000000000009,47.20000000000002,47.60000000000002,46.400000000000034,47.100000000000016,51.700000000000024,52.90000000000007,53.40000000000005
59400,26,46.80000000000007,50.70000000000001,49.30000000000002,39.800000000000026,51.50000000000002,51.50000000000002,52.90000000000007,51.200000000000045
59400,27,56.8000000000001,51.100000000000016,51.90000000000003,53.200000000000045,51.800000000000026,51.60000000000002,41.50000000000008,49.200000000000045
59400,28,52.000000000000085,51.30000000000002,49.60000000000002,53.50000000000005,49.700000000000024,49.700000000000024,53.50000000000008,46.70000000000004
59400,29,37.200000000000074,49.30000000000002,49.30000000000002,52.500000000000036,49.40000000000002,49.40000000000002,54.10000000000006,52.60000000000004
60000,0,42.20000000000006,51.100000000000016,51.40000000000002,50.60000000000004,49.50000000000002,51.700000000000024,54.500000000000064,48.400000000000034
60000,1,48.90000000000007,49.100000000000016,41.40000000000002,46.20000000000003,51.60000000000002,51.30000000000002,52.20000000000006,52.80000000000004
60000,2,53.300000000000104,51.20000000000002,51.800000000000026,50.90000000000004,52.20000000000003,45.40000000000002,54.000000000000085,53.60000000000005
60000,3,52.600000000000094,51.50000000000002,49.700000000000024,53.100000000000044,52.00000000000003,47.60000000000002,51.80000000000008,53.200000000000045
60000,4,46.20000000000009,51.20000000000002,50.00000000000003,52.90000000000004,51.90000000000003,51.700000000000024,56.50000000000009,53.800000000000054
60000,5,52.8000000000001,51.60000000000002,49.60000000000002,53.50000000000005,52.10000000000003,51.800000000000026,52.40000000000009,53.900000000000055
60000,6,54.000000000000085,51.30000000000002,49.700000000000024,48.70000000000004,47.20000000000002,49.60000000000002,42.30000000000006,53.00000000000004
60000,7,53.80000000000008,48.70000000000001,51.50000000000002,52.60000000000004,51.800000000000026,49.40000000000002,22.30000000000006,49.40000000000005
60000,8,40.600000000000065,48.70000000000001,49.40000000000002,50.400000000000034,49.40000000000002,49.20000000000002,52.30000000000006,51.00000000000004
60000,9,54.000000000000085,51.20000000000002,51.40000000000002,50.20000000000003,51.40000000000002,51.30000000000002,40.40000000000006,40.60000000000004
60000,10,54.9000000000001,51.50000000000002,45.700000000000024,51.40000000000005,51.800000000000026,50.10000000000003,56.40000000000009,53.60000000000005
60000,11,38.500000000000064,48.90000000000001,51.100000000000016,53.40000000000005,49.50000000000002,49.100000000000016,52.70000000000007,51.00000000000004
60000,12,51.70000000000011,47.30000000000002,49.50000000000002,51.50000000000005,51.90000000000003,52.10000000000003,56.600000000000094,52.00000000000006
60000,13,49.200000000000074,51.20000000000002,51.60000000000002,39.60000000000002,49.30000000000002,51.700000000000024,53.200000000000074,51.200000000000045
60000,14,51.900000000000084,51.30000000000002,51.800000000000026,46.90000000000004,39.000000000000014,49.60000000000002,53.50000000000008,53.40000000000005
60000,15,54.50000000000009,51.40000000000002,51.700000000000024,53.100000000000044,52.00000000000003,51.700000000000024,54.40000000000009,41.30000000000005
60000,16,48.70000000000007,48.90000000000001,51.50000000000002,50.30000000000003,51.30000000000002,43.100000000000016,40.30000000000006,48.80000000000004
60000,17,51.70000000000008,50.90000000000001,47.700000000000024,42.30000000000003,43.000000000000014,49.700000000000024,51.00000000000007,52.90000000000004
60000,18,44.600000000000065,48.90000000000001,49.40000000000002,50.500000000000036,51.30000000000002,49.60000000000002,52.500000000000064,50.500000000000036
60000,19,57.0000000000001,51.30000000000002,51.60000000000002,53.50000000000005,51.800000000000026,49.90000000000003,49.70000000000008,44.60000000000004
60000,20,46.20000000000009,51.40000000000002,51.700000000000024,51.40000000000005,49.700000000000024,51.800000000000026,55.80000000000008,53.60000000000005
60000,21,49.40000000000008,40.400000000000006,49.800000000000026,48.70000000000004,51.800000000000026,51.60000000000002,55.50000000000008,49.30000000000005
60000,22,52.80000000000007,51.20000000000002,51.30000000000002,52.500000000000036,51.30000000000002,47.50000000000002,34.10000000000006,49.200000000000045
60000,23,53.50000000000008,51.20000000000002,51.100000000000016,52.80000000000004,49.800000000000026,49.50000000000002,46.90000000000007,38.400000000000034
60000,24,47.60000000000011,49.30000000000002,51.700000000000024,51.100000000000044,51.700000000000024,51.800000000000026,56.10000000000009,53.40000000000005
60000,25,48.40000000000009,47.20000000000002,47.700000000000024,46.500000000000036,45.100000000000016,51.700000000000024,52.90000000000007,53.50000000000005
60000,26,44.80000000000007,50.70000000000001,49.30000000000002,39.800000000000026,51.50000000000002,51.50000000000002,52.90000000000007,51.200000000000045
60000,27,56.8000000000001,51.100000000000016,51.90000000000003,53.200000000000045,51.800000000000026,51.60000000000002,41.50000000000008,49.200000000000045
60000,28,52.20000000000009,51.30000000000002,49.700000000000024,53.60000000000005,49.800000000000026,49.700000000000024,53.70000000000008,46.80000000000004
60000,29,37.40000000000008,49.30000000000002,49.40000000000002,52.60000000000004,49.50000000000002,49.40000000000002,52.20000000000006,52.70000000000004
60600,0,40.600000000000065,51.100000000000016,51.40000000000002,50.60000000000004,49.50000000000002,51.700000000000024,54.500000000000064,48.400000000000034
60600,1,49.40000000000008,49.100000000000016,41.40000000000002,46.20000000000003,51.60000000000002,51.30000000000002,52.20000000000006,52.80000000000004
60600,2,53.80000000000011,51.20000000000002,51.800000000000026,50.90000000000004,52.20000000000003,45.40000000000002,54.000000000000085,53.60000000000005
60600,3,53.1000000000001,51.50000000000002,49.700000000000024,53.100000000000044,52.00000000000003,47.60000000000002,51.80000000000008,53.200000000000045
60600,4,46.700000000000095,51.20000000000002,50.00000000000003,52.90000000000004,51.90000000000003,51.700000000000024,56.50000000000009,53.800000000000054
60600,5,53.300000000000104,51.60000000000002,49.60000000000002,53.50000000000005,52.10000000000003,51.800000000000026,52.40000000000009,53.900000000000055
60600,6,54.000000000000085,51.30000000000002,49.700000000000024,48.70000000000004,47.20000000000002,49.60000000000002,42.30000000000006,53.00000000000004
60600,7,54.20000000000009,48.70000000000001,51.50000000000002,52.60000000000004,51.800000000000026,49.40000000000002,22.30000000000006,49.40000000000005
60600,8,40.600000000000065,48.70000000000001,49.40000000000002,50.400000000000034,49.40000000000002,49.20000000000002,52.30000000000006,51.00000000000004
60600,9,52.20000000000009,51.20000000000002,51.40000000000002,50.20000000000003,51.40000000000002,51.30000000000002,40.40000000000006,40.60000000000004
60600,10,55.400000000000105,51.50000000000002,45.700000000000024,51.40000000000005,51.800000000000026,50.10000000000003,56.40000000000009,53.60000000000005
60600,11,36.600000000000065,48.90000000000001,51.100000000000016,53.40000000000005,49.50000000000002,49.100000000000016,52.70000000000007,51.00000000000004
60600,12,51.70000000000011,47.30000000000002,49.50000000000002,51.50000000000005,51.90000000000003,52.10000000000003,56.600000000000094,52.00000000000006
60600,13,47.40000000000008,51.20000000000002,51.60000000000002,39.60000000000002,49.30000000000002,51.700000000000024,53.200000000000074,51.200000000000045
60600,14,52.40000000000009,51.30000000000002,51.800000000000026,46.90000000000004,39.000000000000014,49.60000000000002,53.50000000000008,53.40000000000005
60600,15,55.0000000000001,51.40000000000002,51.700000000000024,53.100000000000044,52.00000000000003,51.700000000000024,54.40000000000009,41.30000000000005
60600,16,48.70000000000007,48.90000000000001,51.50000000000002,50.30000000000003,51.30000000000002,43.100000000000016,40.30000000000006,48.80000000000004
60600,17,52.20000000000009,50.90000000000001,47.700000000000024,42.30000000000003,43.000000000000014,49.700000000000024,51.00000000000007,52.90000000000004
60600,18,45.10000000000007,48.90000000000001,49.40000000000002,50.500000000000036,51.30000000000002,49.60000000000002,52.500000000000064,50.500000000000036
60600,19,57.50000000000011,51.30000000000002,51.60000000000002,53.50000000000005,51.800000000000026,49.90000000000003,49.70000000000008,44.60000000000004
60600,20,46.700000000000095,51.40000000000002,51.700000000000024,51.40000000000005,49.700000000000024,51.800000000000026,55.80000000000008,53.60000000000005
60600,21,47.40000000000008,40.400000000000006,49.800000000000026,48.70000000000004,51.800000000000026,51.60000000000002,55.50000000000008,49.30000000000005
60600,22,52.80000000000007,51.20000000000002,51.30000000000002,52.500000000000036,51.30000000000002,47.50000000000002,34.10000000000006,49.200000000000045
60600,23,54.000000000000085,51.20000000000002,51.100000000000016,52.80000000000004,49.800000000000026,49.50000000000002,46.90000000000007,38.400000000000034
60600,24,47.60000000000011,49.30000000000002,51.700000000000024,51.100000000000044,51.700000000000024,51.800000000000026,56.10000000000009,53.40000000000005
60600,25,48.40000000000009,47.20000000000002,47.700000000000024,46.500000000000036,45.100000000000016,51.700000000000024,52.90000000000007,53.50000000000005
60600,26,44.80000000000007,50.70000000000001,49.30000000000002,39.800000000000026,51.50000000000002,51.50000000000002,52.90000000000007,51.200000000000045
60600,27,56.8000000000001,51.100000000000016,51.90000000000003,53.200000000000045,51.800000000000026,51.60000000000002,41.50000000000008,49.200000000000045
60600,28,52.700000000000095,51.30000000000002,49.700000000000024,53.60000000000005,49.800000000000026,49.700000000000024,53.70000000000008,46.80000000000004
60600,29,37.40000000000008,49.30000000000002,49.40000000000002,52.60000000000004,49.50000000000002,49.40000000000002,52.20000000000006,52.70000000000004
61200,0,40.600000000000065,51.100000000000016,51.40000000000002,50.60000000000004,49.50000000000002,51.700000000000024,54.500000000000064,48.400000000000034
61200,1,47.40000000000008,49.100000000000016,41.50000000000002,46.20000000000003,51.60000000000002,51.30000000000002,52.30000000000006,52.80000000000004
61200,2,53.90000000000011,51.20000000000002,51.90000000000003,51.00000000000004,52.30000000000003,45.40000000000002,54.10000000000009,53.60000000000005
61200,3,53.2000000000001,51.50000000000002,49.800000000000026,53.200000000000045,52.10000000000003,47.60000000000002,51.900000000000084,53.200000000000045
61200,4,46.8000000000001,51.20000000000002,50.10000000000003,53.00000000000004,52.00000000000003,51.700000000000024,56.600000000000094,53.800000000000054
61200,5,53.400000000000105,51.60000000000002,49.700000000000024,53.60000000000005,52.20000000000003,51.800000000000026,52.50000000000009,53.900000000000055
61200,6,54.10000000000009,51.30000000000002,49.800000000000026,48.80000000000004,47.30000000000002,49.60000000000002,42.40000000000006,53.00000000000004
61200,7,54.20000000000009,48.70000000000001,51.50000000000002,52.60000000000004,51.800000000000026,49.40000000000002,20.30000000000006,49.40000000000005
61200,8,40.600000000000065,48.70000000000001,49.40000000000002,50.400000000000034,49.40000000000002,49.20000000000002,52.30000000000006,51.00000000000004
61200,9,52.20000000000009,51.20000000000002,51.40000000000002,50.20000000000003,51.40000000000002,51.30000000000002,40.40000000000006,40.60000000000004
61200,10,55.50000000000011,51.50000000000002,45.800000000000026,51.50000000000005,51.90000000000003,50.10000000000003,56.50000000000009,53.60000000000005
61200,11,36.600000000000065,48.90000000000001,51.100000000000016,53.40000000000005,49.50000000000002,49.100000000000016,52.70000000000007,51.00000000000004
61200,12,51.80000000000011,47.30000000000002,49.60000000000002,51.60000000000005,52.00000000000003,52.10000000000003,56.700000000000095,52.00000000000006
61200,13,47.40000000000008,51.20000000000002,51.60000000000002,39.60000000000002,49.30000000000002,51.700000000000024,53.200000000000074,51.200000000000045
61200,14,52.50000000000009,51.30000000000002,51.90000000000003,47.00000000000004,39.100000000000016,49.60000000000002,53.60000000000008,53.40000000000005
61200,15,55.1000000000001,51.40000000000002,51.800000000000026,53.200000000000045,52.10000000000003,51.700000000000024,54.50000000000009,41.30000000000005
61200,16,48.70000000000007,48.90000000000001,51.50000000000002,50.30000000000003,51.30000000000002,43.100000000000016,40.30000000000006,48.80000000000004
61200,17,52.30000000000009,50.90000000000001,47.800000000000026,42.30000000000003,41.000000000000014,49.700000000000024,51.10000000000007,52.90000000000004
61200,18,45.200000000000074,48.90000000000001,49.50000000000002,50.60000000000004,51.40000000000002,49.60000000000002,52.600000000000065,50.500000000000036
61200,19,57.60000000000011,51.30000000000002,51.700000000000024,53.60000000000005,51.90000000000003,49.90000000000003,49.80000000000008,44.60000000000004
61200,20,46.8000000000001,51.40000000000002,51.800000000000026,51.50000000000005,49.800000000000026,51.800000000000026,55.900000000000084,53.60000000000005
61200,21,47.40000000000008,40.400000000000006,49.800000000000026,48.70000000000004,51.800000000000026,51.60000000000002,55.50000000000008,49.30000000000005
61200,22,52.90000000000007,51.20000000000002,51.40000000000002,52.60000000000004,51.40000000000002,47.50000000000002,34.10000000000006,49.200000000000045
61200,23,54.10000000000009,51.20000000000002,51.20000000000002,52.90000000000004,49.90000000000003,49.50000000000002,47.00000000000007,38.400000000000034
61200,24,47.60000000000011,49.30000000000002,51.700000000000024,51.100000000000044,51.700000000000024,51.800000000000026,56.10000000000009,53.40000000000005
61200,25,48.40000000000009,47.20000000000002,47.700000000000024,46.500000000000036,45.100000000000016,51.700000000000024,52.90000000000007,53.50000000000005
61200,26,44.80000000000007,50.70000000000001,49.30000000000002,39.800000000000026,51.50000000000002,51.50000000000002,52.90000000000007,51.200000000000045
61200,27,56.8000000000001,51.100000000000016,49.90000000000003,53.200000000000045,51.800000000000026,51.60000000000002,41.60000000000008,49.200000000000045
61200,28,52.8000000000001,51.30000000000002,49.800000000000026,53.70000000000005,49.90000000000003,49.700000000000024,53.80000000000008,46.80000000000004
61200,29,37.50000000000008,49.30000000000002,49.50000000000002,50.60000000000004,49.60000000000002,49.40000000000002,52.30000000000006,52.70000000000004
61800,0,40.80000000000007,51.100000000000016,51.40000000000002,50.70000000000004,49.50000000000002,51.700000000000024,54.600000000000065,48.500000000000036
61800,1,47.40000000000008,49.100000000000016,41.50000000000002,46.20000000000003,51.60000000000002,51.30000000000002,52.30000000000006,52.80000000000004
61800,2,54.100000000000115,51.20000000000002,51.90000000000003,51.100000000000044,52.400000000000034,45.40000000000002,54.20000000000009,53.70000000000005
61800,3,53.400000000000105,51.50000000000002,49.800000000000026,53.30000000000005,52.20000000000003,47.60000000000002,52.000000000000085,53.30000000000005
61800,4,47.0000000000001,51.20000000000002,50.10000000000003,53.100000000000044,52.10000000000003,51.700000000000024,56.700000000000095,53.900000000000055
61800,5,53.60000000000011,51.60000000000002,49.700000000000024,53.70000000000005,52.30000000000003,51.800000000000026,52.600000000000094,54.00000000000006
61800,6,54.30000000000009,51.30000000000002,49.800000000000026,48.90000000000004,47.40000000000002,49.60000000000002,42.500000000000064,53.100000000000044
61800,7,54.20000000000009,48.70000000000001,51.50000000000002,52.60000000000004,51.800000000000026,49.40000000000002,20.30000000000006,49.40000000000005
61800,8,40.80000000000007,48.70000000000001,49.40000000000002,50.500000000000036,49.40000000000002,49.20000000000002,52.40000000000006,51.100000000000044
61800,9,52.20000000000009,51.20000000000002,51.40000000000002,50.20000000000003,51.40000000000002,51.30000000000002,40.40000000000006,40.60000000000004
61800,10,55.70000000000011,51.50000000000002,45.800000000000026,51.60000000000005,52.00000000000003,50.10000000000003,56.600000000000094,53.70000000000005
61800,11,36.80000000000007,48.90000000000001,51.100000000000016,53.40000000000005,49.50000000000002,49.100000000000016,52.70000000000007,51.00000000000004
61800,12,52.000000000000114,47.30000000000002,49.60000000000002,51.70000000000005,52.10000000000003,52.10000000000003,56.8000000000001,52.10000000000006
61800,13,47.40000000000008,51.20000000000002,51.60000000000002,39.60000000000002,49.30000000000002,51.700000000000024,53.200000000000074,51.200000000000045
61800,14,52.50000000000009,51.30000000000002,51.90000000000003,47.100000000000044,39.20000000000002,49.60000000000002,53.60000000000008,51.40000000000005
61800,15,55.300000000000104,51.40000000000002,51.800000000000026,53.30000000000005,52.20000000000003,51.700000000000024,54.600000000000094,41.40000000000005
61800,16,48.90000000000007,48.90000000000001,51.50000000000002,50.400000000000034,51.40000000000002,43.100000000000016,40.40000000000006,48.90000000000004
61800,17,52.50000000000009,50.90000000000001,47.800000000000026,42.30000000000003,41.000000000000014,49.700000000000024,51.10000000000007,52.90000000000004
61800,18,43.200000000000074,48.90000000000001,49.50000000000002,50.70000000000004,51.50000000000002,49.60000000000002,52.70000000000007,50.60000000000004
61800,19,57.80000000000011,51.30000000000002,51.700000000000024,53.70000000000005,52.00000000000003,49.90000000000003,49.900000000000084,44.70000000000004
61800,20,47.0000000000001,51.40000000000002,51.800000000000026,51.60000000000005,49.90000000000003,51.800000000000026,56.000000000000085,53.70000000000005
61800,21,45.50000000000008,40.400000000000006,49.800000000000026,48.80000000000004,51.90000000000003,51.60000000000002,55.60000000000008,49.40000000000005
61800,22,52.90000000000007,51.20000000000002,51.40000000000002,52.60000000000004,49.40000000000002,47.50000000000002,34.10000000000006,49.200000000000045
61800,23,54.30000000000009,51.20000000000002,51.20000000000002,53.00000000000004,50.00000000000003,49.50000000000002,47.10000000000007,38.500000000000036
61800,24,47.60000000000011,49.30000000000002,51.700000000000024,51.200000000000045,51.800000000000026,51.800000000000026,54.10000000000009,53.50000000000005
61800,25,48.600000000000094,47.20000000000002,47.700000000000024,46.60000000000004,45.100000000000016,51.700000000000024,53.00000000000007,53.60000000000005
61800,26,44.80000000000007,50.70000000000001,49.30000000000002,37.800000000000026,51.60000000000002,51.50000000000002,52.90000000000007,51.200000000000045
61800,27,56.8000000000001,51.100000000000016,49.90000000000003,53.200000000000045,51.800000000000026,51.60000000000002,41.60000000000008,49.200000000000045
61800,28,53.0000000000001,51.30000000000002,49.800000000000026,53.800000000000054,50.00000000000003,49.700000000000024,53.900000000000084,46.90000000000004
61800,29,37.50000000000008,49.30000000000002,49.50000000000002,50.60000000000004,49.60000000000002,49.40000000000002,52.30000000000006,52.70000000000004
62400,0,41.10000000000007,51.30000000000002,51.50000000000002,50.70000000000004,49.50000000000002,51.800000000000026,55.00000000000007,48.80000000000004
62400,1,47.50000000000008,47.100000000000016,41.50000000000002,46.20000000000003,51.60000000000002,51.40000000000002,52.600000000000065,52.80000000000004
62400,2,54.40000000000012,51.40000000000002,52.00000000000003,51.100000000000044,52.400000000000034,45.50000000000002,54.600000000000094,54.00000000000006
62400,3,53.70000000000011,51.700000000000024,49.90000000000003,53.30000000000005,52.20000000000003,47.700000000000024,52.40000000000009,53.60000000000005
62400,4,47.300000000000104,51.40000000000002,50.20000000000003,53.100000000000044,52.10000000000003,51.800000000000026,57.1000000000001,54.20000000000006
62400,5,53.90000000000011,51.800000000000026,49.800000000000026,53.70000000000005,52.30000000000003,51.90000000000003,53.0000000000001,54.30000000000006
62400,6,54.50000000000009,51.40000000000002,49.800000000000026,48.90000000000004,47.40000000000002,49.700000000000024,40.80000000000007,53.100000000000044
62400,7,54.40000000000009,46.70000000000001,51.50000000000002,52.60000000000004,51.800000000000026,49.40000000000002,20.400000000000063,49.70000000000005
62400,8,41.10000000000007,48.90000000000001,49.50000000000002,50.500000000000036,49.40000000000002,49.30000000000002,52.80000000000007,51.40000000000005
62400,9,52.30000000000009,51.20000000000002,51.40000000000002,50.20000000000003,51.40000000000002,51.30000000000002,40.500000000000064,38.70000000000004
62400,10,56.000000000000114,51.60000000000002,45.800000000000026,51.60000000000005,52.00000000000003,50.20000000000003,57.0000000000001,51.900000000000055
62400,11,35.00000000000007,49.000000000000014,51.100000000000016,53.40000000000005,49.50000000000002,49.20000000000002,53.10000000000007,51.200000000000045
62400,12,52.30000000000012,47.50000000000002,49.700000000000024,51.70000000000005,52.10000000000003,52.20000000000003,57.2000000000001,52.40000000000006
62400,13,47.60000000000008,51.40000000000002,51.700000000000024,39.60000000000002,49.30000000000002,51.700000000000024,53.50000000000008,51.50000000000005
62400,14,52.50000000000009,51.30000000000002,51.90000000000003,47.100000000000044,39.20000000000002,49.60000000000002,53.60000000000008,51.40000000000005
62400,15,55.400000000000105,51.40000000000002,51.800000000000026,53.30000000000005,52.20000000000003,51.800000000000026,52.700000000000095,41.40000000000005
62400,16,49.00000000000007,48.90000000000001,51.50000000000002,50.400000000000034,51.40000000000002,43.20000000000002,38.600000000000065,48.90000000000004
62400,17,52.8000000000001,51.100000000000016,47.90000000000003,42.30000000000003,41.000000000000014,49.800000000000026,51.50000000000008,53.200000000000045
62400,18,43.200000000000074,48.90000000000001,49.50000000000002,50.70000000000004,51.50000000000002,49.60000000000002,52.70000000000007,50.60000000000004
62400,19,58.000000000000114,51.40000000000002,51.700000000000024,53.70000000000005,52.00000000000003,50.00000000000003,50.30000000000009,42.70000000000004
62400,20,45.1000000000001,51.50000000000002,51.800000000000026,51.60000000000005,49.90000000000003,51.90000000000003,56.30000000000009,53.70000000000005
62400,21,45.50000000000008,40.400000000000006,49.800000000000026,48.80000000000004,51.90000000000003,51.60000000000002,55.60000000000008,49.40000000000005
62400,22,53.00000000000007,51.30000000000002,51.50000000000002,52.60000000000004,49.40000000000002,47.50000000000002,34.10000000000006,49.50000000000005
62400,23,54.40000000000009,51.20000000000002,51.20000000000002,53.00000000000004,50.00000000000003,47.50000000000002,47.10000000000007,38.500000000000036
62400,24,47.70000000000011,49.40000000000002,49.700000000000024,51.200000000000045,51.800000000000026,51.800000000000026,54.10000000000009,53.60000000000005
62400,25,46.600000000000094,47.20000000000002,47.700000000000024,46.60000000000004,45.100000000000016,51.700000000000024,53.00000000000007,53.60000000000005
62400,26,45.10000000000007,50.90000000000001,49.40000000000002,37.800000000000026,51.60000000000002,51.60000000000002,53.300000000000075,51.50000000000005
62400,27,56.8000000000001,51.100000000000016,49.90000000000003,53.200000000000045,51.800000000000026,51.60000000000002,41.60000000000008,49.200000000000045
62400,28,53.1000000000001,51.30000000000002,49.800000000000026,53.800000000000054,50.00000000000003,49.800000000000026,51.900000000000084,46.90000000000004
62400,29,37.50000000000008,49.30000000000002,49.50000000000002,50.60000000000004,49.60000000000002,49.40000000000002,52.30000000000006,52.70000000000004
63000,0,39.200000000000074,51.30000000000002,51.50000000000002,50.70000000000004,49.50000000000002,51.800000000000026,55.00000000000007,48.80000000000004
63000,1,47.50000000000008,47.100000000000016,41.50000000000002,46.20000000000003,51.60000000000002,51.40000000000002,52.600000000000065,52.80000000000004
63000,2,54.90000000000013,51.50000000000002,52.10000000000003,51.100000000000044,52.400000000000034,45.60000000000002,54.8000000000001,54.30000000000006
63000,3,51.90000000000011,51.800000000000026,50.00000000000003,53.30000000000005,52.20000000000003,47.800000000000026,52.40000000000009,53.800000000000054
63000,4,47.80000000000011,51.50000000000002,50.30000000000003,53.100000000000044,52.10000000000003,51.90000000000003,57.300000000000104,54.500000000000064
63000,5,54.100000000000115,51.90000000000003,47.800000000000026,53.70000000000005,52.30000000000003,51.90000000000003,53.0000000000001,54.30000000000006
63000,6,54.50000000000009,51.40000000000002,49.90000000000003,48.90000000000004,47.40000000000002,47.700000000000024,40.80000000000007,53.200000000000045
63000,7,54.40000000000009,46.70000000000001,51.50000000000002,52.60000000000004,51.800000000000026,49.40000000000002,20.400000000000063,49.70000000000005
63000,8,41.60000000000008,49.000000000000014,49.60000000000002,50.500000000000036,49.40000000000002,49.40000000000002,53.00000000000007,51.70000000000005
63000,9,52.30000000000009,51.20000000000002,51.40000000000002,50.20000000000003,51.40000000000002,51.30000000000002,40.500000000000064,38.70000000000004
63000,10,56.100000000000115,51.60000000000002,45.800000000000026,51.60000000000005,52.00000000000003,50.20000000000003,57.0000000000001,51.900000000000055
63000,11,35.00000000000007,49.000000000000014,51.100000000000016,53.40000000000005,49.50000000000002,49.20000000000002,53.10000000000007,51.200000000000045
63000,12,52.50000000000012,45.50000000000002,49.700000000000024,51.70000000000005,52.10000000000003,52.20000000000003,57.2000000000001,52.40000000000006
63000,13,45.60000000000008,51.40000000000002,51.700000000000024,39.60000000000002,49.30000000000002,51.700000000000024,53.50000000000008,51.50000000000005
63000,14,50.50000000000009,51.30000000000002,51.90000000000003,47.100000000000044,39.20000000000002,49.60000000000002,53.60000000000008,51.40000000000005
63000,15,53.50000000000011,51.40000000000002,51.800000000000026,53.30000000000005,52.20000000000003,51.800000000000026,52.8000000000001,41.40000000000005
63000,16,49.10000000000007,48.90000000000001,51.50000000000002,50.400000000000034,51.40000000000002,43.30000000000002,36.600000000000065,49.100000000000044
63000,17,53.300000000000104,51.20000000000002,48.00000000000003,42.30000000000003,41.000000000000014,49.90000000000003,51.70000000000008,53.50000000000005
63000,18,43.200000000000074,48.90000000000001,49.50000000000002,50.70000000000004,51.50000000000002,49.60000000000002,52.70000000000007,50.60000000000004
63000,19,58.000000000000114,51.40000000000002,51.700000000000024,53.70000000000005,52.00000000000003,50.00000000000003,50.30000000000009,42.70000000000004
63000,20,45.1000000000001,51.50000000000002,51.800000000000026,51.60000000000005,49.90000000000003,51.90000000000003,56.30000000000009,53.70000000000005
63000,21,45.50000000000008,40.400000000000006,49.800000000000026,48.80000000000004,51.90000000000003,51.60000000000002,55.60000000000008,49.40000000000005
63000,22,53.200000000000074,51.40000000000002,51.60000000000002,52.60000000000004,49.40000000000002,47.60000000000002,34.10000000000006,47.60000000000005
63000,23,54.50000000000009,51.20000000000002,51.20000000000002,53.00000000000004,50.00000000000003,47.50000000000002,45.10000000000007,38.500000000000036
63000,24,47.70000000000011,49.40000000000002,49.700000000000024,51.200000000000045,51.800000000000026,51.800000000000026,54.10000000000009,53.60000000000005
63000,25,46.600000000000094,47.20000000000002,47.700000000000024,46.60000000000004,45.100000000000016,51.700000000000024,53.00000000000007,53.60000000000005
63000,26,45.300000000000075,51.000000000000014,49.50000000000002,37.800000000000026,51.60000000000002,51.60000000000002,53.300000000000075,49.50000000000005
63000,27,56.8000000000001,51.100000000000016,49.90000000000003,53.200000000000045,51.800000000000026,51.60000000000002,41.60000000000008,49.200000000000045
63000,28,53.400000000000105,51.40000000000002,49.90000000000003,53.800000000000054,50.00000000000003,49.90000000000003,52.000000000000085,45.100000000000044
63000,29,37.50000000000008,49.30000000000002,49.50000000000002,50.60000000000004,49.60000000000002,49.40000000000002,52.30000000000006,52.70000000000004
63600,0,39.200000000000074,51.30000000000002,51.50000000000002,50.70000000000004,49.60000000000002,51.800000000000026,55.00000000000007,48.80000000000004
63600,1,47.50000000000008,47.100000000000016,41.50000000000002,46.20000000000003,51.60000000000002,51.40000000000002,52.600000000000065,52.80000000000004
63600,2,55.00000000000013,51.50000000000002,52.10000000000003,51.100000000000044,52.500000000000036,45.700000000000024,54.8000000000001,54.30000000000006
63600,3,51.90000000000011,51.800000000000026,50.00000000000003,53.30000000000005,52.20000000000003,47.800000000000026,52.40000000000009,53.800000000000054
63600,4,47.90000000000011,51.50000000000002,50.30000000000003,53.100000000000044,52.20000000000003,52.00000000000003,57.300000000000104,54.500000000000064
63600,5,54.100000000000115,51.90000000000003,47.800000000000026,53.70000000000005,52.30000000000003,51.90000000000003,53.0000000000001,54.30000000000006
63600,6,54.50000000000009,51.40000000000002,49.90000000000003,48.90000000000004,47.40000000000002,47.700000000000024,40.80000000000007,53.200000000000045
63600,7,54.40000000000009,46.70000000000001,51.50000000000002,52.60000000000004,51.800000000000026,47.40000000000002,20.400000000000063,49.70000000000005
63600,8,41.70000000000008,49.000000000000014,49.60000000000002,50.500000000000036,49.50000000000002,49.50000000000002,53.00000000000007,51.70000000000005
63600,9,52.30000000000009,51.20000000000002,51.40000000000002,50.20000000000003,51.40000000000002,51.30000000000002,40.500000000000064,38.70000000000004
63600,10,54.100000000000115,51.60000000000002,45.800000000000026,51.60000000000005,52.00000000000003,50.20000000000003,57.0000000000001,51.900000000000055
63600,11,35.00000000000007,49.000000000000014,51.100000000000016,53.40000000000005,49.50000000000002,49.20000000000002,53.10000000000007,51.200000000000045
63600,12,52.50000000000012,45.50000000000002,49.700000000000024,51.70000000000005,52.10000000000003,52.20000000000003,57.2000000000001,52.40000000000006
63600,13,45.60000000000008,51.40000000000002,51.700000000000024,39.60000000000002,49.30000000000002,51.700000000000024,53.50000000000008,51.50000000000005
63600,14,50.50000000000009,51.30000000000002,51.90000000000003,47.100000000000044,39.20000000000002,49.60000000000002,53.60000000000008,51.40000000000005
63600,15,53.50000000000011,51.40000000000002,51.800000000000026,53.30000000000005,52.20000000000003,51.800000000000026,52.8000000000001,41.40000000000005
63600,16,49.10000000000007,48.90000000000001,51.50000000000002,50.400000000000034,51.50000000000002,43.30000000000002,36.600000000000065,49.100000000000044
63600,17,53.400000000000105,51.20000000000002,48.00000000000003,42.30000000000003,41.100000000000016,50.00000000000003,51.70000000000008,53.50000000000005
63600,18,43.200000000000074,48.90000000000001,49.50000000000002,50.70000000000004,51.50000000000002,49.60000000000002,52.70000000000007,50.60000000000004
63600,19,58.000000000000114,51.40000000000002,51.700000000000024,53.70000000000005,52.00000000000003,50.00000000000003,50.30000000000009,42.70000000000004
63600,20,45.1000000000001,51.50000000000002,51.800000000000026,51.60000000000005,49.90000000000003,51.90000000000003,56.30000000000009,53.70000000000005
63600,21,45.50000000000008,40.400000000000006,49.800000000000026,48.80000000000004,51.90000000000003,51.60000000000002,55.60000000000008,49.40000000000005
63600,22,53.200000000000074,51.40000000000002,51.60000000000002,52.60000000000004,49.50000000000002,47.60000000000002,34.10000000000006,47.60000000000005
63600,23,54.50000000000009,51.20000000000002,51.20000000000002,53.00000000000004,50.00000000000003,47.50000000000002,45.10000000000007,38.500000000000036
63600,24,47.70000000000011,49.40000000000002,49.700000000000024,51.200000000000045,51.800000000000026,51.800000000000026,54.10000000000009,53.60000000000005
63600,25,46.600000000000094,47.20000000000002,47.700000000000024,46.60000000000004,45.100000000000016,51.700000000000024,53.00000000000007,53.60000000000005
63600,26,45.300000000000075,51.000000000000014,49.50000000000002,37.800000000000026,51.60000000000002,51.60000000000002,53.300000000000075,49.50000000000005
63600,27,56.9000000000001,51.100000000000016,49.90000000000003,53.200000000000045,49.800000000000026,51.700000000000024,41.60000000000008,49.200000000000045
63600,28,53.400000000000105,51.40000000000002,49.90000000000003,53.800000000000054,50.00000000000003,49.90000000000003,52.000000000000085,45.100000000000044
63600,29,37.50000000000008,49.30000000000002,49.50000000000002,50.60000000000004,49.700000000000024,49.50000000000002,52.30000000000006,52.70000000000004
64200,0,37.200000000000074,51.30000000000002,51.700000000000024,50.70000000000004,49.60000000000002,51.800000000000026,55.00000000000007,48.90000000000004
64200,1,47.50000000000008,47.100000000000016,41.50000000000002,46.20000000000003,51.60000000000002,51.40000000000002,52.600000000000065,52.80000000000004
64200,2,55.30000000000013,51.50000000000002,52.30000000000003,51.100000000000044,52.500000000000036,45.700000000000024,54.9000000000001,54.40000000000006
64200,3,51.90000000000011,51.800000000000026,50.00000000000003,53.30000000000005,52.20000000000003,47.800000000000026,52.40000000000009,53.800000000000054
64200,4,46.100000000000115,51.50000000000002,50.500000000000036,53.100000000000044,52.20000000000003,52.00000000000003,57.400000000000105,54.600000000000065
64200,5,54.100000000000115,51.90000000000003,47.800000000000026,53.70000000000005,52.30000000000003,51.90000000000003,53.0000000000001,54.30000000000006
64200,6,54.50000000000009,51.40000000000002,49.90000000000003,48.90000000000004,47.40000000000002,47.700000000000024,40.80000000000007,53.200000000000045
64200,7,54.600000000000094,46.70000000000001,51.50000000000002,52.60000000000004,51.800000000000026,47.40000000000002,20.400000000000063,49.70000000000005
64200,8,42.000000000000085,49.000000000000014,49.800000000000026,50.500000000000036,49.50000000000002,49.50000000000002,53.10000000000007,51.800000000000054
64200,9,52.30000000000009,51.20000000000002,51.40000000000002,50.20000000000003,51.40000000000002,51.30000000000002,40.500000000000064,36.70000000000004
64200,10,54.100000000000115,51.60000000000002,45.800000000000026,51.60000000000005,52.00000000000003,50.20000000000003,57.0000000000001,51.900000000000055
64200,11,35.00000000000007,49.000000000000014,51.100000000000016,53.40000000000005,49.50000000000002,49.20000000000002,53.10000000000007,51.200000000000045
64200,12,52.50000000000012,45.50000000000002,49.700000000000024,51.70000000000005,52.10000000000003,52.20000000000003,57.2000000000001,52.40000000000006
64200,13,45.60000000000008,51.40000000000002,51.700000000000024,39.60000000000002,49.30000000000002,51.700000000000024,53.50000000000008,51.50000000000005
64200,14,50.50000000000009,51.30000000000002,51.90000000000003,47.100000000000044,39.20000000000002,49.60000000000002,53.60000000000008,51.40000000000005
64200,15,53.50000000000011,51.40000000000002,51.800000000000026,53.30000000000005,52.20000000000003,51.800000000000026,52.8000000000001,41.40000000000005
64200,16,49.40000000000008,48.90000000000001,51.700000000000024,50.400000000000034,51.50000000000002,43.30000000000002,36.70000000000007,49.200000000000045
64200,17,53.50000000000011,51.20000000000002,48.20000000000003,42.30000000000003,41.100000000000016,50.00000000000003,49.70000000000008,53.60000000000005
64200,18,43.50000000000008,48.90000000000001,49.700000000000024,50.70000000000004,51.50000000000002,49.60000000000002,52.80000000000007,50.70000000000004
64200,19,58.000000000000114,51.40000000000002,51.700000000000024,53.70000000000005,52.00000000000003,50.00000000000003,50.30000000000009,42.70000000000004
64200,20,45.1000000000001,51.50000000000002,51.800000000000026,51.60000000000005,49.90000000000003,51.90000000000003,56.30000000000009,53.70000000000005
64200,21,45.70000000000008,40.400000000000006,49.800000000000026,48.80000000000004,51.90000000000003,51.60000000000002,55.70000000000008,49.40000000000005
64200,22,53.50000000000008,51.40000000000002,51.800000000000026,52.60000000000004,49.50000000000002,47.60000000000002,34.20000000000006,47.70000000000005
64200,23,54.50000000000009,51.20000000000002,49.30000000000002,53.00000000000004,50.00000000000003,47.50000000000002,45.10000000000007,38.60000000000004
64200,24,47.70000000000011,49.40000000000002,49.700000000000024,51.200000000000045,51.800000000000026,51.800000000000026,54.10000000000009,53.60000000000005
64200,25,46.600000000000094,47.20000000000002,45.700000000000024,46.60000000000004,45.100000000000016,51.700000000000024,53.00000000000007,53.70000000000005
64200,26,45.300000000000075,51.000000000000014,49.50000000000002,37.800000000000026,51.60000000000002,51.60000000000002,53.300000000000075,49.50000000000005
64200,27,56.9000000000001,51.100000000000016,49.90000000000003,53.200000000000045,49.800000000000026,51.700000000000024,41.60000000000008,49.200000000000045
64200,28,53.400000000000105,51.40000000000002,49.90000000000003,53.800000000000054,50.00000000000003,49.90000000000003,52.000000000000085,45.100000000000044
64200,29,35.60000000000008,49.30000000000002,49.700000000000024,50.60000000000004,49.700000000000024,49.50000000000002,52.40000000000006,52.80000000000004
64800,0,37.200000000000074,51.30000000000002,51.700000000000024,50.70000000000004,49.60000000000002,51.800000000000026,55.00000000000007,48.90000000000004
64800,1,47.50000000000008,47.100000000000016,41.50000000000002,46.20000000000003,51.60000000000002,51.40000000000002,52.600000000000065,52.80000000000004
64800,2,55.600000000000136,51.50000000000002,52.500000000000036,51.200000000000045,52.60000000000004,45.700000000000024,55.1000000000001,54.70000000000007
64800,3,51.90000000000011,51.800000000000026,50.20000000000003,53.30000000000005,52.30000000000003,47.800000000000026,52.50000000000009,53.800000000000054
64800,4,46.100000000000115,51.50000000000002,50.500000000000036,53.100000000000044,52.20000000000003,52.00000000000003,57.400000000000105,54.600000000000065
64800,5,54.100000000000115,51.90000000000003,47.800000000000026,53.70000000000005,52.30000000000003,51.90000000000003,53.0000000000001,54.30000000000006
64800,6,54.50000000000009,51.40000000000002,49.90000000000003,48.90000000000004,47.40000000000002,47.700000000000024,40.80000000000007,53.200000000000045
64800,7,54.9000000000001,46.70000000000001,51.50000000000002,50.60000000000004,51.800000000000026,47.40000000000002,20.500000000000064,49.800000000000054
64800,8,42.30000000000009,49.000000000000014,47.90000000000003,50.60000000000004,49.60000000000002,49.50000000000002,53.300000000000075,52.10000000000006
64800,9,52.30000000000009,51.20000000000002,51.40000000000002,50.20000000000003,51.40000000000002,51.30000000000002,40.500000000000064,36.70000000000004
64800,10,54.100000000000115,51.60000000000002,45.800000000000026,51.60000000000005,52.00000000000003,50.20000000000003,57.0000000000001,51.900000000000055
64800,11,35.10000000000007,49.000000000000014,51.100000000000016,53.40000000000005,49.50000000000002,49.20000000000002,53.200000000000074,51.200000000000045
64800,12,52.50000000000012,45.50000000000002,49.700000000000024,51.800000000000054,52.10000000000003,52.20000000000003,57.2000000000001,50.40000000000006
64800,13,45.60000000000008,51.40000000000002,51.800000000000026,39.60000000000002,47.30000000000002,51.700000000000024,53.50000000000008,51.50000000000005
64800,14,50.700000000000095,51.30000000000002,52.10000000000003,47.200000000000045,39.30000000000002,49.60000000000002,53.80000000000008,51.60000000000005
64800,15,53.50000000000011,51.40000000000002,51.800000000000026,53.30000000000005,52.20000000000003,51.800000000000026,52.8000000000001,39.50000000000005
64800,16,49.70000000000008,48.90000000000001,51.90000000000003,50.500000000000036,51.60000000000002,43.30000000000002,36.90000000000007,49.50000000000005
64800,17,53.50000000000011,51.20000000000002,48.20000000000003,42.30000000000003,41.100000000000016,50.00000000000003,49.70000000000008,53.60000000000005
64800,18,41.70000000000008,48.90000000000001,49.700000000000024,50.70000000000004,51.50000000000002,49.60000000000002,52.90000000000007,50.80000000000004
64800,19,58.000000000000114,51.40000000000002,51.700000000000024,53.70000000000005,52.00000000000003,50.00000000000003,50.30000000000009,40.70000000000004
64800,20,43.2000000000001,51.50000000000002,51.800000000000026,51.60000000000005,49.90000000000003,51.90000000000003,56.30000000000009,53.800000000000054
64800,21,43.70000000000008,40.400000000000006,49.800000000000026,48.80000000000004,51.90000000000003,51.60000000000002,55.70000000000008,49.50000000000005
64800,22,53.80000000000008,51.40000000000002,51.800000000000026,52.70000000000004,49.50000000000002,47.60000000000002,32.30000000000006,48.00000000000006
64800,23,54.50000000000009,51.20000000000002,49.40000000000002,53.00000000000004,50.00000000000003,47.50000000000002,45.10000000000007,38.60000000000004
64800,24,47.70000000000011,49.40000000000002,49.90000000000003,51.200000000000045,51.90000000000003,51.800000000000026,54.10000000000009,53.60000000000005
64800,25,46.8000000000001,47.20000000000002,43.700000000000024,46.70000000000004,45.100000000000016,51.700000000000024,53.200000000000074,53.900000000000055
64800,26,45.300000000000075,51.000000000000014,49.50000000000002,37.800000000000026,51.60000000000002,51.60000000000002,53.300000000000075,49.50000000000005
64800,27,56.9000000000001,51.100000000000016,50.00000000000003,53.200000000000045,49.800000000000026,51.700000000000024,41.60000000000008,49.200000000000045
64800,28,53.60000000000011,51.40000000000002,49.90000000000003,53.800000000000054,50.00000000000003,49.90000000000003,50.000000000000085,45.100000000000044
64800,29,35.60000000000008,49.30000000000002,49.700000000000024,50.60000000000004,49.700000000000024,49.50000000000002,52.40000000000006,52.80000000000004
65400,0,37.200000000000074,51.30000000000002,51.700000000000024,50.70000000000004,49.60000000000002,51.800000000000026,55.00000000000007,48.90000000000004
65400,1,47.50000000000008,47.100000000000016,41.60000000000002,46.20000000000003,51.60000000000002,51.40000000000002,52.70000000000007,52.90000000000004
65400,2,55.600000000000136,51.50000000000002,52.60000000000004,51.200000000000045,52.70000000000004,45.700000000000024,55.2000000000001,54.80000000000007
65400,3,51.90000000000011,51.800000000000026,50.30000000000003,53.30000000000005,52.400000000000034,47.800000000000026,52.600000000000094,53.900000000000055
65400,4,46.100000000000115,51.50000000000002,50.500000000000036,53.100000000000044,52.20000000000003,52.00000000000003,57.400000000000105,54.600000000000065
65400,5,54.100000000000115,51.90000000000003,47.90000000000003,53.70000000000005,52.400000000000034,51.90000000000003,53.1000000000001,54.40000000000006
65400,6,54.50000000000009,51.40000000000002,50.00000000000003,48.90000000000004,47.40000000000002,47.700000000000024,40.90000000000007,53.30000000000005
65400,7,54.9000000000001,46.70000000000001,51.50000000000002,50.60000000000004,51.800000000000026,47.40000000000002,20.500000000000064,49.800000000000054
65400,8,42.30000000000009,49.000000000000014,47.90000000000003,50.60000000000004,49.60000000000002,49.50000000000002,53.300000000000075,52.10000000000006
65400,9,52.30000000000009,51.20000000000002,51.50000000000002,50.20000000000003,51.40000000000002,51.30000000000002,40.600000000000065,36.80000000000004
65400,10,54.100000000000115,51.60000000000002,45.800000000000026,51.60000000000005,52.00000000000003,50.20000000000003,57.0000000000001,51.900000000000055
65400,11,35.10000000000007,49.000000000000014,51.100000000000016,53.40000000000005,49.50000000000002,49.20000000000002,53.200000000000074,51.200000000000045
65400,12,52.50000000000012,45.50000000000002,49.700000000000024,51.800000000000054,52.10000000000003,52.20000000000003,57.2000000000001,50.40000000000006
65400,13,45.60000000000008,51.40000000000002,51.800000000000026,39.60000000000002,47.30000000000002,51.700000000000024,53.50000000000008,51.50000000000005
65400,14,50.700000000000095,51.30000000000002,52.10000000000003,47.200000000000045,39.40000000000002,49.60000000000002,53.80000000000008,49.60000000000005
65400,15,53.50000000000011,51.40000000000002,51.90000000000003,53.30000000000005,52.30000000000003,51.800000000000026,52.9000000000001,39.60000000000005
65400,16,49.70000000000008,48.90000000000001,52.00000000000003,50.500000000000036,51.700000000000024,43.30000000000002,37.00000000000007,49.60000000000005
65400,17,53.50000000000011,51.20000000000002,48.30000000000003,42.30000000000003,41.20000000000002,50.00000000000003,49.80000000000008,53.70000000000005
65400,18,41.70000000000008,48.90000000000001,49.700000000000024,50.70000000000004,51.50000000000002,49.60000000000002,52.90000000000007,50.80000000000004
65400,19,58.000000000000114,51.40000000000002,51.800000000000026,53.70000000000005,52.10000000000003,50.00000000000003,48.30000000000009,40.80000000000004
65400,20,43.2000000000001,51.50000000000002,51.800000000000026,51.60000000000005,49.90000000000003,51.90000000000003,56.30000000000009,53.800000000000054
65400,21,43.70000000000008,40.400000000000006,49.800000000000026,48.80000000000004,51.90000000000003,51.60000000000002,55.70000000000008,49.50000000000005
65400,22,53.80000000000008,51.40000000000002,51.800000000000026,52.70000000000004,49.50000000000002,47.60000000000002,32.40000000000006,48.00000000000006
65400,23,54.50000000000009,51.20000000000002,47.40000000000002,53.00000000000004,50.10000000000003,47.50000000000002,45.10000000000007,38.70000000000004
65400,24,47.70000000000011,49.40000000000002,50.00000000000003,51.200000000000045,52.00000000000003,51.800000000000026,54.20000000000009,53.70000000000005
65400,25,46.8000000000001,47.20000000000002,43.700000000000024,46.70000000000004,45.100000000000016,51.700000000000024,53.200000000000074,53.900000000000055
65400,26,45.300000000000075,51.000000000000014,49.50000000000002,37.800000000000026,51.60000000000002,51.60000000000002,53.300000000000075,49.50000000000005
65400,27,56.9000000000001,51.100000000000016,50.00000000000003,53.200000000000045,47.800000000000026,51.700000000000024,41.60000000000008,49.200000000000045
65400,28,53.60000000000011,51.40000000000002,49.90000000000003,53.800000000000054,50.00000000000003,49.90000000000003,50.000000000000085,45.100000000000044
65400,29,35.60000000000008,49.30000000000002,49.700000000000024,50.60000000000004,49.700000000000024,49.50000000000002,52.40000000000006,52.80000000000004
66000,0,37.200000000000074,51.30000000000002,51.700000000000024,50.70000000000004,49.60000000000002,51.800000000000026,55.00000000000007,48.90000000000004
66000,1,47.50000000000008,47.100000000000016,39.60000000000002,46.20000000000003,51.60000000000002,51.40000000000002,52.70000000000007,52.90000000000004
66000,2,55.70000000000014,51.60000000000002,52.80000000000004,51.200000000000045,52.80000000000004,45.700000000000024,55.300000000000104,54.80000000000007
66000,3,51.90000000000011,51.90000000000003,50.400000000000034,53.30000000000005,52.500000000000036,47.800000000000026,50.600000000000094,53.900000000000055
66000,4,46.100000000000115,51.50000000000002,50.500000000000036,53.100000000000044,52.20000000000003,52.00000000000003,57.400000000000105,54.600000000000065
66000,5,54.100000000000115,51.90000000000003,48.00000000000003,53.70000000000005,50.400000000000034,51.90000000000003,53.1000000000001,54.40000000000006
66000,6,54.50000000000009,51.40000000000002,50.00000000000003,48.90000000000004,47.40000000000002,47.700000000000024,40.90000000000007,53.30000000000005
66000,7,54.9000000000001,46.70000000000001,51.50000000000002,50.60000000000004,51.800000000000026,47.40000000000002,20.500000000000064,49.800000000000054
66000,8,42.30000000000009,49.000000000000014,47.90000000000003,50.60000000000004,49.60000000000002,49.50000000000002,53.300000000000075,52.10000000000006
66000,9,52.40000000000009,51.30000000000002,51.700000000000024,50.20000000000003,51.50000000000002,51.30000000000002,40.70000000000007,36.80000000000004
66000,10,54.100000000000115,51.60000000000002,43.800000000000026,51.60000000000005,52.00000000000003,50.20000000000003,57.1000000000001,51.900000000000055
66000,11,35.10000000000007,49.000000000000014,51.100000000000016,53.40000000000005,49.50000000000002,49.20000000000002,53.200000000000074,51.200000000000045
66000,12,52.50000000000012,45.50000000000002,49.700000000000024,51.800000000000054,52.10000000000003,52.20000000000003,57.2000000000001,50.40000000000006
66000,13,45.70000000000008,51.50000000000002,52.00000000000003,39.60000000000002,47.40000000000002,51.700000000000024,53.60000000000008,51.50000000000005
66000,14,50.700000000000095,51.30000000000002,52.10000000000003,47.200000000000045,39.40000000000002,49.60000000000002,53.80000000000008,49.60000000000005
66000,15,51.50000000000011,51.50000000000002,52.10000000000003,53.30000000000005,52.400000000000034,51.800000000000026,53.0000000000001,39.60000000000005
66000,16,49.80000000000008,49.000000000000014,52.20000000000003,50.500000000000036,51.800000000000026,43.30000000000002,37.10000000000007,49.60000000000005
66000,17,53.60000000000011,51.30000000000002,48.500000000000036,42.30000000000003,41.30000000000002,50.00000000000003,49.900000000000084,53.70000000000005
66000,18,41.80000000000008,49.000000000000014,49.90000000000003,50.70000000000004,51.60000000000002,49.60000000000002,53.00000000000007,50.80000000000004
66000,19,58.100000000000115,51.40000000000002,51.90000000000003,53.70000000000005,52.10000000000003,50.00000000000003,48.30000000000009,40.80000000000004
66000,20,43.300000000000104,51.50000000000002,51.90000000000003,51.60000000000005,49.90000000000003,51.90000000000003,56.30000000000009,53.800000000000054
66000,21,43.70000000000008,40.400000000000006,49.800000000000026,48.80000000000004,51.90000000000003,51.60000000000002,55.70000000000008,49.50000000000005
66000,22,53.900000000000084,51.50000000000002,52.00000000000003,52.70000000000004,49.60000000000002,47.60000000000002,32.500000000000064,48.00000000000006
66000,23,54.600000000000094,51.20000000000002,47.50000000000002,53.00000000000004,50.10000000000003,47.50000000000002,45.200000000000074,38.70000000000004
66000,24,47.80000000000011,49.50000000000002,50.20000000000003,51.200000000000045,52.10000000000003,51.800000000000026,54.30000000000009,53.70000000000005
66000,25,46.8000000000001,47.20000000000002,43.700000000000024,46.70000000000004,45.100000000000016,51.700000000000024,53.200000000000074,53.900000000000055
66000,26,45.300000000000075,49.000000000000014,49.60000000000002,37.800000000000026,51.700000000000024,51.60000000000002,53.300000000000075,49.50000000000005
66000,27,56.9000000000001,51.100000000000016,50.00000000000003,53.200000000000045,47.800000000000026,51.700000000000024,41.60000000000008,49.200000000000045
66000,28,53.70000000000011,51.50000000000002,50.00000000000003,53.800000000000054,50.10000000000003,49.90000000000003,50.10000000000009,45.100000000000044
66000,29,35.60000000000008,49.30000000000002,49.700000000000024,50.60000000000004,49.700000000000024,49.50000000000002,52.40000000000006,52.80000000000004
66600,0,35.40000000000008,51.30000000000002,51.700000000000024,50.70000000000004,49.60000000000002,51.90000000000003,55.00000000000007,48.90000000000004
66600,1,47.50000000000008,47.100000000000016,39.60000000000002,46.20000000000003,51.60000000000002,51.40000000000002,52.70000000000007,52.90000000000004
66600,2,56.00000000000014,51.60000000000002,52.80000000000004,51.200000000000045,52.80000000000004,45.800000000000026,55.300000000000104,54.80000000000007
66600,3,52.000000000000114,51.90000000000003,50.400000000000034,53.30000000000005,52.500000000000036,47.800000000000026,50.600000000000094,53.900000000000055
66600,4,46.40000000000012,51.50000000000002,50.500000000000036,53.100000000000044,52.20000000000003,52.10000000000003,57.400000000000105,54.600000000000065
66600,5,54.20000000000012,51.90000000000003,48.00000000000003,53.70000000000005,50.400000000000034,51.90000000000003,53.1000000000001,54.40000000000006
66600,6,54.600000000000094,51.40000000000002,50.00000000000003,48.90000000000004,47.40000000000002,47.700000000000024,40.90000000000007,53.30000000000005
66600,7,54.9000000000001,46.70000000000001,51.50000000000002,50.60000000000004,51.800000000000026,47.40000000000002,20.500000000000064,49.800000000000054
66600,8,42.30000000000009,49.000000000000014,47.90000000000003,50.60000000000004,49.60000000000002,49.50000000000002,53.300000000000075,52.10000000000006
66600,9,52.700000000000095,51.30000000000002,51.700000000000024,50.20000000000003,51.50000000000002,51.40000000000002,40.70000000000007,36.80000000000004
66600,10,54.100000000000115,51.60000000000002,43.800000000000026,51.60000000000005,52.00000000000003,50.20000000000003,57.1000000000001,51.900000000000055
66600,11,35.300000000000075,49.000000000000014,51.100000000000016,53.40000000000005,49.50000000000002,49.30000000000002,53.200000000000074,51.200000000000045
66600,12,52.800000000000125,45.50000000000002,49.700000000000024,51.800000000000054,52.10000000000003,52.30000000000003,57.2000000000001,50.40000000000006
66600,13,46.000000000000085,51.50000000000002,52.00000000000003,39.60000000000002,47.40000000000002,51.800000000000026,53.60000000000008,51.50000000000005
66600,14,50.700000000000095,51.30000000000002,52.10000000000003,47.200000000000045,39.40000000000002,49.60000000000002,53.80000000000008,49.60000000000005
66600,15,51.50000000000011,51.50000000000002,52.10000000000003,53.30000000000005,52.400000000000034,51.800000000000026,53.0000000000001,39.60000000000005
66600,16,50.10000000000009,49.000000000000014,52.20000000000003,50.500000000000036,51.800000000000026,43.40000000000002,37.10000000000007,49.60000000000005
66600,17,51.70000000000011,51.30000000000002,48.500000000000036,42.30000000000003,41.30000000000002,50.10000000000003,49.900000000000084,53.70000000000005
66600,18,42.10000000000009,49.000000000000014,49.90000000000003,50.70000000000004,51.60000000000002,49.700000000000024,53.00000000000007,50.80000000000004
66600,19,58.20000000000012,51.40000000000002,51.90000000000003,53.70000000000005,52.10000000000003,48.00000000000003,48.30000000000009,40.80000000000004
66600,20,41.400000000000105,51.50000000000002,51.90000000000003,51.60000000000005,49.90000000000003,51.90000000000003,56.30000000000009,53.800000000000054
66600,21,43.70000000000008,40.400000000000006,49.800000000000026,48.80000000000004,51.90000000000003,51.60000000000002,55.70000000000008,49.50000000000005
66600,22,54.20000000000009,51.50000000000002,52.00000000000003,52.70000000000004,49.60000000000002,47.700000000000024,32.500000000000064,48.00000000000006
66600,23,54.9000000000001,51.20000000000002,47.50000000000002,53.00000000000004,50.10000000000003,47.60000000000002,45.200000000000074,38.70000000000004
66600,24,48.100000000000115,49.50000000000002,50.20000000000003,51.200000000000045,52.10000000000003,51.90000000000003,54.30000000000009,53.70000000000005
66600,25,46.9000000000001,47.20000000000002,43.700000000000024,46.70000000000004,45.100000000000016,51.700000000000024,53.200000000000074,53.900000000000055
66600,26,45.300000000000075,49.000000000000014,49.60000000000002,37.800000000000026,51.700000000000024,51.60000000000002,53.300000000000075,49.50000000000005
66600,27,56.9000000000001,51.100000000000016,50.00000000000003,53.200000000000045,47.800000000000026,51.700000000000024,41.60000000000008,49.200000000000045
66600,28,54.000000000000114,51.50000000000002,50.00000000000003,53.800000000000054,50.10000000000003,50.00000000000003,50.10000000000009,45.100000000000044
66600,29,35.70000000000008,49.30000000000002,49.700000000000024,50.60000000000004,49.700000000000024,49.50000000000002,52.40000000000006,52.80000000000004
67200,0,35.40000000000008,51.30000000000002,51.700000000000024,50.70000000000004,49.60000000000002,51.90000000000003,55.00000000000007,48.90000000000004
67200,1,47.50000000000008,47.100000000000016,39.60000000000002,46.20000000000003,51.60000000000002,51.40000000000002,52.80000000000007,53.00000000000004
67200,2,56.00000000000014,51.700000000000024,52.80000000000004,51.200000000000045,52.80000000000004,45.800000000000026,55.50000000000011,55.00000000000007
67200,3,52.000000000000114,52.00000000000003,50.400000000000034,53.30000000000005,52.500000000000036,47.800000000000026,50.8000000000001,54.10000000000006
67200,4,46.40000000000012,51.60000000000002,50.500000000000036,53.100000000000044,52.20000000000003,52.10000000000003,57.60000000000011,54.80000000000007
67200,5,54.20000000000012,52.00000000000003,48.00000000000003,53.70000000000005,50.400000000000034,51.90000000000003,53.300000000000104,54.600000000000065
67200,6,54.600000000000094,51.50000000000002,50.00000000000003,48.90000000000004,47.40000000000002,47.700000000000024,41.10000000000007,51.40000000000005
67200,7,54.9000000000001,46.70000000000001,51.50000000000002,50.60000000000004,51.800000000000026,47.40000000000002,18.500000000000064,49.800000000000054
67200,8,42.30000000000009,49.000000000000014,47.90000000000003,50.60000000000004,49.60000000000002,49.50000000000002,53.300000000000075,50.10000000000006
67200,9,52.700000000000095,51.40000000000002,51.700000000000024,50.20000000000003,51.50000000000002,51.40000000000002,40.90000000000007,37.00000000000004
67200,10,54.100000000000115,51.60000000000002,43.800000000000026,51.60000000000005,52.00000000000003,50.20000000000003,57.2000000000001,52.00000000000006
67200,11,35.300000000000075,47.000000000000014,51.100000000000016,53.40000000000005,49.50000000000002,49.30000000000002,53.200000000000074,51.200000000000045
67200,12,52.800000000000125,45.60000000000002,49.700000000000024,51.800000000000054,52.10000000000003,52.30000000000003,57.400000000000105,50.600000000000065
67200,13,46.000000000000085,51.60000000000002,52.00000000000003,39.60000000000002,47.40000000000002,51.800000000000026,53.80000000000008,51.70000000000005
67200,14,50.700000000000095,51.40000000000002,52.10000000000003,47.200000000000045,39.40000000000002,49.60000000000002,51.900000000000084,49.70000000000005
67200,15,51.50000000000011,51.50000000000002,52.10000000000003,53.30000000000005,52.400000000000034,51.800000000000026,53.0000000000001,39.60000000000005
67200,16,50.10000000000009,49.100000000000016,52.20000000000003,50.500000000000036,51.800000000000026,43.40000000000002,37.300000000000075,49.800000000000054
67200,17,51.70000000000011,51.30000000000002,48.500000000000036,42.30000000000003,41.30000000000002,50.10000000000003,49.900000000000084,53.70000000000005
67200,18,42.10000000000009,49.100000000000016,49.90000000000003,50.70000000000004,51.60000000000002,49.700000000000024,53.200000000000074,51.00000000000004
67200,19,58.20000000000012,51.40000000000002,51.90000000000003,53.70000000000005,52.10000000000003,48.00000000000003,48.30000000000009,40.80000000000004
67200,20,41.400000000000105,51.60000000000002,51.90000000000003,51.60000000000005,49.90000000000003,51.90000000000003,56.50000000000009,54.00000000000006
67200,21,43.70000000000008,40.400000000000006,49.800000000000026,48.80000000000004,51.90000000000003,51.60000000000002,55.80000000000008,49.60000000000005
67200,22,54.20000000000009,51.60000000000002,52.00000000000003,52.70000000000004,49.60000000000002,47.700000000000024,32.70000000000007,48.20000000000006
67200,23,54.9000000000001,51.30000000000002,47.50000000000002,53.00000000000004,50.10000000000003,47.60000000000002,45.40000000000008,38.90000000000004
67200,24,48.100000000000115,49.60000000000002,50.20000000000003,51.200000000000045,52.10000000000003,51.90000000000003,54.50000000000009,53.900000000000055
67200,25,46.9000000000001,47.30000000000002,43.700000000000024,46.70000000000004,45.100000000000016,51.700000000000024,53.40000000000008,54.10000000000006
67200,26,45.300000000000075,49.000000000000014,49.60000000000002,37.800000000000026,51.700000000000024,51.60000000000002,53.50000000000008,49.70000000000005
67200,27,56.9000000000001,51.100000000000016,50.00000000000003,53.200000000000045,47.800000000000026,51.700000000000024,41.80000000000008,49.40000000000005
67200,28,54.000000000000114,51.60000000000002,50.00000000000003,53.800000000000054,50.10000000000003,50.00000000000003,50.30000000000009,45.30000000000005
67200,29,35.70000000000008,49.40000000000002,49.700000000000024,50.60000000000004,49.700000000000024,49.50000000000002,52.600000000000065,53.00000000000004
67800,0,35.40000000000008,51.30000000000002,51.700000000000024,50.70000000000004,49.60000000000002,51.90000000000003,53.00000000000007,48.90000000000004
67800,1,47.60000000000008,47.20000000000002,39.800000000000026,46.30000000000003,51.700000000000024,51.40000000000002,52.90000000000007,53.100000000000044
67800,2,56.10000000000014,51.800000000000026,53.00000000000004,51.30000000000005,52.90000000000004,45.800000000000026,55.60000000000011,55.10000000000007
67800,3,52.100000000000115,52.10000000000003,50.60000000000004,53.40000000000005,52.60000000000004,47.800000000000026,50.9000000000001,54.20000000000006
67800,4,44.40000000000012,51.700000000000024,50.70000000000004,53.200000000000045,52.30000000000003,52.10000000000003,57.70000000000011,54.80000000000007
67800,5,54.20000000000012,52.00000000000003,46.00000000000003,53.70000000000005,50.500000000000036,51.90000000000003,53.300000000000104,54.600000000000065
67800,6,54.600000000000094,51.50000000000002,50.00000000000003,48.90000000000004,47.40000000000002,47.700000000000024,41.10000000000007,51.40000000000005
67800,7,54.9000000000001,46.70000000000001,51.50000000000002,50.60000000000004,51.800000000000026,47.40000000000002,18.500000000000064,49.800000000000054
67800,8,42.30000000000009,49.000000000000014,47.90000000000003,50.60000000000004,49.60000000000002,49.50000000000002,53.300000000000075,50.10000000000006
67800,9,52.8000000000001,51.50000000000002,51.90000000000003,50.30000000000003,51.60000000000002,51.40000000000002,41.00000000000007,37.100000000000044
67800,10,54.20000000000012,51.700000000000024,44.00000000000003,51.70000000000005,52.10000000000003,50.20000000000003,57.300000000000104,52.10000000000006
67800,11,35.300000000000075,47.000000000000014,51.100000000000016,53.40000000000005,49.50000000000002,49.30000000000002,53.200000000000074,51.30000000000005
67800,12,52.90000000000013,45.700000000000024,49.90000000000003,51.900000000000055,52.20000000000003,52.30000000000003,57.50000000000011,50.70000000000007
67800,13,46.10000000000009,51.700000000000024,52.20000000000003,39.700000000000024,47.50000000000002,51.800000000000026,53.900000000000084,51.800000000000054
67800,14,50.8000000000001,51.50000000000002,52.20000000000003,47.30000000000005,39.40000000000002,49.60000000000002,52.000000000000085,49.800000000000054
67800,15,51.50000000000011,51.50000000000002,52.10000000000003,53.30000000000005,52.400000000000034,51.800000000000026,53.0000000000001,39.60000000000005
67800,16,50.20000000000009,49.20000000000002,52.400000000000034,50.60000000000004,51.90000000000003,43.40000000000002,37.40000000000008,49.900000000000055
67800,17,51.70000000000011,51.30000000000002,48.500000000000036,42.30000000000003,41.30000000000002,50.10000000000003,49.900000000000084,53.70000000000005
67800,18,42.20000000000009,49.20000000000002,50.10000000000003,50.80000000000004,51.700000000000024,49.700000000000024,53.300000000000075,51.100000000000044
67800,19,58.30000000000012,51.50000000000002,52.00000000000003,53.800000000000054,52.10000000000003,48.00000000000003,48.40000000000009,40.90000000000004
67800,20,41.50000000000011,51.700000000000024,52.10000000000003,51.70000000000005,50.00000000000003,51.90000000000003,56.600000000000094,54.10000000000006
67800,21,43.80000000000008,40.50000000000001,50.00000000000003,48.90000000000004,52.00000000000003,51.60000000000002,55.900000000000084,49.70000000000005
67800,22,54.20000000000009,49.60000000000002,52.20000000000003,52.80000000000004,49.700000000000024,47.700000000000024,32.80000000000007,48.20000000000006
67800,23,55.0000000000001,51.40000000000002,47.700000000000024,53.100000000000044,50.20000000000003,47.60000000000002,45.50000000000008,39.00000000000004
67800,24,48.20000000000012,49.700000000000024,50.400000000000034,51.30000000000005,52.20000000000003,51.90000000000003,54.600000000000094,54.00000000000006
67800,25,46.9000000000001,47.30000000000002,43.700000000000024,46.70000000000004,43.100000000000016,51.700000000000024,53.40000000000008,54.10000000000006
67800,26,45.300000000000075,49.000000000000014,47.700000000000024,37.800000000000026,51.800000000000026,51.60000000000002,53.50000000000008,49.70000000000005
67800,27,57.0000000000001,51.20000000000002,50.20000000000003,53.30000000000005,47.90000000000003,51.700000000000024,41.900000000000084,49.50000000000005
67800,28,54.100000000000115,51.700000000000024,50.20000000000003,53.900000000000055,50.20000000000003,50.00000000000003,50.40000000000009,43.30000000000005
67800,29,35.70000000000008,49.40000000000002,49.90000000000003,48.60000000000004,49.800000000000026,49.50000000000002,52.70000000000007,53.00000000000004
68400,0,35.50000000000008,51.40000000000002,51.700000000000024,50.70000000000004,49.60000000000002,51.90000000000003,53.10000000000007,48.90000000000004
68400,1,47.70000000000008,47.40000000000002,39.800000000000026,46.30000000000003,51.700000000000024,51.40000000000002,53.200000000000074,53.100000000000044
68400,2,56.200000000000145,52.00000000000003,53.00000000000004,51.30000000000005,52.90000000000004,45.800000000000026,55.90000000000011,55.10000000000007
68400,3,52.100000000000115,52.10000000000003,50.60000000000004,53.40000000000005,52.60000000000004,47.800000000000026,48.9000000000001,54.20000000000006
68400,4,44.40000000000012,51.700000000000024,50.70000000000004,53.200000000000045,52.30000000000003,52.10000000000003,57.70000000000011,54.80000000000007
68400,5,54.20000000000012,52.10000000000003,46.00000000000003,53.70000000000005,50.500000000000036,51.90000000000003,53.300000000000104,54.600000000000065
68400,6,54.700000000000095,51.60000000000002,50.00000000000003,48.90000000000004,47.40000000000002,47.700000000000024,41.300000000000075,51.40000000000005
68400,7,54.9000000000001,46.70000000000001,51.50000000000002,50.60000000000004,51.800000000000026,47.40000000000002,18.500000000000064,49.800000000000054
68400,8,42.40000000000009,47.100000000000016,47.90000000000003,50.60000000000004,49.60000000000002,49.50000000000002,53.50000000000008,50.10000000000006
68400,9,52.9000000000001,51.700000000000024,51.90000000000003,50.30000000000003,51.60000000000002,51.40000000000002,41.300000000000075,37.100000000000044
68400,10,54.20000000000012,51.800000000000026,44.00000000000003,51.70000000000005,52.10000000000003,50.20000000000003,55.50000000000011,52.10000000000006
68400,11,35.40000000000008,47.20000000000002,51.100000000000016,53.40000000000005,49.50000000000002,49.30000000000002,53.50000000000008,51.30000000000005
68400,12,50.90000000000013,45.800000000000026,49.90000000000003,51.900000000000055,52.20000000000003,52.30000000000003,57.80000000000011,50.70000000000007
68400,13,46.20000000000009,51.90000000000003,52.20000000000003,39.700000000000024,47.50000000000002,51.800000000000026,54.20000000000009,51.800000000000054
68400,14,50.9000000000001,51.700000000000024,52.20000000000003,47.30000000000005,39.40000000000002,49.60000000000002,52.30000000000009,49.800000000000054
68400,15,51.60000000000011,51.700000000000024,52.10000000000003,53.30000000000005,52.400000000000034,51.800000000000026,53.2000000000001,39.60000000000005
68400,16,50.30000000000009,49.40000000000002,52.400000000000034,50.60000000000004,51.90000000000003,43.40000000000002,37.70000000000008,49.900000000000055
68400,17,51.80000000000011,51.50000000000002,48.500000000000036,42.30000000000003,41.30000000000002,50.10000000000003,50.10000000000009,53.70000000000005
68400,18,42.30000000000009,49.40000000000002,50.10000000000003,50.80000000000004,51.700000000000024,49.700000000000024,53.60000000000008,51.100000000000044
68400,19,58.40000000000012,51.700000000000024,52.00000000000003,53.800000000000054,52.10000000000003,48.00000000000003,48.700000000000095,40.90000000000004
68400,20,41.60000000000011,51.90000000000003,52.10000000000003,51.70000000000005,50.00000000000003,51.90000000000003,56.9000000000001,54.10000000000006
68400,21,43.80000000000008,38.50000000000001,50.00000000000003,48.90000000000004,52.00000000000003,51.60000000000002,56.000000000000085,49.70000000000005
68400,22,54.20000000000009,49.60000000000002,52.20000000000003,52.80000000000004,49.700000000000024,47.700000000000024,32.80000000000007,48.20000000000006
68400,23,55.1000000000001,51.60000000000002,47.700000000000024,53.100000000000044,50.20000000000003,47.60000000000002,45.80000000000008,39.00000000000004
68400,24,48.30000000000012,49.90000000000003,50.400000000000034,51.30000000000005,52.20000000000003,51.90000000000003,54.9000000000001,54.00000000000006
68400,25,46.9000000000001,47.40000000000002,43.700000000000024,46.70000000000004,43.100000000000016,51.700000000000024,51.50000000000008,54.10000000000006
68400,26,45.40000000000008,49.100000000000016,47.700000000000024,37.800000000000026,51.800000000000026,51.60000000000002,53.70000000000008,49.70000000000005
68400,27,57.1000000000001,51.40000000000002,50.20000000000003,53.30000000000005,47.90000000000003,51.700000000000024,42.20000000000009,49.50000000000005
68400,28,54.100000000000115,51.700000000000024,50.20000000000003,53.900000000000055,50.20000000000003,50.00000000000003,50.40000000000009,43.30000000000005
68400,29,35.70000000000008,49.40000000000002,49.90000000000003,48.60000000000004,49.800000000000026,49.50000000000002,52.70000000000007,53.00000000000004
69000,0,35.60000000000008,49.50000000000002,51.700000000000024,50.70000000000004,49.60000000000002,51.90000000000003,53.10000000000007,49.100000000000044
69000,1,47.80000000000008,47.60000000000002,39.800000000000026,46.30000000000003,51.700000000000024,51.50000000000002,53.300000000000075,53.40000000000005
69000,2,56.300000000000146,52.20000000000003,53.00000000000004,51.30000000000005,52.90000000000004,45.90000000000003,56.000000000000114,55.40000000000008
69000,3,52.100000000000115,52.10000000000003,50.60000000000004,53.40000000000005,52.60000000000004,47.800000000000026,48.9000000000001,54.20000000000006
69000,4,44.40000000000012,51.700000000000024,50.70000000000004,53.200000000000045,52.30000000000003,52.10000000000003,57.70000000000011,54.80000000000007
69000,5,54.30000000000012,52.30000000000003,46.00000000000003,53.70000000000005,50.500000000000036,52.00000000000003,53.400000000000105,54.90000000000007
69000,6,54.700000000000095,51.700000000000024,50.00000000000003,48.90000000000004,47.40000000000002,47.700000000000024,41.300000000000075,49.50000000000005
69000,7,54.9000000000001,46.80000000000001,51.50000000000002,50.60000000000004,51.800000000000026,45.40000000000002,18.500000000000064,49.800000000000054
69000,8,42.40000000000009,47.100000000000016,47.90000000000003,50.60000000000004,49.60000000000002,49.50000000000002,53.50000000000008,50.10000000000006
69000,9,53.0000000000001,51.90000000000003,51.90000000000003,50.30000000000003,51.60000000000002,51.50000000000002,41.40000000000008,37.40000000000005
69000,10,54.20000000000012,51.90000000000003,44.00000000000003,51.70000000000005,52.10000000000003,50.30000000000003,55.60000000000011,52.20000000000006
69000,11,35.40000000000008,45.20000000000002,51.100000000000016,53.40000000000005,49.50000000000002,49.30000000000002,53.50000000000008,51.40000000000005
69000,12,50.90000000000013,45.800000000000026,49.90000000000003,51.900000000000055,52.20000000000003,52.30000000000003,57.80000000000011,50.70000000000007
69000,13,46.30000000000009,52.10000000000003,52.20000000000003,39.700000000000024,47.50000000000002,51.90000000000003,54.30000000000009,52.10000000000006
69000,14,51.0000000000001,51.90000000000003,52.20000000000003,47.30000000000005,39.40000000000002,49.700000000000024,50.30000000000009,50.10000000000006
69000,15,51.60000000000011,51.700000000000024,52.10000000000003,53.30000000000005,52.400000000000034,51.800000000000026,53.2000000000001,37.60000000000005
69000,16,50.40000000000009,49.60000000000002,52.400000000000034,50.60000000000004,51.90000000000003,43.50000000000002,37.80000000000008,50.20000000000006
69000,17,51.90000000000011,51.700000000000024,48.500000000000036,42.30000000000003,41.30000000000002,50.20000000000003,50.20000000000009,54.00000000000006
69000,18,42.40000000000009,49.60000000000002,50.10000000000003,50.80000000000004,51.700000000000024,49.800000000000026,53.70000000000008,51.40000000000005
69000,19,58.50000000000012,51.90000000000003,52.00000000000003,53.800000000000054,52.10000000000003,48.10000000000003,48.700000000000095,39.100000000000044
69000,20,41.70000000000011,52.10000000000003,52.10000000000003,51.70000000000005,50.00000000000003,52.00000000000003,57.0000000000001,54.40000000000006
69000,21,41.80000000000008,38.60000000000001,50.00000000000003,48.90000000000004,52.00000000000003,51.60000000000002,56.000000000000085,49.900000000000055
69000,22,54.30000000000009,49.800000000000026,52.20000000000003,52.80000000000004,49.700000000000024,47.800000000000026,32.90000000000007,48.500000000000064
69000,23,55.2000000000001,51.800000000000026,47.700000000000024,53.100000000000044,50.20000000000003,47.700000000000024,45.900000000000084,39.30000000000005
69000,24,48.40000000000012,50.10000000000003,50.400000000000034,51.30000000000005,52.20000000000003,52.00000000000003,55.0000000000001,54.30000000000006
69000,25,46.9000000000001,47.40000000000002,43.700000000000024,46.70000000000004,43.100000000000016,51.700000000000024,51.50000000000008,54.10000000000006
69000,26,45.50000000000008,49.30000000000002,47.700000000000024,37.800000000000026,51.800000000000026,51.700000000000024,53.80000000000008,50.00000000000006
69000,27,57.2000000000001,51.60000000000002,50.20000000000003,53.30000000000005,47.90000000000003,51.800000000000026,42.30000000000009,49.800000000000054
69000,28,54.100000000000115,51.700000000000024,50.20000000000003,53.900000000000055,50.20000000000003,50.00000000000003,50.40000000000009,43.30000000000005
69000,29,35.70000000000008,49.50000000000002,49.90000000000003,48.60000000000004,49.800000000000026,49.60000000000002,52.80000000000007,53.100000000000044
69600,0,35.60000000000008,49.50000000000002,51.700000000000024,50.70000000000004,49.60000000000002,51.90000000000003,53.10000000000007,49.100000000000044
69600,1,45.900000000000084,47.60000000000002,39.800000000000026,46.30000000000003,51.700000000000024,51.50000000000002,53.300000000000075,53.40000000000005
69600,2,56.80000000000015,52.20000000000003,53.200000000000045,51.30000000000005,52.90000000000004,45.90000000000003,56.000000000000114,55.50000000000008
69600,3,52.100000000000115,52.10000000000003,50.60000000000004,53.40000000000005,52.60000000000004,47.800000000000026,48.9000000000001,54.20000000000006
69600,4,42.50000000000012,51.700000000000024,50.80000000000004,53.200000000000045,52.30000000000003,52.10000000000003,57.70000000000011,54.90000000000007
69600,5,54.800000000000125,52.30000000000003,46.20000000000003,53.70000000000005,50.500000000000036,52.00000000000003,53.400000000000105,55.00000000000007
69600,6,54.700000000000095,51.700000000000024,50.00000000000003,48.90000000000004,47.40000000000002,47.700000000000024,41.300000000000075,49.50000000000005
69600,7,54.9000000000001,46.80000000000001,51.50000000000002,50.60000000000004,51.800000000000026,45.40000000000002,18.500000000000064,49.800000000000054
69600,8,42.40000000000009,47.100000000000016,47.90000000000003,50.60000000000004,49.60000000000002,49.50000000000002,53.50000000000008,50.10000000000006
69600,9,53.300000000000104,51.90000000000003,52.00000000000003,50.30000000000003,51.60000000000002,51.50000000000002,41.40000000000008,35.40000000000005
69600,10,52.20000000000012,51.90000000000003,44.00000000000003,51.70000000000005,52.10000000000003,50.30000000000003,55.60000000000011,52.20000000000006
69600,11,35.40000000000008,45.20000000000002,51.100000000000016,53.40000000000005,49.50000000000002,49.30000000000002,53.50000000000008,51.40000000000005
69600,12,50.90000000000013,45.800000000000026,49.90000000000003,51.900000000000055,52.20000000000003,52.30000000000003,57.80000000000011,50.70000000000007
69600,13,46.8000000000001,52.10000000000003,52.400000000000034,39.700000000000024,47.50000000000002,51.90000000000003,54.30000000000009,52.20000000000006
69600,14,51.0000000000001,51.90000000000003,52.20000000000003,47.30000000000005,39.40000000000002,49.700000000000024,50.30000000000009,50.10000000000006
69600,15,51.60000000000011,51.700000000000024,52.10000000000003,53.30000000000005,52.400000000000034,51.800000000000026,53.2000000000001,37.60000000000005
69600,16,50.9000000000001,49.60000000000002,52.60000000000004,50.60000000000004,51.90000000000003,43.50000000000002,37.80000000000008,50.30000000000006
69600,17,52.40000000000012,51.700000000000024,48.70000000000004,42.30000000000003,41.30000000000002,50.20000000000003,50.20000000000009,54.10000000000006
69600,18,42.9000000000001,49.60000000000002,50.30000000000003,50.80000000000004,51.700000000000024,49.800000000000026,53.70000000000008,51.50000000000005
69600,19,58.50000000000012,51.90000000000003,52.00000000000003,53.800000000000054,52.10000000000003,48.10000000000003,48.700000000000095,39.100000000000044
69600,20,42.20000000000012,52.10000000000003,52.30000000000003,51.70000000000005,50.00000000000003,52.00000000000003,57.0000000000001,54.500000000000064
69600,21,41.80000000000008,38.60000000000001,50.00000000000003,48.90000000000004,52.00000000000003,51.60000000000002,56.000000000000085,49.900000000000055
69600,22,54.8000000000001,49.800000000000026,52.400000000000034,52.80000000000004,49.700000000000024,47.800000000000026,32.90000000000007,48.600000000000065
69600,23,55.50000000000011,51.800000000000026,45.700000000000024,53.100000000000044,50.20000000000003,47.700000000000024,45.900000000000084,39.30000000000005
69600,24,46.60000000000012,50.10000000000003,50.400000000000034,51.30000000000005,52.20000000000003,52.00000000000003,55.0000000000001,54.30000000000006
69600,25,46.9000000000001,47.40000000000002,43.700000000000024,46.70000000000004,43.100000000000016,51.700000000000024,51.50000000000008,54.10000000000006
69600,26,43.900000000000084,49.30000000000002,47.800000000000026,37.800000000000026,51.800000000000026,51.700000000000024,53.80000000000008,50.10000000000006
69600,27,57.70000000000011,51.60000000000002,48.30000000000003,53.30000000000005,47.90000000000003,51.800000000000026,42.30000000000009,49.900000000000055
69600,28,54.100000000000115,51.700000000000024,50.20000000000003,53.900000000000055,50.20000000000003,50.00000000000003,50.40000000000009,43.30000000000005
69600,29,36.20000000000009,49.50000000000002,50.10000000000003,48.60000000000004,49.800000000000026,49.60000000000002,52.80000000000007,53.200000000000045
70200,0,35.900000000000084,49.50000000000002,51.800000000000026,50.80000000000004,49.60000000000002,52.00000000000003,53.200000000000074,49.100000000000044
70200,1,45.900000000000084,47.60000000000002,39.800000000000026,46.30000000000003,51.700000000000024,51.50000000000002,53.300000000000075,53.40000000000005
70200,2,54.900000000000155,52.20000000000003,53.30000000000005,51.40000000000005,52.90000000000004,46.00000000000003,56.100000000000115,55.50000000000008
70200,3,52.30000000000012,52.10000000000003,50.70000000000004,53.50000000000005,52.60000000000004,47.90000000000003,48.9000000000001,54.20000000000006
70200,4,42.50000000000012,51.700000000000024,50.80000000000004,53.200000000000045,52.30000000000003,52.10000000000003,57.70000000000011,54.90000000000007
70200,5,54.90000000000013,52.30000000000003,46.30000000000003,51.70000000000005,50.500000000000036,52.10000000000003,53.50000000000011,55.00000000000007
70200,6,54.9000000000001,51.700000000000024,50.00000000000003,49.00000000000004,47.40000000000002,47.700000000000024,41.300000000000075,49.50000000000005
70200,7,55.0000000000001,46.80000000000001,49.50000000000002,50.60000000000004,51.800000000000026,45.40000000000002,18.600000000000065,49.800000000000054
70200,8,42.600000000000094,47.100000000000016,48.00000000000003,50.70000000000004,49.60000000000002,49.60000000000002,53.50000000000008,50.10000000000006
70200,9,53.300000000000104,51.90000000000003,52.00000000000003,50.30000000000003,51.60000000000002,51.50000000000002,41.40000000000008,35.40000000000005
70200,10,52.20000000000012,51.90000000000003,44.00000000000003,51.70000000000005,52.10000000000003,50.30000000000003,55.60000000000011,52.20000000000006
70200,11,35.60000000000008,45.20000000000002,51.100000000000016,53.50000000000005,49.50000000000002,49.30000000000002,53.50000000000008,51.40000000000005
70200,12,49.00000000000013,45.800000000000026,49.90000000000003,52.00000000000006,52.20000000000003,52.30000000000003,57.80000000000011,50.70000000000007
70200,13,47.1000000000001,52.10000000000003,52.500000000000036,39.800000000000026,47.50000000000002,52.00000000000003,54.40000000000009,52.20000000000006
70200,14,51.0000000000001,51.90000000000003,52.20000000000003,47.30000000000005,39.40000000000002,49.700000000000024,50.30000000000009,50.10000000000006
70200,15,51.60000000000011,51.700000000000024,52.10000000000003,53.30000000000005,52.400000000000034,49.800000000000026,53.2000000000001,37.60000000000005
70200,16,51.2000000000001,49.60000000000002,52.70000000000004,50.70000000000004,51.90000000000003,43.60000000000002,37.900000000000084,50.30000000000006
70200,17,52.700000000000124,51.700000000000024,48.80000000000004,42.400000000000034,41.30000000000002,50.30000000000003,50.30000000000009,54.10000000000006
70200,18,43.2000000000001,49.60000000000002,50.400000000000034,50.90000000000004,51.700000000000024,49.90000000000003,53.80000000000008,51.50000000000005
70200,19,58.50000000000012,51.90000000000003,52.00000000000003,53.800000000000054,52.10000000000003,48.10000000000003,48.700000000000095,39.100000000000044
70200,20,42.50000000000012,52.10000000000003,52.400000000000034,51.800000000000054,50.00000000000003,52.10000000000003,57.1000000000001,54.500000000000064
70200,21,41.80000000000008,38.60000000000001,50.00000000000003,48.90000000000004,52.00000000000003,51.60000000000002,56.000000000000085,49.900000000000055
70200,22,55.1000000000001,49.800000000000026,52.500000000000036,52.90000000000004,49.700000000000024,47.90000000000003,33.00000000000007,48.600000000000065
70200,23,55.50000000000011,51.800000000000026,45.700000000000024,53.100000000000044,50.20000000000003,47.700000000000024,45.900000000000084,39.30000000000005
70200,24,46.60000000000012,50.10000000000003,50.400000000000034,51.30000000000005,52.20000000000003,52.00000000000003,55.0000000000001,54.30000000000006
70200,25,46.9000000000001,47.40000000000002,43.700000000000024,46.70000000000004,43.100000000000016,51.700000000000024,49.50000000000008,54.10000000000006
70200,26,43.900000000000084,49.30000000000002,47.800000000000026,37.800000000000026,51.800000000000026,51.700000000000024,53.80000000000008,50.10000000000006
70200,27,57.70000000000011,51.60000000000002,48.30000000000003,53.30000000000005,47.90000000000003,51.800000000000026,42.30000000000009,49.900000000000055
70200,28,54.100000000000115,51.700000000000024,50.20000000000003,53.900000000000055,50.20000000000003,50.00000000000003,50.40000000000009,43.30000000000005
70200,29,34.20000000000009,49.50000000000002,50.10000000000003,48.60000000000004,49.800000000000026,49.60000000000002,52.90000000000007,53.200000000000045
70800,0,35.900000000000084,49.50000000000002,51.800000000000026,50.80000000000004,49.60000000000002,52.00000000000003,51.40000000000008,49.200000000000045
70800,1,45.900000000000084,47.60000000000002,39.800000000000026,46.30000000000003,51.700000000000024,51.50000000000002,53.300000000000075,53.40000000000005
70800,2,54.900000000000155,52.20000000000003,53.30000000000005,51.40000000000005,52.90000000000004,46.00000000000003,56.100000000000115,55.50000000000008
70800,3,52.30000000000012,52.10000000000003,50.70000000000004,53.50000000000005,52.60000000000004,47.90000000000003,47.0000000000001,54.30000000000006
70800,4,42.50000000000012,51.700000000000024,50.80000000000004,53.200000000000045,52.30000000000003,52.10000000000003,57.70000000000011,54.90000000000007
70800,5,54.90000000000013,52.30000000000003,46.30000000000003,51.70000000000005,50.500000000000036,52.10000000000003,53.50000000000011,55.00000000000007
70800,6,54.9000000000001,51.700000000000024,50.00000000000003,49.00000000000004,47.40000000000002,47.700000000000024,39.300000000000075,49.50000000000005
70800,7,55.0000000000001,46.80000000000001,49.50000000000002,50.60000000000004,51.800000000000026,45.40000000000002,18.600000000000065,49.800000000000054
70800,8,42.8000000000001,47.100000000000016,48.00000000000003,50.70000000000004,49.60000000000002,49.60000000000002,53.900000000000084,50.30000000000006
70800,9,53.400000000000105,51.90000000000003,52.00000000000003,50.30000000000003,51.60000000000002,51.50000000000002,41.50000000000008,35.50000000000005
70800,10,52.20000000000012,51.90000000000003,44.00000000000003,51.70000000000005,52.10000000000003,50.30000000000003,55.70000000000011,50.20000000000006
70800,11,35.70000000000008,45.20000000000002,51.100000000000016,53.50000000000005,49.50000000000002,49.30000000000002,51.80000000000008,51.50000000000005
70800,12,49.00000000000013,45.800000000000026,49.90000000000003,52.00000000000006,52.20000000000003,52.30000000000003,57.80000000000011,50.70000000000007
70800,13,47.300000000000104,52.10000000000003,52.500000000000036,39.800000000000026,47.50000000000002,52.00000000000003,54.8000000000001,52.40000000000006
70800,14,51.2000000000001,51.90000000000003,52.20000000000003,47.30000000000005,39.40000000000002,49.700000000000024,50.700000000000095,50.30000000000006
70800,15,51.60000000000011,51.700000000000024,52.10000000000003,53.30000000000005,52.400000000000034,49.800000000000026,53.2000000000001,37.60000000000005
70800,16,51.400000000000105,49.60000000000002,52.70000000000004,50.70000000000004,51.90000000000003,43.60000000000002,38.30000000000009,50.500000000000064
70800,17,52.90000000000013,51.700000000000024,48.80000000000004,42.400000000000034,41.30000000000002,50.30000000000003,50.700000000000095,54.30000000000006
70800,18,43.400000000000105,49.60000000000002,50.400000000000034,50.90000000000004,51.700000000000024,49.90000000000003,54.20000000000009,51.70000000000005
70800,19,58.50000000000012,51.90000000000003,52.00000000000003,53.800000000000054,52.10000000000003,48.10000000000003,48.8000000000001,37.100000000000044
70800,20,42.700000000000124,52.10000000000003,52.400000000000034,51.800000000000054,50.00000000000003,52.10000000000003,57.50000000000011,54.70000000000007
70800,21,41.80000000000008,38.60000000000001,50.00000000000003,48.90000000000004,52.00000000000003,51.60000000000002,56.000000000000085,49.900000000000055
70800,22,55.300000000000104,49.800000000000026,52.500000000000036,52.90000000000004,49.700000000000024,47.90000000000003,33.40000000000008,48.80000000000007
70800,23,55.70000000000011,51.800000000000026,45.700000000000024,53.100000000000044,50.20000000000003,47.700000000000024,46.30000000000009,39.50000000000005
70800,24,46.60000000000012,50.10000000000003,50.400000000000034,51.30000000000005,52.20000000000003,52.00000000000003,55.0000000000001,54.30000000000006
70800,25,46.9000000000001,47.40000000000002,43.700000000000024,46.70000000000004,43.100000000000016,51.700000000000024,49.50000000000008,54.10000000000006
70800,26,43.900000000000084,49.30000000000002,47.800000000000026,37.800000000000026,51.800000000000026,51.700000000000024,53.80000000000008,50.10000000000006
70800,27,57.70000000000011,51.60000000000002,48.30000000000003,53.30000000000005,47.90000000000003,51.800000000000026,42.30000000000009,49.900000000000055
70800,28,52.20000000000012,51.700000000000024,50.20000000000003,53.900000000000055,50.20000000000003,50.00000000000003,50.8000000000001,43.50000000000005
70800,29,32.20000000000009,49.50000000000002,50.10000000000003,48.60000000000004,49.800000000000026,49.60000000000002,53.200000000000074,53.30000000000005
71400,0,36.10000000000009,49.50000000000002,51.800000000000026,50.80000000000004,49.60000000000002,52.00000000000003,51.40000000000008,49.200000000000045
71400,1,46.000000000000085,47.60000000000002,39.800000000000026,46.30000000000003,51.700000000000024,51.50000000000002,53.300000000000075,53.40000000000005
71400,2,54.900000000000155,52.20000000000003,53.30000000000005,51.40000000000005,52.90000000000004,46.00000000000003,56.100000000000115,55.50000000000008
71400,3,52.30000000000012,52.10000000000003,50.70000000000004,53.50000000000005,52.60000000000004,47.90000000000003,47.0000000000001,54.30000000000006
71400,4,42.700000000000124,51.700000000000024,50.80000000000004,53.200000000000045,52.30000000000003,52.20000000000003,57.70000000000011,55.00000000000007
71400,5,54.90000000000013,52.30000000000003,46.30000000000003,51.70000000000005,50.500000000000036,50.10000000000003,53.50000000000011,55.00000000000007
71400,6,55.1000000000001,51.700000000000024,50.00000000000003,49.00000000000004,47.40000000000002,47.700000000000024,39.300000000000075,49.50000000000005
71400,7,55.2000000000001,46.80000000000001,49.50000000000002,50.60000000000004,51.800000000000026,45.50000000000002,18.600000000000065,49.800000000000054
71400,8,40.9000000000001,47.100000000000016,48.00000000000003,50.70000000000004,49.60000000000002,49.60000000000002,53.900000000000084,50.30000000000006
71400,9,53.70000000000011,51.90000000000003,52.00000000000003,50.30000000000003,51.60000000000002,51.60000000000002,41.50000000000008,35.60000000000005
71400,10,52.20000000000012,51.90000000000003,44.00000000000003,51.70000000000005,52.10000000000003,50.30000000000003,55.70000000000011,50.20000000000006
71400,11,35.70000000000008,45.20000000000002,51.100000000000016,53.50000000000005,49.50000000000002,49.30000000000002,51.80000000000008,51.50000000000005
71400,12,49.00000000000013,45.800000000000026,49.90000000000003,52.00000000000006,52.20000000000003,52.30000000000003,57.80000000000011,50.70000000000007
71400,13,45.400000000000105,52.10000000000003,52.500000000000036,39.800000000000026,47.50000000000002,52.10000000000003,54.8000000000001,52.500000000000064
71400,14,51.300000000000104,51.90000000000003,52.20000000000003,47.30000000000005,39.40000000000002,49.700000000000024,50.700000000000095,48.30000000000006
71400,15,51.80000000000011,51.700000000000024,52.10000000000003,53.30000000000005,52.400000000000034,49.90000000000003,53.2000000000001,37.60000000000005
71400,16,51.70000000000011,49.60000000000002,52.70000000000004,50.70000000000004,51.90000000000003,43.700000000000024,38.30000000000009,50.600000000000065
71400,17,53.20000000000013,51.700000000000024,48.80000000000004,42.400000000000034,41.30000000000002,50.400000000000034,50.700000000000095,54.40000000000006
71400,18,43.70000000000011,49.60000000000002,50.400000000000034,50.90000000000004,51.700000000000024,50.00000000000003,54.20000000000009,51.800000000000054
71400,19,58.50000000000012,51.90000000000003,52.00000000000003,53.800000000000054,52.10000000000003,48.10000000000003,48.8000000000001,37.100000000000044
71400,20,43.00000000000013,52.10000000000003,52.400000000000034,51.800000000000054,50.00000000000003,52.20000000000003,57.50000000000011,54.80000000000007
71400,21,41.80000000000008,38.60000000000001,50.00000000000003,48.90000000000004,52.00000000000003,51.60000000000002,56.000000000000085,49.900000000000055
71400,22,55.60000000000011,49.800000000000026,52.500000000000036,52.90000000000004,49.700000000000024,48.00000000000003,33.40000000000008,48.90000000000007
71400,23,56.000000000000114,51.800000000000026,45.700000000000024,53.100000000000044,50.20000000000003,47.800000000000026,46.30000000000009,39.60000000000005
71400,24,44.700000000000124,50.10000000000003,50.400000000000034,51.30000000000005,52.20000000000003,52.00000000000003,55.0000000000001,54.30000000000006
71400,25,47.2000000000001,47.40000000000002,43.700000000000024,46.70000000000004,43.100000000000016,51.800000000000026,49.50000000000008,54.20000000000006
71400,26,44.000000000000085,49.30000000000002,47.800000000000026,37.800000000000026,51.800000000000026,51.700000000000024,53.80000000000008,50.10000000000006
71400,27,57.90000000000011,51.60000000000002,48.30000000000003,53.30000000000005,47.90000000000003,51.90000000000003,42.30000000000009,50.00000000000006
71400,28,52.20000000000012,51.700000000000024,50.20000000000003,53.900000000000055,50.20000000000003,50.00000000000003,50.8000000000001,43.50000000000005
71400,29,32.20000000000009,49.50000000000002,50.10000000000003,48.60000000000004,49.800000000000026,49.60000000000002,53.200000000000074,53.30000000000005
72000,0,36.20000000000009,49.50000000000002,51.90000000000003,50.80000000000004,49.60000000000002,52.00000000000003,51.50000000000008,49.40000000000005
72000,1,46.10000000000009,47.60000000000002,37.800000000000026,46.30000000000003,51.700000000000024,51.50000000000002,53.40000000000008,53.60000000000005
72000,2,54.900000000000155,52.20000000000003,53.30000000000005,51.40000000000005,52.90000000000004,46.00000000000003,56.100000000000115,55.50000000000008
72000,3,52.40000000000012,52.10000000000003,50.80000000000004,53.50000000000005,52.60000000000004,47.90000000000003,47.1000000000001,54.500000000000064
72000,4,42.800000000000125,51.700000000000024,50.80000000000004,53.200000000000045,52.30000000000003,52.20000000000003,57.80000000000011,53.00000000000007
72000,5,54.90000000000013,52.30000000000003,46.30000000000003,51.70000000000005,50.500000000000036,50.10000000000003,53.50000000000011,55.00000000000007
72000,6,55.2000000000001,51.700000000000024,50.10000000000003,49.00000000000004,47.40000000000002,47.700000000000024,39.40000000000008,49.70000000000005
72000,7,55.2000000000001,46.80000000000001,49.50000000000002,50.60000000000004,51.800000000000026,45.50000000000002,16.600000000000065,49.800000000000054
72000,8,41.0000000000001,47.100000000000016,48.10000000000003,50.70000000000004,49.60000000000002,49.60000000000002,54.000000000000085,50.500000000000064
72000,9,53.80000000000011,51.90000000000003,52.10000000000003,50.30000000000003,51.60000000000002,51.60000000000002,41.60000000000008,35.800000000000054
72000,10,52.20000000000012,51.90000000000003,44.00000000000003,51.70000000000005,52.10000000000003,50.30000000000003,55.70000000000011,50.20000000000006
72000,11,35.70000000000008,45.20000000000002,51.20000000000002,53.50000000000005,49.50000000000002,49.30000000000002,51.80000000000008,51.60000000000005
72000,12,49.00000000000013,45.800000000000026,49.90000000000003,52.00000000000006,52.20000000000003,52.30000000000003,57.80000000000011,50.70000000000007
72000,13,45.400000000000105,52.10000000000003,52.500000000000036,39.800000000000026,47.50000000000002,52.10000000000003,54.8000000000001,52.500000000000064
72000,14,51.300000000000104,51.90000000000003,52.20000000000003,47.30000000000005,39.40000000000002,49.700000000000024,50.700000000000095,48.30000000000006
72000,15,51.90000000000011,51.700000000000024,52.10000000000003,53.30000000000005,52.400000000000034,49.90000000000003,53.300000000000104,35.70000000000005
72000,16,51.80000000000011,49.60000000000002,52.80000000000004,50.70000000000004,51.90000000000003,43.700000000000024,38.40000000000009,50.80000000000007
72000,17,53.30000000000013,51.700000000000024,48.90000000000004,42.400000000000034,41.30000000000002,50.400000000000034,50.8000000000001,54.600000000000065
72000,18,43.80000000000011,49.60000000000002,50.500000000000036,50.90000000000004,51.700000000000024,50.00000000000003,54.30000000000009,52.00000000000006
72000,19,58.50000000000012,51.90000000000003,52.10000000000003,53.800000000000054,52.10000000000003,48.10000000000003,48.8000000000001,37.30000000000005
72000,20,43.10000000000013,52.10000000000003,52.500000000000036,51.800000000000054,50.00000000000003,52.20000000000003,57.60000000000011,55.00000000000007
72000,21,41.80000000000008,38.60000000000001,50.10000000000003,48.90000000000004,52.00000000000003,51.60000000000002,56.000000000000085,50.00000000000006
72000,22,55.70000000000011,49.800000000000026,52.60000000000004,52.90000000000004,49.700000000000024,48.00000000000003,33.50000000000008,49.10000000000007
72000,23,56.100000000000115,51.800000000000026,45.800000000000026,53.100000000000044,50.20000000000003,47.800000000000026,46.40000000000009,39.800000000000054
72000,24,44.700000000000124,50.10000000000003,50.400000000000034,51.30000000000005,52.20000000000003,52.00000000000003,55.0000000000001,54.30000000000006
72000,25,47.300000000000104,47.40000000000002,43.800000000000026,46.70000000000004,43.100000000000016,51.800000000000026,49.60000000000008,54.40000000000006
72000,26,44.10000000000009,49.30000000000002,47.90000000000003,37.800000000000026,51.800000000000026,51.700000000000024,53.900000000000084,50.30000000000006
72000,27,58.000000000000114,51.60000000000002,48.400000000000034,53.30000000000005,47.90000000000003,51.90000000000003,42.40000000000009,50.20000000000006
72000,28,52.20000000000012,51.700000000000024,50.20000000000003,53.900000000000055,50.20000000000003,50.00000000000003,50.8000000000001,43.50000000000005
72000,29,30.200000000000088,49.50000000000002,50.10000000000003,48.60000000000004,49.800000000000026,49.60000000000002,53.300000000000075,53.30000000000005
72600,0,34.30000000000009,49.50000000000002,51.90000000000003,50.80000000000004,49.60000000000002,52.00000000000003,51.50000000000008,49.40000000000005
72600,1,46.10000000000009,47.60000000000002,37.800000000000026,46.30000000000003,51.700000000000024,51.50000000000002,53.40000000000008,53.60000000000005
72600,2,55.10000000000016,52.20000000000003,53.30000000000005,51.40000000000005,53.00000000000004,46.00000000000003,56.100000000000115,55.50000000000008
72600,3,52.700000000000124,52.10000000000003,50.80000000000004,53.50000000000005,52.70000000000004,47.90000000000003,47.1000000000001,54.500000000000064
72600,4,42.800000000000125,51.700000000000024,50.80000000000004,53.200000000000045,52.30000000000003,52.20000000000003,57.80000000000011,53.00000000000007
72600,5,55.10000000000013,52.30000000000003,46.30000000000003,51.70000000000005,50.60000000000004,50.10000000000003,53.50000000000011,55.00000000000007
72600,6,55.50000000000011,51.700000000000024,50.10000000000003,49.00000000000004,47.50000000000002,47.700000000000024,39.40000000000008,49.70000000000005
72600,7,55.2000000000001,46.80000000000001,49.50000000000002,50.60000000000004,51.800000000000026,45.50000000000002,16.600000000000065,49.800000000000054
72600,8,41.300000000000104,47.100000000000016,48.10000000000003,50.70000000000004,49.700000000000024,49.60000000000002,54.000000000000085,50.500000000000064
72600,9,54.100000000000115,51.90000000000003,52.10000000000003,50.30000000000003,51.700000000000024,51.60000000000002,41.60000000000008,35.800000000000054
72600,10,52.30000000000012,51.90000000000003,44.00000000000003,51.70000000000005,52.10000000000003,50.30000000000003,55.70000000000011,50.20000000000006
72600,11,33.900000000000084,45.20000000000002,51.20000000000002,53.50000000000005,49.60000000000002,49.30000000000002,51.80000000000008,51.60000000000005
72600,12,49.20000000000013,45.800000000000026,49.90000000000003,52.00000000000006,52.30000000000003,52.30000000000003,57.80000000000011,50.70000000000007
72600,13,45.400000000000105,52.10000000000003,52.500000000000036,39.800000000000026,47.50000000000002,52.10000000000003,54.8000000000001,52.500000000000064
72600,14,51.400000000000105,51.90000000000003,52.20000000000003,47.30000000000005,39.40000000000002,49.700000000000024,50.700000000000095,48.30000000000006
72600,15,51.90000000000011,51.700000000000024,52.10000000000003,53.30000000000005,52.400000000000034,49.90000000000003,53.300000000000104,35.70000000000005
72600,16,52.100000000000115,49.60000000000002,52.80000000000004,50.70000000000004,52.00000000000003,43.700000000000024,38.40000000000009,50.80000000000007
72600,17,53.600000000000136,51.700000000000024,48.90000000000004,42.400000000000034,41.40000000000002,50.400000000000034,50.8000000000001,54.600000000000065
72600,18,44.100000000000115,49.60000000000002,50.500000000000036,50.90000000000004,51.800000000000026,50.00000000000003,54.30000000000009,52.00000000000006
72600,19,58.800000000000125,51.90000000000003,52.10000000000003,53.800000000000054,52.20000000000003,48.10000000000003,48.8000000000001,37.30000000000005
72600,20,43.30000000000013,52.10000000000003,52.500000000000036,51.800000000000054,48.00000000000003,52.20000000000003,57.60000000000011,55.00000000000007
72600,21,39.80000000000008,38.60000000000001,50.10000000000003,48.90000000000004,52.00000000000003,51.60000000000002,56.000000000000085,50.00000000000006
72600,22,56.000000000000114,49.800000000000026,52.60000000000004,52.90000000000004,49.800000000000026,48.00000000000003,33.50000000000008,49.10000000000007
72600,23,56.40000000000012,51.800000000000026,45.800000000000026,53.100000000000044,50.30000000000003,47.800000000000026,46.40000000000009,39.800000000000054
72600,24,44.90000000000013,50.10000000000003,50.400000000000034,51.30000000000005,52.30000000000003,52.00000000000003,55.0000000000001,54.30000000000006
72600,25,47.60000000000011,47.40000000000002,43.800000000000026,46.70000000000004,43.20000000000002,51.800000000000026,49.60000000000008,54.40000000000006
72600,26,44.40000000000009,49.30000000000002,47.90000000000003,37.800000000000026,51.90000000000003,51.700000000000024,53.900000000000084,50.30000000000006
72600,27,58.30000000000012,51.60000000000002,48.400000000000034,53.30000000000005,48.00000000000003,51.90000000000003,42.40000000000009,50.20000000000006
72600,28,52.30000000000012,51.700000000000024,50.20000000000003,53.900000000000055,50.20000000000003,50.00000000000003,50.8000000000001,43.50000000000005
72600,29,30.200000000000088,49.50000000000002,50.10000000000003,48.60000000000004,49.800000000000026,49.60000000000002,53.300000000000075,53.30000000000005
73200,0,34.30000000000009,49.50000000000002,51.90000000000003,50.80000000000004,49.60000000000002,52.00000000000003,51.50000000000008,49.40000000000005
73200,1,46.20000000000009,47.60000000000002,37.800000000000026,46.30000000000003,51.700000000000024,51.50000000000002,53.50000000000008,53.60000000000005
73200,2,55.10000000000016,52.20000000000003,51.30000000000005,51.40000000000005,53.00000000000004,46.00000000000003,56.20000000000012,55.50000000000008
73200,3,52.800000000000125,52.10000000000003,50.90000000000004,53.60000000000005,52.70000000000004,47.90000000000003,47.300000000000104,54.500000000000064
73200,4,42.90000000000013,51.700000000000024,50.80000000000004,53.200000000000045,52.30000000000003,52.20000000000003,57.90000000000011,53.00000000000007
73200,5,55.10000000000013,52.30000000000003,46.400000000000034,49.70000000000005,50.60000000000004,50.10000000000003,53.60000000000011,55.00000000000007
73200,6,55.60000000000011,51.700000000000024,50.20000000000003,49.100000000000044,47.50000000000002,47.700000000000024,39.60000000000008,49.70000000000005
73200,7,55.300000000000104,46.80000000000001,49.60000000000002,50.70000000000004,51.800000000000026,45.50000000000002,16.800000000000068,49.800000000000054
73200,8,39.300000000000104,47.100000000000016,48.20000000000003,50.80000000000004,49.700000000000024,49.60000000000002,54.10000000000009,50.500000000000064
73200,9,54.20000000000012,51.90000000000003,52.20000000000003,50.400000000000034,51.700000000000024,51.60000000000002,41.80000000000008,35.800000000000054
73200,10,52.40000000000012,51.90000000000003,44.10000000000003,51.800000000000054,52.10000000000003,50.30000000000003,55.90000000000011,50.20000000000006
73200,11,33.900000000000084,45.20000000000002,51.20000000000002,53.50000000000005,49.60000000000002,49.30000000000002,51.80000000000008,51.60000000000005
73200,12,49.30000000000013,45.800000000000026,50.00000000000003,52.10000000000006,52.30000000000003,52.30000000000003,58.000000000000114,50.70000000000007
73200,13,45.400000000000105,52.10000000000003,52.500000000000036,39.800000000000026,47.50000000000002,52.10000000000003,54.8000000000001,52.500000000000064
73200,14,51.50000000000011,51.90000000000003,52.30000000000003,47.40000000000005,39.40000000000002,49.700000000000024,48.8000000000001,48.30000000000006
73200,15,51.90000000000011,51.700000000000024,52.10000000000003,53.30000000000005,52.400000000000034,49.90000000000003,53.300000000000104,35.70000000000005
73200,16,52.20000000000012,49.60000000000002,52.90000000000004,50.80000000000004,52.00000000000003,43.700000000000024,38.600000000000094,50.80000000000007
73200,17,53.70000000000014,51.700000000000024,49.00000000000004,42.500000000000036,41.40000000000002,50.400000000000034,51.0000000000001,54.600000000000065
73200,18,44.20000000000012,49.60000000000002,50.60000000000004,51.00000000000004,51.800000000000026,50.00000000000003,54.50000000000009,52.00000000000006
73200,19,58.90000000000013,51.90000000000003,52.20000000000003,53.900000000000055,52.20000000000003,48.10000000000003,49.0000000000001,37.30000000000005
73200,20,43.30000000000013,52.10000000000003,52.500000000000036,51.800000000000054,48.00000000000003,52.20000000000003,57.60000000000011,55.00000000000007
73200,21,39.80000000000008,38.60000000000001,50.10000000000003,48.90000000000004,52.00000000000003,51.60000000000002,56.000000000000085,50.00000000000006
73200,22,56.100000000000115,49.800000000000026,52.70000000000004,53.00000000000004,49.800000000000026,48.00000000000003,33.70000000000008,49.10000000000007
73200,23,56.50000000000012,51.800000000000026,45.90000000000003,53.200000000000045,50.30000000000003,47.800000000000026,46.600000000000094,39.800000000000054
73200,24,45.00000000000013,50.10000000000003,50.500000000000036,51.40000000000005,52.30000000000003,52.00000000000003,55.2000000000001,54.30000000000006
73200,25,47.60000000000011,47.40000000000002,43.800000000000026,46.70000000000004,43.20000000000002,51.800000000000026,47.60000000000008,54.40000000000006
73200,26,44.50000000000009,49.30000000000002,48.00000000000003,37.90000000000003,51.90000000000003,51.700000000000024,54.10000000000009,50.30000000000006
73200,27,58.40000000000012,51.60000000000002,48.500000000000036,53.40000000000005,48.00000000000003,51.90000000000003,42.600000000000094,50.20000000000006
73200,28,52.40000000000012,51.700000000000024,50.30000000000003,54.00000000000006,50.20000000000003,50.00000000000003,51.0000000000001,43.50000000000005
73200,29,30.200000000000088,49.50000000000002,50.10000000000003,48.60000000000004,49.800000000000026,49.60000000000002,53.300000000000075,53.30000000000005
73800,0,34.30000000000009,49.50000000000002,51.90000000000003,50.80000000000004,49.60000000000002,52.00000000000003,51.50000000000008,49.40000000000005
73800,1,46.40000000000009,47.60000000000002,37.800000000000026,46.30000000000003,51.800000000000026,51.50000000000002,53.60000000000008,53.900000000000055
73800,2,55.10000000000016,52.20000000000003,51.30000000000005,51.40000000000005,53.00000000000004,46.00000000000003,56.20000000000012,55.50000000000008
73800,3,53.00000000000013,52.10000000000003,50.90000000000004,53.60000000000005,52.80000000000004,47.90000000000003,47.400000000000105,52.600000000000065
73800,4,41.00000000000013,51.700000000000024,50.80000000000004,53.200000000000045,52.400000000000034,52.20000000000003,58.000000000000114,53.10000000000007
73800,5,55.10000000000013,52.30000000000003,46.400000000000034,49.70000000000005,50.60000000000004,50.10000000000003,53.60000000000011,55.00000000000007
73800,6,55.60000000000011,51.700000000000024,50.20000000000003,49.100000000000044,47.60000000000002,47.700000000000024,37.60000000000008,49.70000000000005
73800,7,55.50000000000011,46.80000000000001,49.60000000000002,50.70000000000004,51.90000000000003,45.50000000000002,16.90000000000007,48.00000000000006
73800,8,39.300000000000104,47.100000000000016,48.20000000000003,50.80000000000004,49.700000000000024,49.60000000000002,54.10000000000009,50.500000000000064
73800,9,54.40000000000012,51.90000000000003,52.20000000000003,50.400000000000034,51.800000000000026,51.60000000000002,41.900000000000084,36.10000000000006
73800,10,52.60000000000012,51.90000000000003,44.10000000000003,51.800000000000054,52.20000000000003,50.30000000000003,56.000000000000114,50.500000000000064
73800,11,34.10000000000009,45.20000000000002,51.20000000000002,53.50000000000005,49.700000000000024,49.30000000000002,51.900000000000084,51.900000000000055
73800,12,49.500000000000135,45.800000000000026,50.00000000000003,52.10000000000006,52.400000000000034,52.30000000000003,58.100000000000115,51.00000000000007
73800,13,45.60000000000011,52.10000000000003,52.500000000000036,39.800000000000026,47.60000000000002,52.10000000000003,54.9000000000001,52.80000000000007
73800,14,51.50000000000011,51.90000000000003,52.30000000000003,47.40000000000005,39.40000000000002,49.700000000000024,48.8000000000001,48.30000000000006
73800,15,52.100000000000115,51.700000000000024,52.10000000000003,53.30000000000005,52.500000000000036,49.90000000000003,53.400000000000105,36.00000000000006
73800,16,52.40000000000012,49.60000000000002,52.90000000000004,50.80000000000004,52.10000000000003,43.700000000000024,38.700000000000095,51.10000000000007
73800,17,53.90000000000014,51.700000000000024,49.00000000000004,42.500000000000036,41.50000000000002,50.400000000000034,51.1000000000001,54.90000000000007
73800,18,44.40000000000012,49.60000000000002,50.60000000000004,51.00000000000004,51.90000000000003,50.00000000000003,54.600000000000094,52.30000000000006
73800,19,58.90000000000013,51.90000000000003,52.20000000000003,53.900000000000055,50.20000000000003,48.10000000000003,49.0000000000001,37.30000000000005
73800,20,43.30000000000013,52.10000000000003,52.500000000000036,51.800000000000054,48.10000000000003,52.20000000000003,57.70000000000011,53.00000000000007
73800,21,39.80000000000008,38.60000000000001,50.10000000000003,48.90000000000004,52.00000000000003,51.60000000000002,56.000000000000085,50.00000000000006
73800,22,56.30000000000012,49.800000000000026,52.70000000000004,53.00000000000004,49.90000000000003,48.00000000000003,33.80000000000008,49.40000000000008
73800,23,56.700000000000124,51.800000000000026,45.90000000000003,53.200000000000045,50.400000000000034,47.800000000000026,46.700000000000095,40.10000000000006
73800,24,45.20000000000013,50.10000000000003,50.500000000000036,51.40000000000005,52.400000000000034,52.00000000000003,55.300000000000104,54.600000000000065
73800,25,47.80000000000011,47.40000000000002,43.800000000000026,46.70000000000004,43.20000000000002,51.800000000000026,47.60000000000008,54.70000000000007
73800,26,42.50000000000009,49.30000000000002,48.00000000000003,37.90000000000003,52.00000000000003,51.700000000000024,54.20000000000009,50.40000000000006
73800,27,58.60000000000012,51.60000000000002,48.500000000000036,53.40000000000005,48.10000000000003,51.90000000000003,42.700000000000095,50.500000000000064
73800,28,52.60000000000012,51.700000000000024,50.30000000000003,54.00000000000006,50.30000000000003,50.00000000000003,51.1000000000001,43.800000000000054
73800,29,30.200000000000088,49.50000000000002,50.10000000000003,48.60000000000004,49.800000000000026,49.60000000000002,53.300000000000075,53.30000000000005
74400,0,34.30000000000009,49.50000000000002,51.90000000000003,50.80000000000004,49.60000000000002,52.00000000000003,51.50000000000008,49.40000000000005
74400,1,46.50000000000009,47.800000000000026,37.800000000000026,46.400000000000034,51.800000000000026,51.50000000000002,53.60000000000008,53.900000000000055
74400,2,55.10000000000016,52.20000000000003,51.30000000000005,51.40000000000005,53.00000000000004,46.00000000000003,56.20000000000012,55.50000000000008
74400,3,53.00000000000013,52.10000000000003,50.90000000000004,53.60000000000005,52.80000000000004,47.90000000000003,47.400000000000105,52.600000000000065
74400,4,41.00000000000013,51.700000000000024,50.80000000000004,53.200000000000045,52.400000000000034,52.20000000000003,58.000000000000114,53.10000000000007
74400,5,55.10000000000013,52.30000000000003,46.400000000000034,49.70000000000005,50.60000000000004,50.10000000000003,53.60000000000011,55.00000000000007
74400,6,55.60000000000011,51.800000000000026,50.20000000000003,49.100000000000044,47.60000000000002,47.700000000000024,37.60000000000008,49.70000000000005
74400,7,55.50000000000011,46.80000000000001,49.60000000000002,50.70000000000004,51.90000000000003,45.50000000000002,16.90000000000007,48.00000000000006
74400,8,39.300000000000104,47.100000000000016,48.20000000000003,50.80000000000004,49.700000000000024,49.60000000000002,54.10000000000009,50.500000000000064
74400,9,54.50000000000012,52.10000000000003,52.20000000000003,50.500000000000036,51.800000000000026,51.60000000000002,41.900000000000084,36.10000000000006
74400,10,52.700000000000124,52.10000000000003,44.10000000000003,51.900000000000055,52.20000000000003,50.30000000000003,56.000000000000114,50.500000000000064
74400,11,34.20000000000009,45.40000000000002,51.20000000000002,53.60000000000005,49.700000000000024,49.30000000000002,51.900000000000084,51.900000000000055
74400,12,49.600000000000136,46.00000000000003,50.00000000000003,52.20000000000006,52.400000000000034,52.30000000000003,58.100000000000115,51.00000000000007
74400,13,45.60000000000011,52.10000000000003,52.500000000000036,37.800000000000026,47.60000000000002,52.10000000000003,54.9000000000001,52.80000000000007
74400,14,51.60000000000011,50.00000000000003,52.30000000000003,47.50000000000005,39.40000000000002,49.700000000000024,48.8000000000001,48.30000000000006
74400,15,52.20000000000012,51.90000000000003,52.10000000000003,53.40000000000005,52.500000000000036,49.90000000000003,53.400000000000105,36.00000000000006
74400,16,52.50000000000012,49.800000000000026,52.90000000000004,50.90000000000004,52.10000000000003,43.700000000000024,38.700000000000095,51.10000000000007
74400,17,54.00000000000014,51.90000000000003,49.00000000000004,42.60000000000004,41.50000000000002,50.400000000000034,51.1000000000001,54.90000000000007
74400,18,44.50000000000012,49.800000000000026,50.60000000000004,51.100000000000044,51.90000000000003,50.00000000000003,54.600000000000094,52.30000000000006
74400,19,58.90000000000013,51.90000000000003,52.20000000000003,53.900000000000055,50.20000000000003,48.10000000000003,49.0000000000001,37.30000000000005
74400,20,43.30000000000013,52.10000000000003,52.500000000000036,51.800000000000054,48.10000000000003,52.20000000000003,57.70000000000011,53.00000000000007
74400,21,39.900000000000084,38.80000000000001,50.10000000000003,49.00000000000004,52.00000000000003,51.60000000000002,56.000000000000085,50.00000000000006
74400,22,56.40000000000012,50.00000000000003,52.70000000000004,53.100000000000044,49.90000000000003,48.00000000000003,33.80000000000008,49.40000000000008
74400,23,56.800000000000125,52.00000000000003,45.90000000000003,53.30000000000005,50.400000000000034,47.800000000000026,46.700000000000095,40.10000000000006
74400,24,45.30000000000013,50.30000000000003,50.500000000000036,51.50000000000005,52.400000000000034,52.00000000000003,55.300000000000104,54.600000000000065
74400,25,47.90000000000011,47.60000000000002,43.800000000000026,46.80000000000004,43.20000000000002,51.800000000000026,47.60000000000008,54.70000000000007
74400,26,42.50000000000009,49.30000000000002,48.00000000000003,37.90000000000003,52.00000000000003,51.700000000000024,54.20000000000009,50.40000000000006
74400,27,58.700000000000124,51.800000000000026,48.500000000000036,53.50000000000005,48.10000000000003,51.90000000000003,42.700000000000095,50.500000000000064
74400,28,50.60000000000012,51.800000000000026,50.30000000000003,54.10000000000006,50.30000000000003,50.00000000000003,51.1000000000001,43.800000000000054
74400,29,30.200000000000088,47.50000000000002,50.10000000000003,48.70000000000004,49.800000000000026,49.60000000000002,53.300000000000075,53.30000000000005
75000,0,34.30000000000009,49.50000000000002,51.90000000000003,50.80000000000004,49.60000000000002,52.00000000000003,51.50000000000008,49.40000000000005
75000,1,46.50000000000009,47.800000000000026,37.800000000000026,46.400000000000034,51.90000000000003,49.50000000000002,53.60000000000008,53.900000000000055
75000,2,55.10000000000016,52.30000000000003,51.40000000000005,51.40000000000005,53.100000000000044,46.10000000000003,56.20000000000012,55.50000000000008
75000,3,53.00000000000013,52.20000000000003,51.00000000000004,53.60000000000005,52.80000000000004,47.90000000000003,47.400000000000105,52.600000000000065
75000,4,41.00000000000013,51.700000000000024,50.80000000000004,53.200000000000045,52.400000000000034,52.20000000000003,58.000000000000114,53.10000000000007
75000,5,55.10000000000013,52.400000000000034,46.500000000000036,49.70000000000005,50.60000000000004,50.10000000000003,53.60000000000011,55.00000000000007
75000,6,55.60000000000011,51.90000000000003,50.30000000000003,49.100000000000044,47.700000000000024,47.800000000000026,37.60000000000008,49.70000000000005
75000,7,55.50000000000011,46.90000000000001,49.700000000000024,50.70000000000004,51.90000000000003,45.50000000000002,16.90000000000007,48.00000000000006
75000,8,39.300000000000104,47.20000000000002,48.30000000000003,50.80000000000004,49.700000000000024,49.60000000000002,54.10000000000009,50.500000000000064
75000,9,54.50000000000012,52.20000000000003,52.30000000000003,50.500000000000036,51.90000000000003,51.700000000000024,41.900000000000084,36.10000000000006
75000,10,52.700000000000124,52.20000000000003,42.10000000000003,51.900000000000055,52.30000000000003,50.400000000000034,56.000000000000114,50.500000000000064
75000,11,34.20000000000009,45.50000000000002,51.30000000000002,53.60000000000005,49.800000000000026,49.40000000000002,51.900000000000084,51.900000000000055
75000,12,49.600000000000136,46.10000000000003,50.10000000000003,52.20000000000006,52.500000000000036,52.400000000000034,58.100000000000115,51.00000000000007
75000,13,45.60000000000011,52.10000000000003,52.500000000000036,37.800000000000026,47.60000000000002,52.10000000000003,54.9000000000001,52.80000000000007
75000,14,51.60000000000011,50.10000000000003,52.400000000000034,47.50000000000005,39.40000000000002,49.700000000000024,48.8000000000001,48.30000000000006
75000,15,52.20000000000012,52.00000000000003,52.20000000000003,53.40000000000005,52.60000000000004,50.00000000000003,53.400000000000105,36.00000000000006
75000,16,52.50000000000012,49.90000000000003,53.00000000000004,50.90000000000004,52.20000000000003,43.800000000000026,38.700000000000095,51.10000000000007
75000,17,54.00000000000014,52.00000000000003,49.100000000000044,42.60000000000004,41.60000000000002,50.500000000000036,51.1000000000001,54.90000000000007
75000,18,44.50000000000012,49.90000000000003,50.70000000000004,51.100000000000044,52.00000000000003,50.10000000000003,54.600000000000094,52.30000000000006
75000,19,58.90000000000013,52.00000000000003,52.30000000000003,53.900000000000055,50.20000000000003,48.10000000000003,49.0000000000001,37.30000000000005
75000,20,43.30000000000013,52.20000000000003,52.60000000000004,51.800000000000054,48.20000000000003,52.30000000000003,57.70000000000011,53.00000000000007
75000,21,39.900000000000084,36.80000000000001,50.10000000000003,49.00000000000004,52.10000000000003,51.700000000000024,56.000000000000085,50.00000000000006
75000,22,56.40000000000012,50.10000000000003,52.80000000000004,53.100000000000044,50.00000000000003,48.10000000000003,33.80000000000008,49.40000000000008
75000,23,56.800000000000125,52.10000000000003,46.00000000000003,53.30000000000005,50.500000000000036,47.90000000000003,46.700000000000095,40.10000000000006
75000,24,45.30000000000013,50.400000000000034,50.60000000000004,51.50000000000005,52.500000000000036,52.10000000000003,55.300000000000104,54.600000000000065
75000,25,47.90000000000011,47.700000000000024,43.90000000000003,46.80000000000004,41.20000000000002,51.800000000000026,47.60000000000008,54.70000000000007
75000,26,42.50000000000009,49.40000000000002,48.10000000000003,37.90000000000003,52.00000000000003,51.700000000000024,54.20000000000009,50.40000000000006
75000,27,58.700000000000124,51.90000000000003,48.60000000000004,53.50000000000005,48.20000000000003,52.00000000000003,42.700000000000095,50.500000000000064
75000,28,50.60000000000012,51.800000000000026,50.30000000000003,54.10000000000006,50.30000000000003,50.00000000000003,51.1000000000001,43.800000000000054
75000,29,30.200000000000088,47.50000000000002,50.10000000000003,48.70000000000004,49.800000000000026,49.60000000000002,53.300000000000075,53.30000000000005
75600,0,34.30000000000009,49.50000000000002,51.90000000000003,50.90000000000004,49.60000000000002,52.00000000000003,51.50000000000008,49.40000000000005
75600,1,46.50000000000009,47.800000000000026,37.800000000000026,46.500000000000036,51.90000000000003,49.50000000000002,53.60000000000008,53.900000000000055
75600,2,55.10000000000016,52.30000000000003,51.40000000000005,51.50000000000005,53.100000000000044,46.20000000000003,56.20000000000012,55.50000000000008
75600,3,53.00000000000013,52.20000000000003,51.00000000000004,53.70000000000005,52.80000000000004,48.00000000000003,47.400000000000105,52.600000000000065
75600,4,41.00000000000013,51.700000000000024,50.80000000000004,53.200000000000045,52.400000000000034,52.20000000000003,58.000000000000114,53.10000000000007
75600,5,55.10000000000013,52.400000000000034,46.500000000000036,49.800000000000054,50.60000000000004,50.20000000000003,53.60000000000011,55.00000000000007
75600,6,55.60000000000011,51.90000000000003,50.30000000000003,49.200000000000045,47.700000000000024,47.90000000000003,37.60000000000008,49.70000000000005
75600,7,55.50000000000011,46.90000000000001,49.700000000000024,50.80000000000004,51.90000000000003,45.60000000000002,16.90000000000007,48.00000000000006
75600,8,39.300000000000104,47.20000000000002,48.30000000000003,50.90000000000004,49.700000000000024,49.700000000000024,54.10000000000009,50.500000000000064
75600,9,54.50000000000012,52.20000000000003,52.30000000000003,50.60000000000004,51.90000000000003,51.800000000000026,41.900000000000084,36.10000000000006
75600,10,52.700000000000124,52.20000000000003,42.10000000000003,51.900000000000055,52.30000000000003,50.400000000000034,56.000000000000114,50.500000000000064
75600,11,34.20000000000009,45.50000000000002,51.30000000000002,53.70000000000005,49.800000000000026,49.50000000000002,51.900000000000084,51.900000000000055
75600,12,49.600000000000136,46.10000000000003,50.10000000000003,52.30000000000006,52.500000000000036,52.500000000000036,58.100000000000115,51.00000000000007
75600,13,45.60000000000011,52.10000000000003,52.500000000000036,35.800000000000026,47.60000000000002,52.20000000000003,54.9000000000001,52.80000000000007
75600,14,51.60000000000011,50.10000000000003,52.400000000000034,47.60000000000005,39.40000000000002,49.800000000000026,48.8000000000001,48.30000000000006
75600,15,52.20000000000012,52.00000000000003,52.20000000000003,53.50000000000005,52.60000000000004,50.10000000000003,53.400000000000105,36.00000000000006
75600,16,52.50000000000012,49.90000000000003,53.00000000000004,51.00000000000004,52.20000000000003,43.90000000000003,38.700000000000095,51.10000000000007
75600,17,54.00000000000014,52.00000000000003,49.100000000000044,42.70000000000004,41.60000000000002,50.60000000000004,51.1000000000001,54.90000000000007
75600,18,44.50000000000012,49.90000000000003,50.70000000000004,51.200000000000045,52.00000000000003,50.20000000000003,54.600000000000094,52.30000000000006
75600,19,58.90000000000013,52.00000000000003,52.30000000000003,54.00000000000006,50.20000000000003,48.20000000000003,49.0000000000001,37.30000000000005
75600,20,43.30000000000013,52.20000000000003,52.60000000000004,51.800000000000054,48.20000000000003,50.30000000000003,57.70000000000011,53.00000000000007
75600,21,39.900000000000084,36.80000000000001,50.10000000000003,49.00000000000004,52.10000000000003,51.700000000000024,56.000000000000085,50.00000000000006
75600,22,56.40000000000012,50.10000000000003,52.80000000000004,53.200000000000045,50.00000000000003,48.20000000000003,33.80000000000008,49.40000000000008
75600,23,56.800000000000125,52.10000000000003,46.00000000000003,53.40000000000005,50.500000000000036,48.00000000000003,46.700000000000095,40.10000000000006
75600,24,45.30000000000013,50.400000000000034,50.60000000000004,51.60000000000005,52.500000000000036,52.20000000000003,55.300000000000104,54.600000000000065
75600,25,47.90000000000011,47.700000000000024,43.90000000000003,46.90000000000004,41.20000000000002,51.90000000000003,47.60000000000008,54.70000000000007
75600,26,42.50000000000009,49.40000000000002,48.10000000000003,38.00000000000003,52.00000000000003,51.800000000000026,54.20000000000009,50.40000000000006
75600,27,58.700000000000124,51.90000000000003,48.60000000000004,53.60000000000005,48.20000000000003,52.10000000000003,42.700000000000095,50.500000000000064
75600,28,50.60000000000012,51.800000000000026,50.30000000000003,54.10000000000006,50.30000000000003,50.00000000000003,51.1000000000001,43.800000000000054
75600,29,30.200000000000088,47.50000000000002,50.10000000000003,48.70000000000004,49.800000000000026,49.60000000000002,53.300000000000075,53.30000000000005
76200,0,34.50000000000009,49.60000000000002,52.00000000000003,50.90000000000004,49.60000000000002,52.00000000000003,51.50000000000008,49.50000000000005
76200,1,46.700000000000095,47.90000000000003,37.90000000000003,46.500000000000036,51.90000000000003,49.50000000000002,53.60000000000008,54.00000000000006
76200,2,53.20000000000016,52.30000000000003,51.50000000000005,51.50000000000005,53.100000000000044,46.20000000000003,56.20000000000012,55.60000000000008
76200,3,53.00000000000013,52.20000000000003,49.00000000000004,53.70000000000005,52.80000000000004,48.00000000000003,47.400000000000105,52.600000000000065
76200,4,41.20000000000013,51.800000000000026,50.90000000000004,53.200000000000045,52.400000000000034,52.20000000000003,58.000000000000114,53.200000000000074
76200,5,55.30000000000013,52.500000000000036,46.60000000000004,49.800000000000054,50.60000000000004,50.20000000000003,53.60000000000011,55.10000000000007
76200,6,55.80000000000011,52.00000000000003,50.400000000000034,49.200000000000045,47.700000000000024,47.90000000000003,37.60000000000008,49.800000000000054
76200,7,55.70000000000011,47.000000000000014,49.800000000000026,50.80000000000004,51.90000000000003,45.60000000000002,16.90000000000007,48.10000000000006
76200,8,39.50000000000011,45.20000000000002,48.400000000000034,50.90000000000004,49.700000000000024,49.700000000000024,54.10000000000009,50.600000000000065
76200,9,54.700000000000124,52.30000000000003,52.400000000000034,50.60000000000004,51.90000000000003,51.800000000000026,41.900000000000084,36.20000000000006
76200,10,52.90000000000013,52.30000000000003,42.10000000000003,51.900000000000055,52.30000000000003,50.400000000000034,56.000000000000114,50.600000000000065
76200,11,34.40000000000009,45.60000000000002,51.40000000000002,53.70000000000005,49.800000000000026,49.50000000000002,51.900000000000084,52.00000000000006
76200,12,49.80000000000014,46.20000000000003,50.20000000000003,52.30000000000006,52.500000000000036,52.500000000000036,58.100000000000115,51.10000000000007
76200,13,45.70000000000011,52.20000000000003,52.500000000000036,35.800000000000026,47.60000000000002,52.20000000000003,54.9000000000001,52.90000000000007
76200,14,49.60000000000011,50.10000000000003,52.500000000000036,47.60000000000005,39.40000000000002,49.800000000000026,48.8000000000001,48.30000000000006
76200,15,52.40000000000012,52.10000000000003,52.30000000000003,53.50000000000005,52.60000000000004,50.10000000000003,53.400000000000105,36.10000000000006
76200,16,52.700000000000124,50.00000000000003,53.100000000000044,51.00000000000004,52.20000000000003,43.90000000000003,38.700000000000095,51.200000000000074
76200,17,54.200000000000145,52.10000000000003,49.200000000000045,42.70000000000004,41.60000000000002,50.60000000000004,51.1000000000001,55.00000000000007
76200,18,44.700000000000124,50.00000000000003,50.80000000000004,51.200000000000045,52.00000000000003,50.20000000000003,54.600000000000094,52.40000000000006
76200,19,59.10000000000013,52.10000000000003,52.400000000000034,54.00000000000006,50.20000000000003,48.20000000000003,49.0000000000001,37.40000000000005
76200,20,43.30000000000013,52.30000000000003,52.60000000000004,51.800000000000054,48.20000000000003,50.30000000000003,57.70000000000011,53.00000000000007
76200,21,39.900000000000084,36.80000000000001,50.10000000000003,49.00000000000004,52.10000000000003,51.700000000000024,56.000000000000085,48.00000000000006
76200,22,56.60000000000012,50.20000000000003,52.90000000000004,53.200000000000045,50.00000000000003,48.20000000000003,33.80000000000008,49.50000000000008
76200,23,57.00000000000013,52.20000000000003,46.10000000000003,53.40000000000005,50.500000000000036,48.00000000000003,46.700000000000095,40.20000000000006
76200,24,45.500000000000135,50.500000000000036,50.70000000000004,51.60000000000005,52.500000000000036,52.20000000000003,55.300000000000104,54.70000000000007
76200,25,48.100000000000115,47.800000000000026,44.00000000000003,46.90000000000004,41.20000000000002,51.90000000000003,47.60000000000008,54.80000000000007
76200,26,42.700000000000095,49.50000000000002,48.20000000000003,38.00000000000003,52.00000000000003,51.800000000000026,54.20000000000009,50.500000000000064
76200,27,58.90000000000013,52.00000000000003,48.70000000000004,53.60000000000005,48.20000000000003,52.10000000000003,42.700000000000095,50.600000000000065
76200,28,50.700000000000124,51.90000000000003,50.30000000000003,54.10000000000006,50.30000000000003,50.00000000000003,51.1000000000001,43.900000000000055
76200,29,30.30000000000009,47.60000000000002,50.10000000000003,48.70000000000004,49.800000000000026,49.60000000000002,53.300000000000075,53.40000000000005
76800,0,34.50000000000009,49.60000000000002,52.00000000000003,50.90000000000004,49.60000000000002,52.00000000000003,51.50000000000008,49.50000000000005
76800,1,46.700000000000095,47.90000000000003,37.90000000000003,46.500000000000036,51.90000000000003,49.50000000000002,53.60000000000008,54.00000000000006
76800,2,53.20000000000016,52.30000000000003,51.50000000000005,51.50000000000005,53.100000000000044,46.20000000000003,56.20000000000012,55.60000000000008
76800,3,53.00000000000013,52.20000000000003,49.00000000000004,53.70000000000005,52.80000000000004,48.00000000000003,47.400000000000105,52.600000000000065
76800,4,41.20000000000013,51.800000000000026,50.90000000000004,53.200000000000045,52.400000000000034,52.20000000000003,58.000000000000114,53.200000000000074
76800,5,55.30000000000013,52.500000000000036,46.60000000000004,49.800000000000054,50.60000000000004,50.20000000000003,53.60000000000011,55.10000000000007
76800,6,55.80000000000011,52.00000000000003,50.400000000000034,49.200000000000045,47.700000000000024,47.90000000000003,37.60000000000008,49.800000000000054
76800,7,55.70000000000011,47.000000000000014,49.800000000000026,50.80000000000004,51.90000000000003,45.60000000000002,16.90000000000007,48.10000000000006
76800,8,39.50000000000011,45.20000000000002,48.400000000000034,50.90000000000004,49.700000000000024,49.700000000000024,54.10000000000009,50.600000000000065
76800,9,54.700000000000124,52.30000000000003,52.400000000000034,50.60000000000004,51.90000000000003,51.800000000000026,41.900000000000084,36.20000000000006
76800,10,52.90000000000013,52.30000000000003,42.10000000000003,51.900000000000055,52.30000000000003,50.400000000000034,56.000000000000114,50.600000000000065
76800,11,34.40000000000009,45.60000000000002,51.40000000000002,53.70000000000005,49.800000000000026,49.50000000000002,51.900000000000084,52.00000000000006
76800,12,49.80000000000014,46.20000000000003,50.20000000000003,52.30000000000006,52.500000000000036,52.500000000000036,58.100000000000115,51.10000000000007
76800,13,45.70000000000011,52.20000000000003,52.500000000000036,35.800000000000026,47.60000000000002,52.20000000000003,54.9000000000001,52.90000000000007
76800,14,49.60000000000011,50.10000000000003,52.500000000000036,47.60000000000005,39.40000000000002,49.800000000000026,48.8000000000001,48.30000000000006
76800,15,52.40000000000012,52.10000000000003,52.30000000000003,53.50000000000005,52.60000000000004,50.10000000000003,53.400000000000105,36.10000000000006
76800,16,52.700000000000124,50.00000000000003,53.100000000000044,51.00000000000004,52.20000000000003,43.90000000000003,38.700000000000095,51.200000000000074
76800,17,54.200000000000145,52.10000000000003,49.200000000000045,42.70000000000004,41.60000000000002,50.60000000000004,51.1000000000001,55.00000000000007
76800,18,44.700000000000124,50.00000000000003,50.80000000000004,51.200000000000045,52.00000000000003,50.20000000000003,54.600000000000094,52.40000000000006
76800,19,59.10000000000013,52.10000000000003,52.400000000000034,54.00000000000006,50.20000000000003,48.20000000000003,49.0000000000001,37.40000000000005
76800,20,43.30000000000013,52.30000000000003,52.60000000000004,51.800000000000054,48.20000000000003,50.30000000000003,57.70000000000011,53.00000000000007
76800,21,39.900000000000084,36.80000000000001,50.10000000000003,49.00000000000004,52.10000000000003,51.700000000000024,56.000000000000085,48.00000000000006
76800,22,56.60000000000012,50.20000000000003,52.90000000000004,53.200000000000045,50.00000000000003,48.20000000000003,33.80000000000008,49.50000000000008
76800,23,57.00000000000013,52.20000000000003,46.10000000000003,53.40000000000005,50.500000000000036,48.00000000000003,46.700000000000095,40.20000000000006
76800,24,45.500000000000135,50.500000000000036,50.70000000000004,51.60000000000005,52.500000000000036,52.20000000000003,55.300000000000104,54.70000000000007
76800,25,48.100000000000115,47.800000000000026,44.00000000000003,46.90000000000004,41.20000000000002,51.90000000000003,47.60000000000008,54.80000000000007
76800,26,42.700000000000095,49.50000000000002,48.20000000000003,38.00000000000003,52.00000000000003,51.800000000000026,54.20000000000009,50.500000000000064
76800,27,58.90000000000013,52.00000000000003,48.70000000000004,53.60000000000005,48.20000000000003,52.10000000000003,42.700000000000095,50.600000000000065
76800,28,50.700000000000124,51.90000000000003,50.30000000000003,54.10000000000006,50.30000000000003,50.00000000000003,51.1000000000001,43.900000000000055
76800,29,30.30000000000009,47.60000000000002,50.10000000000003,48.70000000000004,49.800000000000026,49.60000000000002,53.300000000000075,53.40000000000005
77400,0,34.600000000000094,49.60000000000002,52.00000000000003,50.90000000000004,49.60000000000002,52.10000000000003,51.50000000000008,49.60000000000005
77400,1,46.8000000000001,47.90000000000003,37.90000000000003,46.500000000000036,51.90000000000003,49.60000000000002,53.60000000000008,54.10000000000006
77400,2,53.20000000000016,52.30000000000003,51.50000000000005,51.50000000000005,53.100000000000044,46.20000000000003,56.20000000000012,55.60000000000008
77400,3,53.10000000000013,52.20000000000003,49.00000000000004,53.70000000000005,52.80000000000004,48.10000000000003,47.400000000000105,52.70000000000007
77400,4,41.30000000000013,51.800000000000026,50.90000000000004,53.200000000000045,52.400000000000034,52.30000000000003,58.000000000000114,53.300000000000075
77400,5,55.400000000000134,52.500000000000036,46.60000000000004,49.800000000000054,50.60000000000004,50.30000000000003,53.60000000000011,55.200000000000074
77400,6,55.90000000000011,52.00000000000003,50.400000000000034,49.200000000000045,47.700000000000024,48.00000000000003,37.60000000000008,47.800000000000054
77400,7,55.80000000000011,47.000000000000014,49.800000000000026,50.80000000000004,51.90000000000003,45.700000000000024,16.90000000000007,48.20000000000006
77400,8,39.60000000000011,45.20000000000002,48.400000000000034,50.90000000000004,49.700000000000024,49.800000000000026,54.10000000000009,50.70000000000007
77400,9,54.800000000000125,52.30000000000003,52.400000000000034,50.60000000000004,51.90000000000003,51.90000000000003,41.900000000000084,36.30000000000006
77400,10,53.00000000000013,52.30000000000003,42.10000000000003,51.900000000000055,52.30000000000003,50.500000000000036,56.000000000000114,50.70000000000007
77400,11,32.40000000000009,45.60000000000002,51.40000000000002,53.70000000000005,49.800000000000026,49.60000000000002,51.900000000000084,52.00000000000006
77400,12,49.90000000000014,46.20000000000003,50.20000000000003,52.30000000000006,52.500000000000036,52.60000000000004,58.100000000000115,51.200000000000074
77400,13,45.80000000000011,52.20000000000003,52.500000000000036,35.800000000000026,47.60000000000002,52.30000000000003,54.9000000000001,53.00000000000007
77400,14,49.60000000000011,50.10000000000003,52.500000000000036,47.60000000000005,39.40000000000002,49.800000000000026,48.8000000000001,48.30000000000006
77400,15,52.50000000000012,52.10000000000003,52.30000000000003,53.50000000000005,52.60000000000004,50.20000000000003,53.400000000000105,36.20000000000006
77400,16,52.800000000000125,50.00000000000003,53.100000000000044,51.00000000000004,52.20000000000003,44.00000000000003,38.700000000000095,51.300000000000075
77400,17,54.300000000000146,52.10000000000003,49.200000000000045,42.70000000000004,41.60000000000002,50.70000000000004,51.1000000000001,55.10000000000007
77400,18,44.800000000000125,50.00000000000003,50.80000000000004,51.200000000000045,52.00000000000003,50.30000000000003,54.600000000000094,52.500000000000064
77400,19,59.20000000000013,52.10000000000003,52.400000000000034,54.00000000000006,50.20000000000003,48.30000000000003,49.0000000000001,37.50000000000005
77400,20,43.400000000000134,52.30000000000003,52.60000000000004,51.800000000000054,48.20000000000003,50.400000000000034,57.70000000000011,53.10000000000007
77400,21,40.000000000000085,36.80000000000001,50.10000000000003,49.00000000000004,52.10000000000003,51.800000000000026,56.000000000000085,48.10000000000006
77400,22,56.700000000000124,50.20000000000003,52.90000000000004,53.200000000000045,50.00000000000003,48.30000000000003,33.80000000000008,49.60000000000008
77400,23,57.10000000000013,52.20000000000003,46.10000000000003,53.40000000000005,50.500000000000036,48.10000000000003,46.700000000000095,40.30000000000006
77400,24,45.600000000000136,50.500000000000036,50.70000000000004,51.60000000000005,52.500000000000036,52.30000000000003,55.300000000000104,54.80000000000007
77400,25,48.20000000000012,47.800000000000026,44.00000000000003,46.90000000000004,41.20000000000002,52.00000000000003,47.60000000000008,54.90000000000007
77400,26,42.700000000000095,49.50000000000002,48.20000000000003,38.00000000000003,52.00000000000003,49.800000000000026,54.20000000000009,50.500000000000064
77400,27,59.00000000000013,52.00000000000003,48.70000000000004,53.60000000000005,48.20000000000003,52.20000000000003,42.700000000000095,50.70000000000007
77400,28,50.800000000000125,51.90000000000003,50.30000000000003,54.10000000000006,50.30000000000003,50.10000000000003,51.1000000000001,44.00000000000006
77400,29,30.40000000000009,47.60000000000002,50.10000000000003,48.70000000000004,49.800000000000026,49.700000000000024,53.300000000000075,53.50000000000005
78000,0,34.600000000000094,49.700000000000024,52.10000000000003,50.90000000000004,49.700000000000024,52.10000000000003,51.50000000000008,49.60000000000005
78000,1,46.8000000000001,48.00000000000003,38.00000000000003,46.500000000000036,52.00000000000003,49.60000000000002,53.60000000000008,54.10000000000006
78000,2,53.20000000000016,52.30000000000003,51.50000000000005,51.50000000000005,53.100000000000044,46.20000000000003,56.20000000000012,55.60000000000008
78000,3,53.10000000000013,52.30000000000003,49.100000000000044,53.70000000000005,52.90000000000004,48.10000000000003,47.400000000000105,52.70000000000007
78000,4,41.30000000000013,51.90000000000003,51.00000000000004,53.200000000000045,52.500000000000036,52.30000000000003,58.000000000000114,53.300000000000075
78000,5,55.400000000000134,52.60000000000004,46.70000000000004,49.800000000000054,50.70000000000004,50.30000000000003,53.60000000000011,55.200000000000074
78000,6,55.90000000000011,52.00000000000003,50.400000000000034,49.200000000000045,47.700000000000024,48.00000000000003,37.60000000000008,47.800000000000054
78000,7,55.80000000000011,47.100000000000016,49.90000000000003,50.80000000000004,52.00000000000003,45.700000000000024,16.90000000000007,48.20000000000006
78000,8,39.60000000000011,45.30000000000002,48.500000000000036,50.90000000000004,49.800000000000026,49.800000000000026,54.10000000000009,50.70000000000007
78000,9,54.800000000000125,52.400000000000034,52.500000000000036,50.60000000000004,52.00000000000003,51.90000000000003,41.900000000000084,36.30000000000006
78000,10,53.00000000000013,52.400000000000034,42.20000000000003,51.900000000000055,50.30000000000003,50.500000000000036,56.000000000000114,50.70000000000007
78000,11,32.40000000000009,45.60000000000002,51.40000000000002,53.70000000000005,49.800000000000026,49.60000000000002,51.900000000000084,52.00000000000006
78000,12,49.90000000000014,46.30000000000003,50.30000000000003,52.30000000000006,52.60000000000004,52.60000000000004,58.100000000000115,51.200000000000074
78000,13,45.80000000000011,50.20000000000003,52.500000000000036,35.800000000000026,47.60000000000002,52.30000000000003,54.9000000000001,53.00000000000007
78000,14,49.60000000000011,50.10000000000003,52.500000000000036,47.60000000000005,39.40000000000002,49.800000000000026,48.8000000000001,48.30000000000006
78000,15,52.50000000000012,52.20000000000003,52.400000000000034,53.50000000000005,52.70000000000004,50.20000000000003,53.400000000000105,36.20000000000006
78000,16,52.800000000000125,50.10000000000003,53.200000000000045,51.00000000000004,52.30000000000003,44.00000000000003,38.700000000000095,51.300000000000075
78000,17,54.300000000000146,52.20000000000003,49.30000000000005,42.70000000000004,41.700000000000024,50.70000000000004,51.1000000000001,55.10000000000007
78000,18,44.800000000000125,50.10000000000003,50.90000000000004,51.200000000000045,52.10000000000003,50.30000000000003,54.600000000000094,52.500000000000064
78000,19,59.20000000000013,52.20000000000003,52.500000000000036,54.00000000000006,50.30000000000003,48.30000000000003,49.0000000000001,37.50000000000005
78000,20,43.400000000000134,52.400000000000034,52.70000000000004,51.800000000000054,48.30000000000003,50.400000000000034,57.70000000000011,53.10000000000007
78000,21,40.000000000000085,36.90000000000001,50.20000000000003,49.00000000000004,52.20000000000003,51.800000000000026,56.000000000000085,48.10000000000006
78000,22,56.700000000000124,50.30000000000003,53.00000000000004,53.200000000000045,50.10000000000003,48.30000000000003,33.80000000000008,49.60000000000008
78000,23,57.10000000000013,52.30000000000003,46.20000000000003,53.40000000000005,50.60000000000004,48.10000000000003,46.700000000000095,40.30000000000006
78000,24,45.600000000000136,50.60000000000004,50.80000000000004,51.60000000000005,52.60000000000004,52.30000000000003,55.300000000000104,54.80000000000007
78000,25,48.20000000000012,47.90000000000003,42.00000000000003,46.90000000000004,41.20000000000002,52.00000000000003,47.60000000000008,54.90000000000007
78000,26,42.700000000000095,49.50000000000002,48.20000000000003,38.00000000000003,52.10000000000003,49.800000000000026,54.20000000000009,50.500000000000064
78000,27,59.00000000000013,52.10000000000003,48.80000000000004,53.60000000000005,48.30000000000003,52.20000000000003,42.700000000000095,50.70000000000007
78000,28,50.800000000000125,52.00000000000003,50.400000000000034,54.10000000000006,50.400000000000034,50.10000000000003,51.1000000000001,44.00000000000006
78000,29,30.40000000000009,47.700000000000024,50.20000000000003,48.70000000000004,49.90000000000003,49.700000000000024,53.300000000000075,53.50000000000005
78600,0,34.8000000000001,49.700000000000024,52.10000000000003,50.90000000000004,49.700000000000024,52.10000000000003,51.70000000000008,49.60000000000005
78600,1,44.9000000000001,48.00000000000003,38.00000000000003,46.500000000000036,52.00000000000003,49.60000000000002,53.80000000000008,54.10000000000006
78600,2,53.40000000000016,52.30000000000003,51.50000000000005,51.50000000000005,53.100000000000044,46.20000000000003,56.30000000000012,55.60000000000008
78600,3,53.20000000000013,52.30000000000003,49.100000000000044,53.70000000000005,52.90000000000004,48.10000000000003,45.50000000000011,52.70000000000007
78600,4,39.30000000000013,51.90000000000003,51.00000000000004,53.200000000000045,52.500000000000036,52.30000000000003,58.100000000000115,53.300000000000075
78600,5,55.600000000000136,52.60000000000004,46.70000000000004,49.800000000000054,50.70000000000004,50.30000000000003,53.80000000000011,55.200000000000074
78600,6,55.90000000000011,52.00000000000003,50.400000000000034,49.200000000000045,47.700000000000024,48.00000000000003,35.60000000000008,47.800000000000054
78600,7,56.000000000000114,47.100000000000016,49.90000000000003,50.80000000000004,52.00000000000003,45.700000000000024,17.100000000000072,48.20000000000006
78600,8,39.80000000000011,45.30000000000002,48.500000000000036,50.90000000000004,49.800000000000026,49.800000000000026,54.30000000000009,50.70000000000007
78600,9,55.00000000000013,52.400000000000034,52.500000000000036,50.60000000000004,52.00000000000003,51.90000000000003,42.10000000000009,36.30000000000006
78600,10,53.00000000000013,52.400000000000034,42.20000000000003,51.900000000000055,50.30000000000003,50.500000000000036,56.000000000000114,50.70000000000007
78600,11,32.40000000000009,45.60000000000002,51.40000000000002,53.70000000000005,49.800000000000026,49.60000000000002,51.900000000000084,52.00000000000006
78600,12,50.10000000000014,46.30000000000003,50.30000000000003,52.30000000000006,52.60000000000004,52.60000000000004,58.30000000000012,51.200000000000074
78600,13,45.80000000000011,50.20000000000003,52.500000000000036,35.800000000000026,47.60000000000002,52.30000000000003,54.9000000000001,53.00000000000007
78600,14,49.60000000000011,50.10000000000003,52.500000000000036,47.60000000000005,39.40000000000002,49.800000000000026,48.8000000000001,48.30000000000006
78600,15,52.700000000000124,52.20000000000003,52.400000000000034,53.50000000000005,52.70000000000004,50.20000000000003,53.60000000000011,36.20000000000006
78600,16,53.00000000000013,50.10000000000003,53.200000000000045,51.00000000000004,52.30000000000003,44.00000000000003,38.9000000000001,51.300000000000075
78600,17,54.50000000000015,52.20000000000003,49.30000000000005,42.70000000000004,41.700000000000024,50.70000000000004,51.300000000000104,55.10000000000007
78600,18,45.00000000000013,50.10000000000003,50.90000000000004,51.200000000000045,52.10000000000003,50.30000000000003,54.8000000000001,52.500000000000064
78600,19,59.400000000000134,52.20000000000003,52.500000000000036,54.00000000000006,50.30000000000003,48.30000000000003,49.2000000000001,37.50000000000005
78600,20,43.600000000000136,52.400000000000034,52.70000000000004,51.800000000000054,48.30000000000003,50.400000000000034,57.90000000000011,53.10000000000007
78600,21,40.20000000000009,36.90000000000001,50.20000000000003,49.00000000000004,52.20000000000003,51.800000000000026,56.20000000000009,48.10000000000006
78600,22,56.90000000000013,50.30000000000003,53.00000000000004,53.200000000000045,50.10000000000003,48.30000000000003,34.000000000000085,49.60000000000008
78600,23,57.30000000000013,52.30000000000003,46.20000000000003,53.40000000000005,50.60000000000004,48.10000000000003,46.9000000000001,40.30000000000006
78600,24,45.80000000000014,50.60000000000004,50.80000000000004,51.60000000000005,52.60000000000004,52.30000000000003,55.50000000000011,54.80000000000007
78600,25,48.20000000000012,47.90000000000003,42.00000000000003,46.90000000000004,41.20000000000002,52.00000000000003,47.60000000000008,54.90000000000007
78600,26,42.9000000000001,49.50000000000002,48.20000000000003,38.00000000000003,52.10000000000003,49.800000000000026,54.40000000000009,50.500000000000064
78600,27,59.20000000000013,52.10000000000003,48.80000000000004,53.60000000000005,48.30000000000003,52.20000000000003,42.9000000000001,50.70000000000007
78600,28,51.00000000000013,52.00000000000003,50.400000000000034,54.10000000000006,50.400000000000034,50.10000000000003,51.300000000000104,44.00000000000006
78600,29,30.600000000000094,47.700000000000024,50.20000000000003,48.70000000000004,49.90000000000003,49.700000000000024,53.50000000000008,53.50000000000005
79200,0,34.9000000000001,49.700000000000024,52.20000000000003,50.90000000000004,49.700000000000024,52.10000000000003,51.70000000000008,49.60000000000005
79200,1,44.9000000000001,48.00000000000003,38.00000000000003,46.500000000000036,52.00000000000003,49.60000000000002,53.80000000000008,54.10000000000006
79200,2,53.50000000000016,52.30000000000003,51.60000000000005,51.50000000000005,53.100000000000044,46.20000000000003,56.30000000000012,55.60000000000008
79200,3,53.20000000000013,52.30000000000003,49.100000000000044,53.70000000000005,52.90000000000004,48.10000000000003,45.50000000000011,52.70000000000007
79200,4,39.30000000000013,51.90000000000003,51.00000000000004,53.200000000000045,52.500000000000036,52.30000000000003,58.100000000000115,53.300000000000075
79200,5,55.70000000000014,52.60000000000004,46.80000000000004,49.800000000000054,50.70000000000004,50.30000000000003,53.80000000000011,55.200000000000074
79200,6,55.90000000000011,52.00000000000003,50.400000000000034,49.200000000000045,47.700000000000024,48.00000000000003,35.60000000000008,47.800000000000054
79200,7,54.000000000000114,47.100000000000016,49.90000000000003,50.80000000000004,52.00000000000003,45.700000000000024,17.100000000000072,48.20000000000006
79200,8,39.90000000000011,45.30000000000002,48.60000000000004,50.90000000000004,49.800000000000026,49.800000000000026,54.30000000000009,50.70000000000007
79200,9,55.10000000000013,52.400000000000034,52.60000000000004,50.60000000000004,52.00000000000003,51.90000000000003,42.10000000000009,36.30000000000006
79200,10,53.00000000000013,52.400000000000034,42.20000000000003,51.900000000000055,50.30000000000003,50.500000000000036,56.000000000000114,50.70000000000007
79200,11,32.50000000000009,45.60000000000002,51.50000000000002,53.70000000000005,49.800000000000026,49.60000000000002,51.900000000000084,52.00000000000006
79200,12,50.200000000000145,46.30000000000003,50.400000000000034,52.30000000000006,52.60000000000004,52.60000000000004,58.30000000000012,51.200000000000074
79200,13,45.80000000000011,50.20000000000003,52.500000000000036,35.800000000000026,47.60000000000002,52.30000000000003,54.9000000000001,53.00000000000007
79200,14,49.60000000000011,50.10000000000003,52.500000000000036,47.60000000000005,39.40000000000002,49.800000000000026,48.8000000000001,48.30000000000006
79200,15,52.800000000000125,52.20000000000003,52.500000000000036,53.50000000000005,52.70000000000004,50.20000000000003,53.60000000000011,36.20000000000006
79200,16,53.10000000000013,50.10000000000003,53.30000000000005,51.00000000000004,52.30000000000003,44.00000000000003,38.9000000000001,51.300000000000075
79200,17,54.60000000000015,52.20000000000003,49.40000000000005,42.70000000000004,41.700000000000024,50.70000000000004,51.300000000000104,55.10000000000007
79200,18,45.10000000000013,50.10000000000003,51.00000000000004,51.200000000000045,52.10000000000003,50.30000000000003,54.8000000000001,52.500000000000064
79200,19,59.500000000000135,52.20000000000003,52.60000000000004,54.00000000000006,50.30000000000003,48.30000000000003,49.2000000000001,37.50000000000005
79200,20,43.70000000000014,52.400000000000034,52.80000000000004,51.800000000000054,48.30000000000003,50.400000000000034,57.90000000000011,53.10000000000007
79200,21,40.30000000000009,36.90000000000001,48.20000000000003,49.00000000000004,52.20000000000003,51.800000000000026,56.20000000000009,48.10000000000006
79200,22,57.00000000000013,50.30000000000003,53.100000000000044,53.200000000000045,50.10000000000003,48.30000000000003,34.000000000000085,49.60000000000008
79200,23,57.400000000000134,52.30000000000003,46.30000000000003,53.40000000000005,50.60000000000004,48.10000000000003,46.9000000000001,40.30000000000006
79200,24,45.90000000000014,50.60000000000004,50.90000000000004,51.60000000000005,52.60000000000004,52.30000000000003,55.50000000000011,54.80000000000007
79200,25,48.20000000000012,47.90000000000003,42.00000000000003,46.90000000000004,41.20000000000002,52.00000000000003,47.60000000000008,54.90000000000007
79200,26,43.0000000000001,49.50000000000002,48.30000000000003,38.00000000000003,52.10000000000003,49.800000000000026,54.40000000000009,50.500000000000064
79200,27,59.30000000000013,52.10000000000003,48.90000000000004,53.60000000000005,48.30000000000003,52.20000000000003,42.9000000000001,50.70000000000007
79200,28,51.10000000000013,52.00000000000003,50.500000000000036,54.10000000000006,50.400000000000034,50.10000000000003,51.300000000000104,44.00000000000006
79200,29,30.700000000000095,47.700000000000024,50.30000000000003,48.70000000000004,49.90000000000003,49.700000000000024,53.50000000000008,53.50000000000005
79800,0,35.0000000000001,49.700000000000024,52.20000000000003,50.90000000000004,49.700000000000024,52.10000000000003,51.70000000000008,49.60000000000005
79800,1,44.9000000000001,48.00000000000003,38.00000000000003,46.500000000000036,52.00000000000003,49.60000000000002,53.80000000000008,54.10000000000006
79800,2,53.600000000000165,52.30000000000003,51.60000000000005,51.50000000000005,53.100000000000044,46.20000000000003,56.30000000000012,55.60000000000008
79800,3,53.30000000000013,52.30000000000003,49.100000000000044,53.70000000000005,52.90000000000004,48.10000000000003,45.50000000000011,52.70000000000007
79800,4,39.400000000000134,51.90000000000003,51.00000000000004,53.200000000000045,52.500000000000036,52.30000000000003,58.100000000000115,53.300000000000075
79800,5,55.80000000000014,52.60000000000004,46.80000000000004,49.800000000000054,50.70000000000004,50.30000000000003,53.80000000000011,55.200000000000074
79800,6,56.000000000000114,52.00000000000003,50.400000000000034,49.200000000000045,47.700000000000024,48.00000000000003,35.60000000000008,47.800000000000054
79800,7,54.000000000000114,47.100000000000016,49.90000000000003,50.80000000000004,52.00000000000003,45.700000000000024,17.100000000000072,48.20000000000006
79800,8,37.90000000000011,45.30000000000002,48.60000000000004,50.90000000000004,49.800000000000026,49.800000000000026,54.30000000000009,50.70000000000007
79800,9,55.20000000000013,52.400000000000034,52.60000000000004,50.60000000000004,52.00000000000003,51.90000000000003,42.10000000000009,36.30000000000006
79800,10,53.10000000000013,52.400000000000034,42.20000000000003,51.900000000000055,50.30000000000003,50.500000000000036,56.000000000000114,50.70000000000007
79800,11,32.600000000000094,45.60000000000002,51.50000000000002,53.70000000000005,49.800000000000026,49.60000000000002,51.900000000000084,52.00000000000006
79800,12,50.300000000000146,46.30000000000003,50.400000000000034,52.30000000000006,52.60000000000004,52.60000000000004,58.30000000000012,51.200000000000074
79800,13,45.80000000000011,50.20000000000003,52.500000000000036,35.800000000000026,47.60000000000002,52.30000000000003,54.9000000000001,53.00000000000007
79800,14,49.70000000000011,50.10000000000003,52.500000000000036,47.60000000000005,39.40000000000002,49.800000000000026,48.8000000000001,48.30000000000006
79800,15,52.90000000000013,52.20000000000003,52.500000000000036,53.50000000000005,52.70000000000004,50.20000000000003,53.60000000000011,36.20000000000006
79800,16,53.20000000000013,50.10000000000003,53.30000000000005,51.00000000000004,52.30000000000003,44.00000000000003,38.9000000000001,51.300000000000075
79800,17,54.70000000000015,52.20000000000003,49.40000000000005,42.70000000000004,41.700000000000024,50.70000000000004,51.300000000000104,55.10000000000007
79800,18,45.20000000000013,50.10000000000003,51.00000000000004,51.200000000000045,52.10000000000003,50.30000000000003,54.8000000000001,52.500000000000064
79800,19,59.600000000000136,52.20000000000003,52.60000000000004,54.00000000000006,50.30000000000003,48.30000000000003,49.2000000000001,37.50000000000005
79800,20,43.80000000000014,52.400000000000034,52.80000000000004,51.800000000000054,48.30000000000003,50.400000000000034,57.90000000000011,53.10000000000007
79800,21,40.30000000000009,36.90000000000001,48.20000000000003,49.00000000000004,52.20000000000003,51.800000000000026,56.20000000000009,48.10000000000006
79800,22,57.10000000000013,50.30000000000003,53.100000000000044,53.200000000000045,50.10000000000003,48.30000000000003,34.000000000000085,49.60000000000008
79800,23,57.500000000000135,52.30000000000003,46.30000000000003,53.40000000000005,50.60000000000004,48.10000000000003,46.9000000000001,40.30000000000006
79800,24,46.00000000000014,50.60000000000004,50.90000000000004,51.60000000000005,52.60000000000004,52.30000000000003,55.50000000000011,54.80000000000007
79800,25,48.20000000000012,47.90000000000003,42.00000000000003,46.90000000000004,41.20000000000002,52.00000000000003,47.60000000000008,54.90000000000007
79800,26,43.1000000000001,49.50000000000002,48.30000000000003,38.00000000000003,52.10000000000003,49.800000000000026,54.40000000000009,50.500000000000064
79800,27,59.400000000000134,52.10000000000003,48.90000000000004,53.60000000000005,48.30000000000003,52.20000000000003,42.9000000000001,50.70000000000007
79800,28,51.20000000000013,52.00000000000003,50.500000000000036,54.10000000000006,50.400000000000034,50.10000000000003,51.300000000000104,44.00000000000006
79800,29,30.800000000000097,47.700000000000024,50.30000000000003,48.70000000000004,49.90000000000003,49.700000000000024,53.50000000000008,53.50000000000005
80400,0,35.0000000000001,49.700000000000024,52.30000000000003,50.90000000000004,49.700000000000024,52.10000000000003,51.70000000000008,49.60000000000005
80400,1,44.9000000000001,48.00000000000003,38.10000000000003,46.500000000000036,52.00000000000003,49.60000000000002,53.80000000000008,54.10000000000006
80400,2,53.600000000000165,52.30000000000003,49.60000000000005,51.50000000000005,53.100000000000044,46.20000000000003,56.30000000000012,55.60000000000008
80400,3,53.30000000000013,52.30000000000003,49.200000000000045,53.70000000000005,52.90000000000004,48.10000000000003,45.50000000000011,52.70000000000007
80400,4,39.400000000000134,51.90000000000003,51.100000000000044,53.200000000000045,52.500000000000036,52.30000000000003,58.100000000000115,53.300000000000075
80400,5,55.80000000000014,52.60000000000004,46.90000000000004,49.800000000000054,50.70000000000004,50.30000000000003,53.80000000000011,55.200000000000074
80400,6,56.000000000000114,52.00000000000003,50.500000000000036,49.200000000000045,47.700000000000024,48.00000000000003,35.60000000000008,47.800000000000054
80400,7,54.000000000000114,47.100000000000016,49.90000000000003,50.80000000000004,52.00000000000003,45.700000000000024,17.100000000000072,48.20000000000006
80400,8,37.90000000000011,45.30000000000002,48.70000000000004,50.90000000000004,49.800000000000026,49.800000000000026,54.30000000000009,50.70000000000007
80400,9,55.20000000000013,52.400000000000034,52.70000000000004,50.60000000000004,52.00000000000003,51.90000000000003,42.10000000000009,36.30000000000006
80400,10,53.10000000000013,52.400000000000034,42.30000000000003,51.900000000000055,50.30000000000003,50.500000000000036,56.000000000000114,50.70000000000007
80400,11,32.600000000000094,45.60000000000002,51.60000000000002,53.70000000000005,49.800000000000026,49.60000000000002,51.900000000000084,52.00000000000006
80400,12,50.300000000000146,46.30000000000003,50.500000000000036,52.30000000000006,52.60000000000004,52.60000000000004,58.30000000000012,51.200000000000074
80400,13,45.80000000000011,50.20000000000003,52.60000000000004,35.800000000000026,47.60000000000002,52.30000000000003,54.9000000000001,53.00000000000007
80400,14,49.70000000000011,50.10000000000003,52.60000000000004,47.60000000000005,39.40000000000002,49.800000000000026,48.8000000000001,48.30000000000006
80400,15,52.90000000000013,52.20000000000003,52.60000000000004,53.50000000000005,52.70000000000004,50.20000000000003,53.60000000000011,36.20000000000006
80400,16,53.20000000000013,50.10000000000003,53.40000000000005,51.00000000000004,52.30000000000003,44.00000000000003,38.9000000000001,51.300000000000075
80400,17,54.70000000000015,52.20000000000003,49.50000000000005,42.70000000000004,41.700000000000024,50.70000000000004,51.300000000000104,55.10000000000007
80400,18,45.20000000000013,50.10000000000003,51.100000000000044,51.200000000000045,52.10000000000003,50.30000000000003,54.8000000000001,52.500000000000064
80400,19,59.600000000000136,52.20000000000003,52.70000000000004,54.00000000000006,50.30000000000003,48.30000000000003,49.2000000000001,37.50000000000005
80400,20,43.80000000000014,52.400000000000034,52.90000000000004,51.800000000000054,48.30000000000003,50.400000000000034,57.90000000000011,53.10000000000007
80400,21,40.30000000000009,36.90000000000001,48.30000000000003,49.00000000000004,52.20000000000003,51.800000000000026,56.20000000000009,48.10000000000006
80400,22,57.10000000000013,50.30000000000003,53.200000000000045,53.200000000000045,50.10000000000003,48.30000000000003,34.000000000000085,49.60000000000008
80400,23,57.500000000000135,52.30000000000003,46.400000000000034,53.40000000000005,50.60000000000004,48.10000000000003,46.9000000000001,40.30000000000006
80400,24,46.00000000000014,50.60000000000004,51.00000000000004,51.60000000000005,52.60000000000004,52.30000000000003,55.50000000000011,54.80000000000007
80400,25,48.20000000000012,47.90000000000003,42.10000000000003,46.90000000000004,41.20000000000002,52.00000000000003,47.60000000000008,54.90000000000007
80400,26,43.1000000000001,49.50000000000002,48.400000000000034,38.00000000000003,52.10000000000003,49.800000000000026,54.40000000000009,50.500000000000064
80400,27,59.400000000000134,52.10000000000003,49.00000000000004,53.60000000000005,48.30000000000003,52.20000000000003,42.9000000000001,50.70000000000007
80400,28,51.20000000000013,52.00000000000003,50.60000000000004,54.10000000000006,50.400000000000034,50.10000000000003,51.300000000000104,44.00000000000006
80400,29,30.800000000000097,47.700000000000024,50.400000000000034,48.70000000000004,49.90000000000003,49.700000000000024,53.50000000000008,53.50000000000005
81000,0,35.0000000000001,49.800000000000026,52.30000000000003,51.00000000000004,49.700000000000024,52.10000000000003,51.70000000000008,49.60000000000005
81000,1,44.9000000000001,48.10000000000003,38.10000000000003,46.60000000000004,52.00000000000003,49.60000000000002,53.80000000000008,54.10000000000006
81000,2,53.600000000000165,52.30000000000003,49.60000000000005,51.50000000000005,53.100000000000044,46.20000000000003,56.30000000000012,55.60000000000008
81000,3,53.30000000000013,52.400000000000034,49.200000000000045,53.800000000000054,52.90000000000004,48.10000000000003,45.50000000000011,52.70000000000007
81000,4,39.400000000000134,52.00000000000003,51.100000000000044,53.30000000000005,52.500000000000036,52.30000000000003,58.100000000000115,53.300000000000075
81000,5,55.80000000000014,50.60000000000004,46.90000000000004,49.900000000000055,50.70000000000004,50.30000000000003,53.80000000000011,55.200000000000074
81000,6,56.000000000000114,52.10000000000003,50.500000000000036,49.30000000000005,47.700000000000024,48.00000000000003,35.60000000000008,47.800000000000054
81000,7,54.000000000000114,47.20000000000002,49.90000000000003,50.90000000000004,52.00000000000003,45.700000000000024,17.100000000000072,48.20000000000006
81000,8,37.90000000000011,45.40000000000002,48.70000000000004,51.00000000000004,49.800000000000026,49.800000000000026,54.30000000000009,50.70000000000007
81000,9,55.20000000000013,52.500000000000036,52.70000000000004,50.70000000000004,52.00000000000003,51.90000000000003,42.10000000000009,36.30000000000006
81000,10,53.10000000000013,52.500000000000036,42.30000000000003,52.00000000000006,50.30000000000003,50.500000000000036,56.000000000000114,50.70000000000007
81000,11,32.600000000000094,45.700000000000024,51.60000000000002,53.800000000000054,49.800000000000026,49.60000000000002,51.900000000000084,52.00000000000006
81000,12,50.300000000000146,46.30000000000003,50.500000000000036,50.30000000000006,52.60000000000004,52.60000000000004,58.30000000000012,51.200000000000074
81000,13,45.80000000000011,50.30000000000003,52.60000000000004,35.90000000000003,47.60000000000002,52.30000000000003,54.9000000000001,53.00000000000007
81000,14,49.70000000000011,50.20000000000003,52.60000000000004,47.70000000000005,39.40000000000002,49.800000000000026,48.8000000000001,48.30000000000006
81000,15,52.90000000000013,52.30000000000003,52.60000000000004,53.60000000000005,52.70000000000004,50.20000000000003,53.60000000000011,36.20000000000006
81000,16,53.20000000000013,50.20000000000003,53.40000000000005,51.100000000000044,52.30000000000003,44.00000000000003,38.9000000000001,51.300000000000075
81000,17,54.70000000000015,52.30000000000003,49.50000000000005,42.80000000000004,41.700000000000024,50.70000000000004,51.300000000000104,55.10000000000007
81000,18,45.20000000000013,50.20000000000003,51.100000000000044,51.30000000000005,52.10000000000003,50.30000000000003,54.8000000000001,52.500000000000064
81000,19,59.600000000000136,52.30000000000003,52.70000000000004,54.10000000000006,50.30000000000003,48.30000000000003,49.2000000000001,37.50000000000005
81000,20,43.80000000000014,52.500000000000036,52.90000000000004,51.900000000000055,48.30000000000003,50.400000000000034,57.90000000000011,53.10000000000007
81000,21,40.30000000000009,37.000000000000014,48.30000000000003,49.100000000000044,52.20000000000003,51.800000000000026,56.20000000000009,48.10000000000006
81000,22,57.10000000000013,50.400000000000034,53.200000000000045,53.30000000000005,50.10000000000003,48.30000000000003,34.000000000000085,49.60000000000008
81000,23,57.500000000000135,52.400000000000034,46.400000000000034,53.50000000000005,50.60000000000004,48.10000000000003,46.9000000000001,40.30000000000006
81000,24,46.00000000000014,50.70000000000004,51.00000000000004,51.70000000000005,52.60000000000004,52.30000000000003,55.50000000000011,54.80000000000007
81000,25,48.20000000000012,48.00000000000003,42.10000000000003,47.00000000000004,41.20000000000002,52.00000000000003,47.60000000000008,54.90000000000007
81000,26,43.1000000000001,49.60000000000002,48.400000000000034,38.10000000000003,52.10000000000003,49.800000000000026,54.40000000000009,50.500000000000064
81000,27,59.400000000000134,52.20000000000003,49.00000000000004,53.70000000000005,48.30000000000003,52.20000000000003,42.9000000000001,50.70000000000007
81000,28,51.20000000000013,52.10000000000003,50.60000000000004,54.20000000000006,50.400000000000034,50.10000000000003,51.300000000000104,44.00000000000006
81000,29,30.800000000000097,47.800000000000026,50.400000000000034,48.80000000000004,49.90000000000003,49.700000000000024,53.50000000000008,53.50000000000005
81600,0,35.0000000000001,49.800000000000026,52.30000000000003,51.00000000000004,49.700000000000024,52.10000000000003,51.80000000000008,49.60000000000005
81600,1,44.9000000000001,48.10000000000003,38.10000000000003,46.60000000000004,52.00000000000003,49.60000000000002,53.900000000000084,54.10000000000006
81600,2,53.600000000000165,52.30000000000003,49.60000000000005,51.50000000000005,53.100000000000044,46.20000000000003,56.40000000000012,55.60000000000008
81600,3,53.30000000000013,52.400000000000034,49.200000000000045,53.800000000000054,52.90000000000004,48.10000000000003,45.60000000000011,52.70000000000007
81600,4,39.400000000000134,52.00000000000003,51.100000000000044,53.30000000000005,52.500000000000036,52.30000000000003,58.20000000000012,53.300000000000075
81600,5,55.80000000000014,50.60000000000004,46.90000000000004,49.900000000000055,50.70000000000004,50.30000000000003,53.80000000000011,55.200000000000074
81600,6,56.000000000000114,52.10000000000003,50.500000000000036,49.30000000000005,47.700000000000024,48.00000000000003,33.60000000000008,47.800000000000054
81600,7,54.000000000000114,47.20000000000002,49.90000000000003,50.90000000000004,52.00000000000003,45.700000000000024,17.200000000000074,48.20000000000006
81600,8,37.90000000000011,45.40000000000002,48.70000000000004,51.00000000000004,49.800000000000026,49.800000000000026,54.40000000000009,50.70000000000007
81600,9,55.20000000000013,52.500000000000036,52.70000000000004,50.70000000000004,52.00000000000003,51.90000000000003,42.20000000000009,36.30000000000006
81600,10,53.10000000000013,52.500000000000036,42.30000000000003,52.00000000000006,50.30000000000003,50.500000000000036,56.100000000000115,50.70000000000007
81600,11,32.600000000000094,45.700000000000024,51.60000000000002,53.800000000000054,49.800000000000026,49.60000000000002,52.000000000000085,52.00000000000006
81600,12,50.300000000000146,46.30000000000003,50.500000000000036,50.30000000000006,52.60000000000004,52.60000000000004,58.30000000000012,51.200000000000074
81600,13,45.80000000000011,50.30000000000003,52.60000000000004,35.90000000000003,47.60000000000002,52.30000000000003,55.0000000000001,53.00000000000007
81600,14,49.70000000000011,50.20000000000003,52.60000000000004,47.70000000000005,39.40000000000002,49.800000000000026,48.9000000000001,48.30000000000006
81600,15,52.90000000000013,52.30000000000003,52.60000000000004,53.60000000000005,52.70000000000004,50.20000000000003,53.70000000000011,36.20000000000006
81600,16,53.20000000000013,50.20000000000003,53.40000000000005,51.100000000000044,52.30000000000003,44.00000000000003,39.0000000000001,51.300000000000075
81600,17,54.70000000000015,52.30000000000003,49.50000000000005,42.80000000000004,41.700000000000024,50.70000000000004,51.400000000000105,55.10000000000007
81600,18,45.20000000000013,50.20000000000003,51.100000000000044,51.30000000000005,52.10000000000003,50.30000000000003,54.9000000000001,52.500000000000064
81600,19,59.600000000000136,52.30000000000003,52.70000000000004,54.10000000000006,50.30000000000003,48.30000000000003,49.300000000000104,37.50000000000005
81600,20,43.80000000000014,52.500000000000036,52.90000000000004,51.900000000000055,48.30000000000003,50.400000000000034,58.000000000000114,53.10000000000007
81600,21,40.30000000000009,37.000000000000014,48.30000000000003,49.100000000000044,52.20000000000003,51.800000000000026,56.30000000000009,48.10000000000006
81600,22,57.10000000000013,50.400000000000034,53.200000000000045,53.30000000000005,50.10000000000003,48.30000000000003,34.10000000000009,49.60000000000008
81600,23,57.500000000000135,52.400000000000034,46.400000000000034,53.50000000000005,50.60000000000004,48.10000000000003,47.0000000000001,40.30000000000006
81600,24,46.00000000000014,50.70000000000004,51.00000000000004,51.70000000000005,52.60000000000004,52.30000000000003,55.60000000000011,54.80000000000007
81600,25,48.20000000000012,48.00000000000003,42.10000000000003,47.00000000000004,41.20000000000002,52.00000000000003,47.70000000000008,54.90000000000007
81600,26,43.1000000000001,49.60000000000002,48.400000000000034,38.10000000000003,52.10000000000003,49.800000000000026,54.50000000000009,50.500000000000064
81600,27,59.400000000000134,52.20000000000003,49.00000000000004,53.70000000000005,48.30000000000003,52.20000000000003,43.0000000000001,50.70000000000007
81600,28,51.20000000000013,52.10000000000003,50.60000000000004,54.20000000000006,50.400000000000034,50.10000000000003,51.400000000000105,44.00000000000006
81600,29,30.800000000000097,47.800000000000026,50.400000000000034,48.80000000000004,49.90000000000003,49.700000000000024,53.60000000000008,53.50000000000005
82200,0,35.1000000000001,49.800000000000026,52.30000000000003,51.00000000000004,49.700000000000024,52.10000000000003,49.80000000000008,49.60000000000005
82200,1,45.0000000000001,48.10000000000003,38.10000000000003,46.60000000000004,52.00000000000003,49.60000000000002,54.10000000000009,54.10000000000006
82200,2,53.700000000000166,52.30000000000003,49.60000000000005,51.50000000000005,53.100000000000044,46.20000000000003,56.60000000000012,55.60000000000008
82200,3,53.400000000000134,52.400000000000034,49.200000000000045,53.800000000000054,52.90000000000004,48.10000000000003,45.80000000000011,52.70000000000007
82200,4,39.500000000000135,52.00000000000003,51.100000000000044,53.30000000000005,52.500000000000036,52.30000000000003,58.40000000000012,53.300000000000075
82200,5,55.90000000000014,50.60000000000004,46.90000000000004,49.900000000000055,50.70000000000004,50.30000000000003,54.000000000000114,55.200000000000074
82200,6,56.000000000000114,52.10000000000003,50.500000000000036,49.30000000000005,47.700000000000024,48.00000000000003,31.60000000000008,47.800000000000054
82200,7,54.100000000000115,47.20000000000002,49.90000000000003,50.90000000000004,52.00000000000003,45.700000000000024,17.400000000000077,48.20000000000006
82200,8,38.000000000000114,45.40000000000002,48.70000000000004,51.00000000000004,49.800000000000026,49.800000000000026,54.600000000000094,50.70000000000007
82200,9,55.30000000000013,52.500000000000036,52.70000000000004,50.70000000000004,52.00000000000003,51.90000000000003,42.40000000000009,36.30000000000006
82200,10,53.20000000000013,52.500000000000036,42.30000000000003,52.00000000000006,50.30000000000003,50.500000000000036,56.30000000000012,50.70000000000007
82200,11,32.700000000000095,45.700000000000024,51.60000000000002,53.800000000000054,49.800000000000026,49.60000000000002,52.20000000000009,52.00000000000006
82200,12,50.40000000000015,46.30000000000003,50.500000000000036,50.30000000000006,52.60000000000004,52.60000000000004,58.50000000000012,51.200000000000074
82200,13,45.90000000000011,50.30000000000003,52.60000000000004,35.90000000000003,47.60000000000002,52.30000000000003,55.2000000000001,53.00000000000007
82200,14,49.80000000000011,50.20000000000003,52.60000000000004,47.70000000000005,39.40000000000002,49.800000000000026,49.1000000000001,48.30000000000006
82200,15,53.00000000000013,52.30000000000003,52.60000000000004,53.60000000000005,52.70000000000004,50.20000000000003,53.90000000000011,36.20000000000006
82200,16,53.30000000000013,50.20000000000003,53.40000000000005,51.100000000000044,52.30000000000003,44.00000000000003,39.2000000000001,51.300000000000075
82200,17,54.80000000000015,52.30000000000003,49.50000000000005,42.80000000000004,41.700000000000024,50.70000000000004,51.60000000000011,55.10000000000007
82200,18,45.30000000000013,50.20000000000003,51.100000000000044,51.30000000000005,52.10000000000003,50.30000000000003,55.1000000000001,52.500000000000064
82200,19,59.70000000000014,52.30000000000003,52.70000000000004,54.10000000000006,50.30000000000003,48.30000000000003,49.50000000000011,37.50000000000005
82200,20,41.80000000000014,52.500000000000036,52.90000000000004,51.900000000000055,48.30000000000003,50.400000000000034,58.000000000000114,53.10000000000007
82200,21,40.40000000000009,37.000000000000014,48.30000000000003,49.100000000000044,52.20000000000003,51.800000000000026,56.50000000000009,48.10000000000006
82200,22,57.20000000000013,50.400000000000034,53.200000000000045,53.30000000000005,50.10000000000003,48.30000000000003,34.30000000000009,49.60000000000008
82200,23,57.600000000000136,52.400000000000034,46.400000000000034,53.50000000000005,50.60000000000004,48.10000000000003,47.2000000000001,40.30000000000006
82200,24,46.10000000000014,50.70000000000004,51.00000000000004,51.70000000000005,52.60000000000004,52.30000000000003,55.80000000000011,54.80000000000007
82200,25,48.30000000000012,48.00000000000003,42.10000000000003,47.00000000000004,41.20000000000002,52.00000000000003,47.900000000000084,54.90000000000007
82200,26,43.2000000000001,49.60000000000002,48.400000000000034,38.10000000000003,52.10000000000003,49.800000000000026,54.700000000000095,50.500000000000064
82200,27,59.500000000000135,52.20000000000003,49.00000000000004,53.70000000000005,48.30000000000003,52.20000000000003,43.2000000000001,50.70000000000007
82200,28,51.30000000000013,52.10000000000003,50.60000000000004,54.20000000000006,50.400000000000034,50.10000000000003,51.60000000000011,44.00000000000006
82200,29,30.900000000000098,47.800000000000026,50.400000000000034,48.80000000000004,49.90000000000003,49.700000000000024,53.80000000000008,53.50000000000005
82800,0,35.1000000000001,49.800000000000026,52.30000000000003,51.00000000000004,49.700000000000024,52.10000000000003,49.80000000000008,49.60000000000005
82800,1,45.0000000000001,48.10000000000003,38.10000000000003,46.70000000000004,52.00000000000003,49.700000000000024,54.10000000000009,54.10000000000006
82800,2,53.700000000000166,52.30000000000003,49.60000000000005,51.60000000000005,53.100000000000044,44.20000000000003,56.60000000000012,55.60000000000008
82800,3,53.400000000000134,52.400000000000034,49.200000000000045,53.900000000000055,52.90000000000004,48.20000000000003,45.80000000000011,52.70000000000007
82800,4,39.500000000000135,52.00000000000003,51.100000000000044,53.40000000000005,52.500000000000036,52.400000000000034,58.40000000000012,53.300000000000075
82800,5,55.90000000000014,50.60000000000004,46.90000000000004,50.00000000000006,50.70000000000004,50.400000000000034,54.000000000000114,55.200000000000074
82800,6,56.000000000000114,52.10000000000003,50.500000000000036,49.30000000000005,47.700000000000024,48.00000000000003,31.60000000000008,47.800000000000054
82800,7,54.100000000000115,47.20000000000002,49.90000000000003,51.00000000000004,52.00000000000003,45.800000000000026,17.400000000000077,48.20000000000006
82800,8,38.000000000000114,45.40000000000002,48.70000000000004,51.100000000000044,49.800000000000026,49.90000000000003,54.600000000000094,50.70000000000007
82800,9,55.30000000000013,52.500000000000036,52.70000000000004,50.80000000000004,52.00000000000003,52.00000000000003,42.40000000000009,36.30000000000006
82800,10,53.20000000000013,52.500000000000036,42.30000000000003,52.10000000000006,50.30000000000003,50.60000000000004,56.30000000000012,50.70000000000007
82800,11,32.700000000000095,45.700000000000024,51.60000000000002,53.900000000000055,49.800000000000026,49.700000000000024,52.20000000000009,52.00000000000006
82800,12,50.40000000000015,46.30000000000003,50.500000000000036,50.40000000000006,52.60000000000004,52.70000000000004,58.50000000000012,51.200000000000074
82800,13,45.90000000000011,50.30000000000003,52.60000000000004,36.00000000000003,47.60000000000002,52.400000000000034,55.2000000000001,53.00000000000007
82800,14,49.80000000000011,50.20000000000003,52.60000000000004,45.70000000000005,39.40000000000002,49.800000000000026,49.1000000000001,48.30000000000006
82800,15,53.00000000000013,52.30000000000003,52.60000000000004,53.70000000000005,52.70000000000004,50.30000000000003,53.90000000000011,36.20000000000006
82800,16,53.30000000000013,50.20000000000003,53.40000000000005,51.200000000000045,52.30000000000003,44.10000000000003,39.2000000000001,51.300000000000075
82800,17,54.80000000000015,52.30000000000003,49.50000000000005,42.90000000000004,41.700000000000024,50.80000000000004,51.60000000000011,55.10000000000007
82800,18,45.30000000000013,50.20000000000003,51.100000000000044,51.40000000000005,52.10000000000003,50.400000000000034,55.1000000000001,52.500000000000064
82800,19,59.70000000000014,52.30000000000003,52.70000000000004,54.20000000000006,50.30000000000003,48.400000000000034,49.50000000000011,37.50000000000005
82800,20,41.80000000000014,52.500000000000036,52.90000000000004,51.900000000000055,48.30000000000003,50.400000000000034,58.000000000000114,53.10000000000007
82800,21,40.40000000000009,37.000000000000014,48.30000000000003,49.200000000000045,52.20000000000003,51.90000000000003,56.50000000000009,48.10000000000006
82800,22,57.20000000000013,50.400000000000034,53.200000000000045,53.40000000000005,50.10000000000003,48.400000000000034,34.30000000000009,49.60000000000008
82800,23,57.600000000000136,52.400000000000034,46.400000000000034,53.60000000000005,50.60000000000004,48.20000000000003,47.2000000000001,40.30000000000006
82800,24,46.10000000000014,50.70000000000004,51.00000000000004,51.800000000000054,52.60000000000004,52.400000000000034,55.80000000000011,54.80000000000007
82800,25,48.30000000000012,48.00000000000003,42.10000000000003,47.100000000000044,41.20000000000002,52.10000000000003,47.900000000000084,54.90000000000007
82800,26,43.2000000000001,49.60000000000002,48.400000000000034,38.20000000000003,52.10000000000003,49.90000000000003,54.700000000000095,50.500000000000064
82800,27,59.500000000000135,52.20000000000003,49.00000000000004,53.800000000000054,48.30000000000003,52.30000000000003,43.2000000000001,50.70000000000007
82800,28,51.30000000000013,52.10000000000003,50.60000000000004,54.30000000000006,50.400000000000034,50.20000000000003,51.60000000000011,44.00000000000006
82800,29,30.900000000000098,47.800000000000026,50.400000000000034,48.90000000000004,49.90000000000003,49.800000000000026,53.80000000000008,53.50000000000005
83400,0,35.1000000000001,49.800000000000026,52.30000000000003,51.00000000000004,49.700000000000024,52.10000000000003,49.80000000000008,49.60000000000005
83400,1,45.0000000000001,48.10000000000003,38.10000000000003,46.70000000000004,52.00000000000003,49.700000000000024,54.20000000000009,54.10000000000006
83400,2,53.700000000000166,52.30000000000003,49.60000000000005,51.60000000000005,53.100000000000044,44.20000000000003,56.700000000000124,55.60000000000008
83400,3,53.400000000000134,52.400000000000034,49.200000000000045,53.900000000000055,52.90000000000004,48.20000000000003,45.90000000000011,52.70000000000007
83400,4,39.500000000000135,52.00000000000003,51.100000000000044,53.40000000000005,52.500000000000036,52.400000000000034,58.50000000000012,53.300000000000075
83400,5,55.90000000000014,50.60000000000004,46.90000000000004,50.00000000000006,50.70000000000004,50.400000000000034,54.100000000000115,55.200000000000074
83400,6,56.000000000000114,52.10000000000003,50.500000000000036,49.30000000000005,47.700000000000024,48.00000000000003,31.70000000000008,47.800000000000054
83400,7,54.100000000000115,47.20000000000002,49.90000000000003,51.00000000000004,52.00000000000003,45.800000000000026,17.500000000000078,48.20000000000006
83400,8,38.000000000000114,45.40000000000002,48.70000000000004,51.100000000000044,49.800000000000026,49.90000000000003,54.700000000000095,50.70000000000007
83400,9,55.30000000000013,52.500000000000036,52.70000000000004,50.80000000000004,52.00000000000003,52.00000000000003,42.50000000000009,36.30000000000006
83400,10,53.20000000000013,52.500000000000036,42.30000000000003,52.10000000000006,50.30000000000003,50.60000000000004,56.40000000000012,50.70000000000007
83400,11,32.700000000000095,45.700000000000024,51.60000000000002,53.900000000000055,49.800000000000026,49.700000000000024,52.30000000000009,52.00000000000006
83400,12,50.40000000000015,46.30000000000003,50.500000000000036,50.40000000000006,52.60000000000004,52.70000000000004,58.60000000000012,51.200000000000074
83400,13,45.90000000000011,50.30000000000003,52.60000000000004,36.00000000000003,47.60000000000002,52.400000000000034,55.300000000000104,53.00000000000007
83400,14,49.80000000000011,50.20000000000003,52.60000000000004,45.70000000000005,39.40000000000002,49.800000000000026,49.1000000000001,48.30000000000006
83400,15,53.00000000000013,52.30000000000003,52.60000000000004,53.70000000000005,52.70000000000004,50.30000000000003,54.000000000000114,36.20000000000006
83400,16,53.30000000000013,50.20000000000003,53.40000000000005,51.200000000000045,52.30000000000003,44.10000000000003,39.300000000000104,51.300000000000075
83400,17,54.80000000000015,52.30000000000003,49.50000000000005,42.90000000000004,41.700000000000024,50.80000000000004,51.70000000000011,55.10000000000007
83400,18,45.30000000000013,50.20000000000003,51.100000000000044,51.40000000000005,52.10000000000003,50.400000000000034,55.2000000000001,52.500000000000064
83400,19,59.70000000000014,52.30000000000003,52.70000000000004,54.20000000000006,50.30000000000003,48.400000000000034,49.60000000000011,37.50000000000005
83400,20,41.80000000000014,52.500000000000036,52.90000000000004,51.900000000000055,48.30000000000003,50.400000000000034,58.100000000000115,53.10000000000007
83400,21,40.40000000000009,37.000000000000014,48.30000000000003,49.200000000000045,52.20000000000003,51.90000000000003,56.600000000000094,48.10000000000006
83400,22,57.20000000000013,50.400000000000034,53.200000000000045,53.40000000000005,50.10000000000003,48.400000000000034,34.40000000000009,49.60000000000008
83400,23,57.600000000000136,52.400000000000034,46.400000000000034,53.60000000000005,50.60000000000004,48.20000000000003,47.300000000000104,40.30000000000006
83400,24,46.10000000000014,50.70000000000004,51.00000000000004,51.800000000000054,52.60000000000004,52.400000000000034,55.90000000000011,54.80000000000007
83400,25,48.30000000000012,48.00000000000003,42.10000000000003,47.100000000000044,41.20000000000002,52.10000000000003,48.000000000000085,54.90000000000007
83400,26,43.2000000000001,49.60000000000002,48.400000000000034,38.20000000000003,52.10000000000003,49.90000000000003,54.8000000000001,50.500000000000064
83400,27,59.500000000000135,52.20000000000003,49.00000000000004,53.800000000000054,48.30000000000003,52.30000000000003,43.300000000000104,50.70000000000007
83400,28,51.30000000000013,52.10000000000003,50.60000000000004,54.30000000000006,50.400000000000034,50.20000000000003,49.60000000000011,44.00000000000006
83400,29,30.900000000000098,47.800000000000026,50.400000000000034,48.90000000000004,49.90000000000003,49.800000000000026,53.900000000000084,53.50000000000005
84000,0,35.1000000000001,49.800000000000026,52.30000000000003,51.00000000000004,49.700000000000024,52.10000000000003,49.80000000000008,49.60000000000005
84000,1,45.0000000000001,48.10000000000003,38.10000000000003,46.70000000000004,52.00000000000003,49.700000000000024,54.20000000000009,54.10000000000006
84000,2,53.700000000000166,52.30000000000003,49.60000000000005,51.60000000000005,53.100000000000044,44.20000000000003,56.700000000000124,55.60000000000008
84000,3,53.400000000000134,52.400000000000034,49.200000000000045,53.900000000000055,52.90000000000004,48.20000000000003,45.90000000000011,52.70000000000007
84000,4,39.500000000000135,52.00000000000003,51.100000000000044,53.40000000000005,52.500000000000036,52.400000000000034,58.50000000000012,53.300000000000075
84000,5,55.90000000000014,50.60000000000004,46.90000000000004,50.00000000000006,50.70000000000004,50.400000000000034,54.100000000000115,55.200000000000074
84000,6,56.000000000000114,52.10000000000003,50.500000000000036,49.30000000000005,47.700000000000024,48.00000000000003,31.70000000000008,47.800000000000054
84000,7,54.100000000000115,47.20000000000002,49.90000000000003,51.00000000000004,52.00000000000003,45.800000000000026,17.500000000000078,48.20000000000006
84000,8,38.000000000000114,45.40000000000002,48.70000000000004,51.100000000000044,49.800000000000026,49.90000000000003,54.700000000000095,50.70000000000007
84000,9,55.30000000000013,52.500000000000036,52.70000000000004,50.80000000000004,52.00000000000003,52.00000000000003,42.50000000000009,36.30000000000006
84000,10,53.20000000000013,52.500000000000036,42.30000000000003,52.10000000000006,50.30000000000003,50.60000000000004,56.40000000000012,50.70000000000007
84000,11,32.700000000000095,45.700000000000024,51.60000000000002,53.900000000000055,49.800000000000026,49.700000000000024,52.30000000000009,52.00000000000006
84000,12,50.40000000000015,46.30000000000003,50.500000000000036,50.40000000000006,52.60000000000004,52.70000000000004,58.60000000000012,51.200000000000074
84000,13,45.90000000000011,50.30000000000003,52.60000000000004,36.00000000000003,47.60000000000002,52.400000000000034,55.300000000000104,53.00000000000007
84000,14,49.80000000000011,50.20000000000003,52.60000000000004,45.70000000000005,39.40000000000002,49.800000000000026,49.1000000000001,48.30000000000006
84000,15,53.00000000000013,52.30000000000003,52.60000000000004,53.70000000000005,52.70000000000004,50.30000000000003,54.000000000000114,36.20000000000006
84000,16,53.30000000000013,50.20000000000003,53.40000000000005,51.200000000000045,52.30000000000003,44.10000000000003,39.300000000000104,51.300000000000075
84000,17,54.80000000000015,52.30000000000003,49.50000000000005,42.90000000000004,41.700000000000024,50.80000000000004,51.70000000000011,55.10000000000007
84000,18,45.30000000000013,50.20000000000003,51.100000000000044,51.40000000000005,52.10000000000003,50.400000000000034,55.2000000000001,52.500000000000064
84000,19,59.70000000000014,52.30000000000003,52.70000000000004,54.20000000000006,50.30000000000003,48.400000000000034,49.60000000000011,37.50000000000005
84000,20,41.80000000000014,52.500000000000036,52.90000000000004,51.900000000000055,48.30000000000003,50.400000000000034,58.100000000000115,53.10000000000007
84000,21,40.40000000000009,37.000000000000014,48.30000000000003,49.200000000000045,52.20000000000003,51.90000000000003,56.600000000000094,48.10000000000006
84000,22,57.20000000000013,50.400000000000034,53.200000000000045,53.40000000000005,50.10000000000003,48.400000000000034,34.40000000000009,49.60000000000008
84000,23,57.600000000000136,52.400000000000034,46.400000000000034,53.60000000000005,50.60000000000004,48.20000000000003,47.300000000000104,40.30000000000006
84000,24,46.10000000000014,50.70000000000004,51.00000000000004,51.800000000000054,52.60000000000004,52.400000000000034,55.90000000000011,54.80000000000007
84000,25,48.30000000000012,48.00000000000003,42.10000000000003,47.100000000000044,41.20000000000002,52.10000000000003,48.000000000000085,54.90000000000007
84000,26,43.2000000000001,49.60000000000002,48.400000000000034,38.20000000000003,52.10000000000003,49.90000000000003,54.8000000000001,50.500000000000064
84000,27,59.500000000000135,52.20000000000003,49.00000000000004,53.800000000000054,48.30000000000003,52.30000000000003,43.300000000000104,50.70000000000007
84000,28,51.30000000000013,52.10000000000003,50.60000000000004,54.30000000000006,50.400000000000034,50.20000000000003,49.60000000000011,44.00000000000006
84000,29,30.900000000000098,47.800000000000026,50.400000000000034,48.90000000000004,49.90000000000003,49.800000000000026,53.900000000000084,53.50000000000005
84600,0,35.300000000000104,49.800000000000026,52.30000000000003,51.00000000000004,49.700000000000024,52.20000000000003,49.80000000000008,49.60000000000005
84600,1,45.2000000000001,48.10000000000003,38.10000000000003,46.70000000000004,52.00000000000003,49.800000000000026,54.20000000000009,54.10000000000006
84600,2,53.90000000000017,52.30000000000003,49.60000000000005,51.60000000000005,53.100000000000044,44.30000000000003,56.700000000000124,55.60000000000008
84600,3,53.600000000000136,52.400000000000034,49.200000000000045,53.900000000000055,52.90000000000004,48.30000000000003,45.90000000000011,52.70000000000007
84600,4,39.70000000000014,52.00000000000003,51.100000000000044,53.40000000000005,52.500000000000036,52.500000000000036,58.50000000000012,53.300000000000075
84600,5,56.10000000000014,50.60000000000004,46.90000000000004,50.00000000000006,50.70000000000004,50.500000000000036,54.100000000000115,55.200000000000074
84600,6,56.20000000000012,52.10000000000003,50.500000000000036,49.30000000000005,47.700000000000024,48.10000000000003,31.70000000000008,47.800000000000054
84600,7,54.30000000000012,47.20000000000002,49.90000000000003,51.00000000000004,52.00000000000003,45.90000000000003,17.500000000000078,48.20000000000006
84600,8,36.000000000000114,45.40000000000002,48.70000000000004,51.100000000000044,49.800000000000026,49.90000000000003,54.700000000000095,50.70000000000007
84600,9,55.500000000000135,52.500000000000036,52.70000000000004,50.80000000000004,52.00000000000003,52.10000000000003,42.50000000000009,36.30000000000006
84600,10,53.400000000000134,52.500000000000036,42.30000000000003,52.10000000000006,50.30000000000003,50.70000000000004,56.40000000000012,50.70000000000007
84600,11,32.9000000000001,45.700000000000024,51.60000000000002,53.900000000000055,49.800000000000026,49.800000000000026,52.30000000000009,52.00000000000006
84600,12,50.60000000000015,46.30000000000003,50.500000000000036,50.40000000000006,52.60000000000004,52.80000000000004,58.60000000000012,51.200000000000074
84600,13,44.000000000000114,50.30000000000003,52.60000000000004,36.00000000000003,47.60000000000002,52.400000000000034,55.300000000000104,53.00000000000007
84600,14,50.000000000000114,50.20000000000003,52.60000000000004,45.70000000000005,39.40000000000002,49.90000000000003,49.1000000000001,48.30000000000006
84600,15,53.20000000000013,52.30000000000003,52.60000000000004,53.70000000000005,52.70000000000004,50.400000000000034,54.000000000000114,36.20000000000006
84600,16,53.500000000000135,50.20000000000003,53.40000000000005,51.200000000000045,52.30000000000003,44.20000000000003,39.300000000000104,51.300000000000075
84600,17,55.000000000000156,52.30000000000003,49.50000000000005,42.90000000000004,41.700000000000024,50.90000000000004,51.70000000000011,55.10000000000007
84600,18,45.500000000000135,50.20000000000003,51.100000000000044,51.40000000000005,52.10000000000003,50.500000000000036,55.2000000000001,52.500000000000064
84600,19,59.90000000000014,52.30000000000003,52.70000000000004,54.20000000000006,50.30000000000003,48.500000000000036,49.60000000000011,37.50000000000005
84600,20,42.00000000000014,52.500000000000036,52.90000000000004,51.900000000000055,48.30000000000003,50.500000000000036,58.100000000000115,53.10000000000007
84600,21,40.600000000000094,37.000000000000014,48.30000000000003,49.200000000000045,52.20000000000003,52.00000000000003,56.600000000000094,48.10000000000006
84600,22,57.400000000000134,50.400000000000034,53.200000000000045,53.40000000000005,50.10000000000003,48.500000000000036,34.40000000000009,49.60000000000008
84600,23,57.80000000000014,52.400000000000034,46.400000000000034,53.60000000000005,50.60000000000004,48.30000000000003,47.300000000000104,40.30000000000006
84600,24,46.300000000000146,50.70000000000004,51.00000000000004,51.800000000000054,52.60000000000004,52.500000000000036,55.90000000000011,54.80000000000007
84600,25,48.50000000000012,48.00000000000003,42.10000000000003,47.100000000000044,41.20000000000002,52.20000000000003,48.000000000000085,54.90000000000007
84600,26,43.400000000000105,49.60000000000002,48.400000000000034,38.20000000000003,52.10000000000003,47.90000000000003,54.8000000000001,50.500000000000064
84600,27,59.70000000000014,52.20000000000003,49.00000000000004,53.800000000000054,48.30000000000003,52.400000000000034,43.300000000000104,50.70000000000007
84600,28,51.500000000000135,52.10000000000003,50.60000000000004,54.30000000000006,50.400000000000034,50.30000000000003,49.60000000000011,44.00000000000006
84600,29,31.1000000000001,47.800000000000026,50.400000000000034,48.90000000000004,49.90000000000003,49.90000000000003,53.900000000000084,53.50000000000005
85200,0,35.400000000000105,49.800000000000026,52.30000000000003,51.00000000000004,49.700000000000024,52.20000000000003,49.80000000000008,49.60000000000005
85200,1,45.300000000000104,48.10000000000003,38.10000000000003,46.70000000000004,52.00000000000003,49.800000000000026,54.20000000000009,54.10000000000006
85200,2,54.00000000000017,52.30000000000003,49.60000000000005,51.60000000000005,53.100000000000044,44.30000000000003,56.700000000000124,55.60000000000008
85200,3,53.70000000000014,52.400000000000034,49.200000000000045,53.900000000000055,52.90000000000004,48.30000000000003,45.90000000000011,52.70000000000007
85200,4,39.80000000000014,52.00000000000003,51.100000000000044,53.40000000000005,52.500000000000036,52.500000000000036,58.50000000000012,53.300000000000075
85200,5,56.200000000000145,50.60000000000004,46.90000000000004,50.00000000000006,50.70000000000004,50.500000000000036,54.100000000000115,55.200000000000074
85200,6,56.30000000000012,52.10000000000003,50.500000000000036,49.30000000000005,47.700000000000024,48.10000000000003,31.70000000000008,47.800000000000054
85200,7,54.40000000000012,47.20000000000002,49.90000000000003,51.00000000000004,52.00000000000003,45.90000000000003,17.500000000000078,48.20000000000006
85200,8,36.000000000000114,45.40000000000002,48.70000000000004,51.100000000000044,49.800000000000026,49.90000000000003,54.700000000000095,50.70000000000007
85200,9,55.600000000000136,52.500000000000036,52.70000000000004,50.80000000000004,52.00000000000003,52.10000000000003,42.50000000000009,36.30000000000006
85200,10,53.500000000000135,52.500000000000036,42.30000000000003,52.10000000000006,50.30000000000003,50.70000000000004,56.40000000000012,50.70000000000007
85200,11,33.0000000000001,45.700000000000024,51.60000000000002,53.900000000000055,49.800000000000026,49.800000000000026,52.30000000000009,52.00000000000006
85200,12,50.70000000000015,46.30000000000003,50.500000000000036,50.40000000000006,52.60000000000004,52.80000000000004,58.60000000000012,51.200000000000074
85200,13,44.000000000000114,50.30000000000003,52.60000000000004,36.00000000000003,47.60000000000002,52.400000000000034,55.300000000000104,53.00000000000007
85200,14,50.100000000000115,50.20000000000003,52.60000000000004,45.70000000000005,39.40000000000002,49.90000000000003,49.1000000000001,48.30000000000006
85200,15,53.30000000000013,52.30000000000003,52.60000000000004,53.70000000000005,52.70000000000004,50.400000000000034,54.000000000000114,36.20000000000006
85200,16,53.600000000000136,50.20000000000003,53.40000000000005,51.200000000000045,52.30000000000003,44.20000000000003,39.300000000000104,51.300000000000075
85200,17,55.10000000000016,52.30000000000003,49.50000000000005,42.90000000000004,41.700000000000024,50.90000000000004,51.70000000000011,55.10000000000007
85200,18,45.600000000000136,50.20000000000003,51.100000000000044,51.40000000000005,52.10000000000003,50.500000000000036,55.2000000000001,52.500000000000064
85200,19,60.00000000000014,52.30000000000003,52.70000000000004,54.20000000000006,50.30000000000003,48.500000000000036,49.60000000000011,37.50000000000005
85200,20,40.00000000000014,52.500000000000036,52.90000000000004,51.900000000000055,48.30000000000003,50.500000000000036,58.100000000000115,53.10000000000007
85200,21,40.700000000000095,37.000000000000014,48.30000000000003,49.200000000000045,52.20000000000003,52.00000000000003,56.600000000000094,48.10000000000006
85200,22,57.500000000000135,50.400000000000034,53.200000000000045,53.40000000000005,50.10000000000003,48.500000000000036,34.40000000000009,49.60000000000008
85200,23,57.90000000000014,52.400000000000034,46.400000000000034,53.60000000000005,50.60000000000004,48.30000000000003,47.300000000000104,40.30000000000006
85200,24,46.40000000000015,50.70000000000004,51.00000000000004,51.800000000000054,52.60000000000004,52.500000000000036,55.90000000000011,54.80000000000007
85200,25,48.60000000000012,48.00000000000003,42.10000000000003,47.100000000000044,41.20000000000002,52.20000000000003,48.000000000000085,54.90000000000007
85200,26,43.50000000000011,49.60000000000002,48.400000000000034,38.20000000000003,52.10000000000003,47.90000000000003,54.8000000000001,50.500000000000064
85200,27,59.80000000000014,52.20000000000003,49.00000000000004,53.800000000000054,48.30000000000003,52.400000000000034,43.300000000000104,50.70000000000007
85200,28,51.600000000000136,52.10000000000003,50.60000000000004,54.30000000000006,50.400000000000034,50.30000000000003,49.60000000000011,44.00000000000006
85200,29,31.200000000000102,47.800000000000026,50.400000000000034,48.90000000000004,49.90000000000003,49.90000000000003,53.900000000000084,53.50000000000005
85800,0,35.400000000000105,49.800000000000026,52.30000000000003,51.00000000000004,49.700000000000024,52.20000000000003,49.80000000000008,49.60000000000005
85800,1,45.300000000000104,48.10000000000003,38.10000000000003,46.70000000000004,52.00000000000003,49.800000000000026,54.20000000000009,54.10000000000006
85800,2,54.00000000000017,52.30000000000003,49.60000000000005,51.60000000000005,53.100000000000044,44.30000000000003,56.700000000000124,55.60000000000008
85800,3,53.70000000000014,52.400000000000034,49.200000000000045,53.900000000000055,52.90000000000004,48.30000000000003,45.90000000000011,52.70000000000007
85800,4,39.80000000000014,52.00000000000003,51.100000000000044,53.40000000000005,52.500000000000036,52.500000000000036,58.50000000000012,53.300000000000075
85800,5,56.200000000000145,50.60000000000004,46.90000000000004,50.00000000000006,50.70000000000004,50.500000000000036,54.100000000000115,55.200000000000074
85800,6,56.30000000000012,52.10000000000003,50.500000000000036,49.30000000000005,47.700000000000024,48.10000000000003,31.70000000000008,47.800000000000054
85800,7,54.40000000000012,47.20000000000002,49.90000000000003,51.00000000000004,52.00000000000003,45.90000000000003,17.500000000000078,48.20000000000006
85800,8,36.000000000000114,45.40000000000002,48.70000000000004,51.100000000000044,49.800000000000026,49.90000000000003,54.700000000000095,50.70000000000007
85800,9,55.600000000000136,52.500000000000036,52.70000000000004,50.80000000000004,52.00000000000003,52.10000000000003,42.50000000000009,36.30000000000006
85800,10,53.500000000000135,52.500000000000036,42.30000000000003,52.10000000000006,50.30000000000003,50.70000000000004,56.40000000000012,50.70000000000007
85800,11,33.0000000000001,45.700000000000024,51.60000000000002,53.900000000000055,49.800000000000026,49.800000000000026,52.30000000000009,52.00000000000006
85800,12,50.70000000000015,46.30000000000003,50.500000000000036,50.40000000000006,52.60000000000004,52.80000000000004,58.60000000000012,51.200000000000074
85800,13,44.000000000000114,50.30000000000003,52.60000000000004,36.00000000000003,47.60000000000002,52.400000000000034,55.300000000000104,53.00000000000007
85800,14,50.100000000000115,50.20000000000003,52.60000000000004,45.70000000000005,39.40000000000002,49.90000000000003,49.1000000000001,48.30000000000006
85800,15,53.30000000000013,52.30000000000003,52.60000000000004,53.70000000000005,52.70000000000004,50.400000000000034,54.000000000000114,36.20000000000006
85800,16,53.600000000000136,50.20000000000003,53.40000000000005,51.200000000000045,52.30000000000003,44.20000000000003,39.300000000000104,51.300000000000075
85800,17,55.10000000000016,52.30000000000003,49.50000000000005,42.90000000000004,41.700000000000024,50.90000000000004,51.70000000000011,55.10000000000007
85800,18,45.600000000000136,50.20000000000003,51.100000000000044,51.40000000000005,52.10000000000003,50.500000000000036,55.2000000000001,52.500000000000064
85800,19,60.00000000000014,52.30000000000003,52.70000000000004,54.20000000000006,50.30000000000003,48.500000000000036,49.60000000000011,37.50000000000005
85800,20,40.00000000000014,52.500000000000036,52.90000000000004,51.900000000000055,48.30000000000003,50.500000000000036,58.100000000000115,53.10000000000007
85800,21,40.700000000000095,37.000000000000014,48.30000000000003,49.200000000000045,52.20000000000003,52.00000000000003,56.600000000000094,48.10000000000006
85800,22,57.500000000000135,50.400000000000034,53.200000000000045,53.40000000000005,50.10000000000003,48.500000000000036,34.40000000000009,49.60000000000008
85800,23,57.90000000000014,52.400000000000034,46.400000000000034,53.60000000000005,50.60000000000004,48.30000000000003,47.300000000000104,40.30000000000006
85800,24,46.40000000000015,50.70000000000004,51.00000000000004,51.800000000000054,52.60000000000004,52.500000000000036,55.90000000000011,54.80000000000007
85800,25,48.60000000000012,48.00000000000003,42.10000000000003,47.100000000000044,41.20000000000002,52.20000000000003,48.000000000000085,54.90000000000007
85800,26,43.50000000000011,49.60000000000002,48.400000000000034,38.20000000000003,52.10000000000003,47.90000000000003,54.8000000000001,50.500000000000064
85800,27,59.80000000000014,52.20000000000003,49.00000000000004,53.800000000000054,48.30000000000003,52.400000000000034,43.300000000000104,50.70000000000007
85800,28,51.600000000000136,52.10000000000003,50.60000000000004,54.30000000000006,50.400000000000034,50.30000000000003,49.60000000000011,44.00000000000006
85800,29,31.200000000000102,47.800000000000026,50.400000000000034,48.90000000000004,49.90000000000003,49.90000000000003,53.900000000000084,53.50000000000005
86400,0,35.400000000000105,49.800000000000026,52.30000000000003,51.00000000000004,49.700000000000024,52.20000000000003,49.80000000000008,49.60000000000005
86400,1,45.300000000000104,48.10000000000003,38.10000000000003,46.70000000000004,52.00000000000003,49.800000000000026,54.20000000000009,54.10000000000006
86400,2,54.00000000000017,52.30000000000003,49.60000000000005,51.60000000000005,53.100000000000044,44.30000000000003,56.700000000000124,55.60000000000008
86400,3,53.70000000000014,52.400000000000034,49.200000000000045,53.900000000000055,52.90000000000004,48.30000000000003,45.90000000000011,52.70000000000007
86400,4,39.80000000000014,52.00000000000003,51.100000000000044,53.40000000000005,52.500000000000036,52.500000000000036,58.50000000000012,53.300000000000075
86400,5,56.200000000000145,50.60000000000004,46.90000000000004,50.00000000000006,50.70000000000004,50.500000000000036,54.100000000000115,55.200000000000074
86400,6,56.30000000000012,52.10000000000003,50.500000000000036,49.30000000000005,47.700000000000024,48.10000000000003,31.70000000000008,47.800000000000054
86400,7,54.40000000000012,47.20000000000002,49.90000000000003,51.00000000000004,52.00000000000003,45.90000000000003,17.500000000000078,48.20000000000006
86400,8,36.000000000000114,45.40000000000002,48.70000000000004,51.100000000000044,49.800000000000026,49.90000000000003,54.700000000000095,50.70000000000007
86400,9,55.600000000000136,52.500000000000036,52.70000000000004,50.80000000000004,52.00000000000003,52.10000000000003,42.50000000000009,36.30000000000006
86400,10,53.500000000000135,52.500000000000036,42.30000000000003,52.10000000000006,50.30000000000003,50.70000000000004,56.40000000000012,50.70000000000007
86400,11,33.0000000000001,45.700000000000024,51.60000000000002,53.900000000000055,49.800000000000026,49.800000000000026,52.30000000000009,52.00000000000006
86400,12,50.70000000000015,46.30000000000003,50.500000000000036,50.40000000000006,52.60000000000004,52.80000000000004,58.60000000000012,51.200000000000074
86400,13,44.000000000000114,50.30000000000003,52.60000000000004,36.00000000000003,47.60000000000002,52.400000000000034,55.300000000000104,53.00000000000007
86400,14,50.100000000000115,50.20000000000003,52.60000000000004,45.70000000000005,39.40000000000002,49.90000000000003,49.1000000000001,48.30000000000006
86400,15,53.30000000000013,52.30000000000003,52.60000000000004,53.70000000000005,52.70000000000004,50.400000000000034,54.000000000000114,36.20000000000006
86400,16,53.600000000000136,50.20000000000003,53.40000000000005,51.200000000000045,52.30000000000003,44.20000000000003,39.300000000000104,51.300000000000075
86400,17,55.10000000000016,52.30000000000003,49.50000000000005,42.90000000000004,41.700000000000024,50.90000000000004,51.70000000000011,55.10000000000007
86400,18,45.600000000000136,50.20000000000003,51.100000000000044,51.40000000000005,52.10000000000003,50.500000000000036,55.2000000000001,52.500000000000064
86400,19,60.00000000000014,52.30000000000003,52.70000000000004,54.20000000000006,50.30000000000003,48.500000000000036,49.60000000000011,37.50000000000005
86400,20,40.00000000000014,52.500000000000036,52.90000000000004,51.900000000000055,48.30000000000003,50.500000000000036,58.100000000000115,53.10000000000007
86400,21,40.700000000000095,37.000000000000014,48.30000000000003,49.200000000000045,52.20000000000003,52.00000000000003,56.600000000000094,48.10000000000006
86400,22,57.500000000000135,50.400000000000034,53.200000000000045,53.40000000000005,50.10000000000003,48.500000000000036,34.40000000000009,49.60000000000008
86400,23,57.90000000000014,52.400000000000034,46.400000000000034,53.60000000000005,50.60000000000004,48.30000000000003,47.300000000000104,40.30000000000006
86400,24,46.40000000000015,50.70000000000004,51.00000000000004,51.800000000000054,52.60000000000004,52.500000000000036,55.90000000000011,54.80000000000007
86400,25,48.60000000000012,48.00000000000003,42.10000000000003,47.100000000000044,41.20000000000002,52.20000000000003,48.000000000000085,54.90000000000007
86400,26,43.50000000000011,49.60000000000002,48.400000000000034,38.20000000000003,52.10000000000003,47.90000000000003,54.8000000000001,50.500000000000064
86400,27,59.80000000000014,52.20000000000003,49.00000000000004,53.800000000000054,48.30000000000003,52.400000000000034,43.300000000000104,50.70000000000007
86400,28,51.600000000000136,52.10000000000003,50.60000000000004,54.30000000000006,50.400000000000034,50.30000000000003,49.60000000000011,44.00000000000006
86400,29,31.200000000000102,47.800000000000026,50.400000000000034,48.90000000000004,49.90000000000003,49.90000000000003,53.900000000000084,53.50000000000005
